subject,run,story_id,audio_path,audio_duration_s,events_path,meg_json_path,meg_fif_path,trig_start_s,trig_end_s,run_duration_s,duration_diff_s,sampling_frequency_hz,missing_start_trigger,auditory_delay_s,time_align_shift_s
01,10,10,stimuli/audio/story_10.wav,240.0,derivatives/preprocessed_data/sub-01/MEG/sub-01_task-RDR_run-10_events.tsv,derivatives/preprocessed_data/sub-01/MEG/sub-01_task-RDR_run-10_meg.json,derivatives/preprocessed_data/sub-01/MEG/sub-01_task-RDR_run-10_meg.fif,13.806,253.737,239.931,0.069,1000.0,False,0.0395,10.65
01,11,11,stimuli/audio/story_11.wav,398.336,derivatives/preprocessed_data/sub-01/MEG/sub-01_task-RDR_run-11_events.tsv,derivatives/preprocessed_data/sub-01/MEG/sub-01_task-RDR_run-11_meg.json,derivatives/preprocessed_data/sub-01/MEG/sub-01_task-RDR_run-11_meg.fif,6.623,404.971,398.348,-0.012,1000.0,False,0.0395,10.65
01,12,12,stimuli/audio/story_12.wav,351.712,derivatives/preprocessed_data/sub-01/MEG/sub-01_task-RDR_run-12_events.tsv,derivatives/preprocessed_data/sub-01/MEG/sub-01_task-RDR_run-12_meg.json,derivatives/preprocessed_data/sub-01/MEG/sub-01_task-RDR_run-12_meg.fif,6.94,358.655,351.715,-0.003,1000.0,False,0.0395,10.65
01,13,13,stimuli/audio/story_13.wav,323.744,derivatives/preprocessed_data/sub-01/MEG/sub-01_task-RDR_run-13_events.tsv,derivatives/preprocessed_data/sub-01/MEG/sub-01_task-RDR_run-13_meg.json,derivatives/preprocessed_data/sub-01/MEG/sub-01_task-RDR_run-13_meg.fif,10.632,334.353,323.721,0.023,1000.0,False,0.0395,10.65
01,14,14,stimuli/audio/story_14.wav,318.992,derivatives/preprocessed_data/sub-01/MEG/sub-01_task-RDR_run-14_events.tsv,derivatives/preprocessed_data/sub-01/MEG/sub-01_task-RDR_run-14_meg.json,derivatives/preprocessed_data/sub-01/MEG/sub-01_task-RDR_run-14_meg.fif,8.624,327.584,318.96,0.032,1000.0,False,0.0395,10.65
01,15,15,stimuli/audio/story_15.wav,307.712,derivatives/preprocessed_data/sub-01/MEG/sub-01_task-RDR_run-15_events.tsv,derivatives/preprocessed_data/sub-01/MEG/sub-01_task-RDR_run-15_meg.json,derivatives/preprocessed_data/sub-01/MEG/sub-01_task-RDR_run-15_meg.fif,7.555,315.248,307.693,0.019,1000.0,False,0.0395,10.65
01,16,16,stimuli/audio/story_16.wav,294.496,derivatives/preprocessed_data/sub-01/MEG/sub-01_task-RDR_run-16_events.tsv,derivatives/preprocessed_data/sub-01/MEG/sub-01_task-RDR_run-16_meg.json,derivatives/preprocessed_data/sub-01/MEG/sub-01_task-RDR_run-16_meg.fif,7.288,301.744,294.456,0.04,1000.0,False,0.0395,10.65
01,17,17,stimuli/audio/story_17.wav,280.0,derivatives/preprocessed_data/sub-01/MEG/sub-01_task-RDR_run-17_events.tsv,derivatives/preprocessed_data/sub-01/MEG/sub-01_task-RDR_run-17_meg.json,derivatives/preprocessed_data/sub-01/MEG/sub-01_task-RDR_run-17_meg.fif,10.996,290.966,279.97,0.03,1000.0,False,0.0395,10.65
01,18,18,stimuli/audio/story_18.wav,274.48,derivatives/preprocessed_data/sub-01/MEG/sub-01_task-RDR_run-18_events.tsv,derivatives/preprocessed_data/sub-01/MEG/sub-01_task-RDR_run-18_meg.json,derivatives/preprocessed_data/sub-01/MEG/sub-01_task-RDR_run-18_meg.fif,10.426,284.853,274.427,0.053,1000.0,False,0.0395,10.65
01,19,19,stimuli/audio/story_19.wav,263.648,derivatives/preprocessed_data/sub-01/MEG/sub-01_task-RDR_run-19_events.tsv,derivatives/preprocessed_data/sub-01/MEG/sub-01_task-RDR_run-19_meg.json,derivatives/preprocessed_data/sub-01/MEG/sub-01_task-RDR_run-19_meg.fif,5.919,269.521,263.602,0.046,1000.0,False,0.0395,10.65
01,1,01,stimuli/audio/story_1.wav,406.416,derivatives/preprocessed_data/sub-01/MEG/sub-01_task-RDR_run-1_events.tsv,derivatives/preprocessed_data/sub-01/MEG/sub-01_task-RDR_run-1_meg.json,derivatives/preprocessed_data/sub-01/MEG/sub-01_task-RDR_run-1_meg.fif,13.726,420.168,406.442,-0.026,1000.0,False,0.0395,10.65
01,20,20,stimuli/audio/story_20.wav,240.224,derivatives/preprocessed_data/sub-01/MEG/sub-01_task-RDR_run-20_events.tsv,derivatives/preprocessed_data/sub-01/MEG/sub-01_task-RDR_run-20_meg.json,derivatives/preprocessed_data/sub-01/MEG/sub-01_task-RDR_run-20_meg.fif,10.53,250.701,240.171,0.053,1000.0,False,0.0395,10.65
01,21,21,stimuli/audio/story_21.wav,393.488,derivatives/preprocessed_data/sub-01/MEG/sub-01_task-RDR_run-21_events.tsv,derivatives/preprocessed_data/sub-01/MEG/sub-01_task-RDR_run-21_meg.json,derivatives/preprocessed_data/sub-01/MEG/sub-01_task-RDR_run-21_meg.fif,15.078,408.594,393.516,-0.028,1000.0,False,0.0395,10.65
01,22,22,stimuli/audio/story_22.wav,345.232,derivatives/preprocessed_data/sub-01/MEG/sub-01_task-RDR_run-22_events.tsv,derivatives/preprocessed_data/sub-01/MEG/sub-01_task-RDR_run-22_meg.json,derivatives/preprocessed_data/sub-01/MEG/sub-01_task-RDR_run-22_meg.fif,8.48,353.712,345.232,0.0,1000.0,False,0.0395,10.65
01,23,23,stimuli/audio/story_23.wav,322.608,derivatives/preprocessed_data/sub-01/MEG/sub-01_task-RDR_run-23_events.tsv,derivatives/preprocessed_data/sub-01/MEG/sub-01_task-RDR_run-23_meg.json,derivatives/preprocessed_data/sub-01/MEG/sub-01_task-RDR_run-23_meg.fif,5.661,328.231,322.57,0.038,1000.0,False,0.0395,10.65
01,24,24,stimuli/audio/story_24.wav,315.68,derivatives/preprocessed_data/sub-01/MEG/sub-01_task-RDR_run-24_events.tsv,derivatives/preprocessed_data/sub-01/MEG/sub-01_task-RDR_run-24_meg.json,derivatives/preprocessed_data/sub-01/MEG/sub-01_task-RDR_run-24_meg.fif,5.627,321.283,315.656,0.024,1000.0,False,0.0395,10.65
01,25,25,stimuli/audio/story_25.wav,304.896,derivatives/preprocessed_data/sub-01/MEG/sub-01_task-RDR_run-25_events.tsv,derivatives/preprocessed_data/sub-01/MEG/sub-01_task-RDR_run-25_meg.json,derivatives/preprocessed_data/sub-01/MEG/sub-01_task-RDR_run-25_meg.fif,6.731,311.593,304.862,0.034,1000.0,False,0.0395,10.65
01,26,26,stimuli/audio/story_26.wav,295.024,derivatives/preprocessed_data/sub-01/MEG/sub-01_task-RDR_run-26_events.tsv,derivatives/preprocessed_data/sub-01/MEG/sub-01_task-RDR_run-26_meg.json,derivatives/preprocessed_data/sub-01/MEG/sub-01_task-RDR_run-26_meg.fif,16.165,311.172,295.007,0.017,1000.0,False,0.0395,10.65
01,27,27,stimuli/audio/story_27.wav,284.848,derivatives/preprocessed_data/sub-01/MEG/sub-01_task-RDR_run-27_events.tsv,derivatives/preprocessed_data/sub-01/MEG/sub-01_task-RDR_run-27_meg.json,derivatives/preprocessed_data/sub-01/MEG/sub-01_task-RDR_run-27_meg.fif,7.954,292.756,284.802,0.046,1000.0,False,0.0395,10.65
01,28,28,stimuli/audio/story_28.wav,274.928,derivatives/preprocessed_data/sub-01/MEG/sub-01_task-RDR_run-28_events.tsv,derivatives/preprocessed_data/sub-01/MEG/sub-01_task-RDR_run-28_meg.json,derivatives/preprocessed_data/sub-01/MEG/sub-01_task-RDR_run-28_meg.fif,10.612,285.509,274.897,0.031,1000.0,False,0.0395,10.65
01,29,29,stimuli/audio/story_29.wav,265.504,derivatives/preprocessed_data/sub-01/MEG/sub-01_task-RDR_run-29_events.tsv,derivatives/preprocessed_data/sub-01/MEG/sub-01_task-RDR_run-29_meg.json,derivatives/preprocessed_data/sub-01/MEG/sub-01_task-RDR_run-29_meg.fif,4.833,270.286,265.453,0.051,1000.0,False,0.0395,10.65
01,2,02,stimuli/audio/story_2.wav,352.576,derivatives/preprocessed_data/sub-01/MEG/sub-01_task-RDR_run-2_events.tsv,derivatives/preprocessed_data/sub-01/MEG/sub-01_task-RDR_run-2_meg.json,derivatives/preprocessed_data/sub-01/MEG/sub-01_task-RDR_run-2_meg.fif,7.797,360.363,352.566,0.01,1000.0,False,0.0395,10.65
01,30,30,stimuli/audio/story_30.wav,240.624,derivatives/preprocessed_data/sub-01/MEG/sub-01_task-RDR_run-30_events.tsv,derivatives/preprocessed_data/sub-01/MEG/sub-01_task-RDR_run-30_meg.json,derivatives/preprocessed_data/sub-01/MEG/sub-01_task-RDR_run-30_meg.fif,6.38,246.94,240.56,0.064,1000.0,False,0.0395,10.65
01,31,31,stimuli/audio/story_31.wav,379.232,derivatives/preprocessed_data/sub-01/MEG/sub-01_task-RDR_run-31_events.tsv,derivatives/preprocessed_data/sub-01/MEG/sub-01_task-RDR_run-31_meg.json,derivatives/preprocessed_data/sub-01/MEG/sub-01_task-RDR_run-31_meg.fif,7.196,386.424,379.228,0.004,1000.0,False,0.0395,10.65
01,32,32,stimuli/audio/story_32.wav,335.84,derivatives/preprocessed_data/sub-01/MEG/sub-01_task-RDR_run-32_events.tsv,derivatives/preprocessed_data/sub-01/MEG/sub-01_task-RDR_run-32_meg.json,derivatives/preprocessed_data/sub-01/MEG/sub-01_task-RDR_run-32_meg.fif,15.092,350.909,335.817,0.023,1000.0,False,0.0395,10.65
01,33,33,stimuli/audio/story_33.wav,321.6,derivatives/preprocessed_data/sub-01/MEG/sub-01_task-RDR_run-33_events.tsv,derivatives/preprocessed_data/sub-01/MEG/sub-01_task-RDR_run-33_meg.json,derivatives/preprocessed_data/sub-01/MEG/sub-01_task-RDR_run-33_meg.fif,10.292,331.883,321.591,0.009,1000.0,False,0.0395,10.65
01,34,34,stimuli/audio/story_34.wav,310.832,derivatives/preprocessed_data/sub-01/MEG/sub-01_task-RDR_run-34_events.tsv,derivatives/preprocessed_data/sub-01/MEG/sub-01_task-RDR_run-34_meg.json,derivatives/preprocessed_data/sub-01/MEG/sub-01_task-RDR_run-34_meg.fif,16.726,327.541,310.815,0.017,1000.0,False,0.0395,10.65
01,35,35,stimuli/audio/story_35.wav,304.816,derivatives/preprocessed_data/sub-01/MEG/sub-01_task-RDR_run-35_events.tsv,derivatives/preprocessed_data/sub-01/MEG/sub-01_task-RDR_run-35_meg.json,derivatives/preprocessed_data/sub-01/MEG/sub-01_task-RDR_run-35_meg.fif,6.203,310.984,304.781,0.035,1000.0,False,0.0395,10.65
01,36,36,stimuli/audio/story_36.wav,296.432,derivatives/preprocessed_data/sub-01/MEG/sub-01_task-RDR_run-36_events.tsv,derivatives/preprocessed_data/sub-01/MEG/sub-01_task-RDR_run-36_meg.json,derivatives/preprocessed_data/sub-01/MEG/sub-01_task-RDR_run-36_meg.fif,6.418,302.825,296.407,0.025,1000.0,False,0.0395,10.65
01,37,37,stimuli/audio/story_37.wav,288.416,derivatives/preprocessed_data/sub-01/MEG/sub-01_task-RDR_run-37_events.tsv,derivatives/preprocessed_data/sub-01/MEG/sub-01_task-RDR_run-37_meg.json,derivatives/preprocessed_data/sub-01/MEG/sub-01_task-RDR_run-37_meg.fif,8.623,296.987,288.364,0.052,1000.0,False,0.0395,10.65
01,38,38,stimuli/audio/story_38.wav,275.632,derivatives/preprocessed_data/sub-01/MEG/sub-01_task-RDR_run-38_events.tsv,derivatives/preprocessed_data/sub-01/MEG/sub-01_task-RDR_run-38_meg.json,derivatives/preprocessed_data/sub-01/MEG/sub-01_task-RDR_run-38_meg.fif,7.321,282.918,275.597,0.035,1000.0,False,0.0395,10.65
01,39,39,stimuli/audio/story_39.wav,269.728,derivatives/preprocessed_data/sub-01/MEG/sub-01_task-RDR_run-39_events.tsv,derivatives/preprocessed_data/sub-01/MEG/sub-01_task-RDR_run-39_meg.json,derivatives/preprocessed_data/sub-01/MEG/sub-01_task-RDR_run-39_meg.fif,9.188,278.883,269.695,0.033,1000.0,False,0.0395,10.65
01,3,03,stimuli/audio/story_3.wav,320.0,derivatives/preprocessed_data/sub-01/MEG/sub-01_task-RDR_run-3_events.tsv,derivatives/preprocessed_data/sub-01/MEG/sub-01_task-RDR_run-3_meg.json,derivatives/preprocessed_data/sub-01/MEG/sub-01_task-RDR_run-3_meg.fif,17.411,337.381,319.97,0.03,1000.0,False,0.0395,10.65
01,40,40,stimuli/audio/story_40.wav,255.552,derivatives/preprocessed_data/sub-01/MEG/sub-01_task-RDR_run-40_events.tsv,derivatives/preprocessed_data/sub-01/MEG/sub-01_task-RDR_run-40_meg.json,derivatives/preprocessed_data/sub-01/MEG/sub-01_task-RDR_run-40_meg.fif,6.157,261.644,255.487,0.065,1000.0,False,0.0395,10.65
01,41,41,stimuli/audio/story_41.wav,368.0,derivatives/preprocessed_data/sub-01/MEG/sub-01_task-RDR_run-41_events.tsv,derivatives/preprocessed_data/sub-01/MEG/sub-01_task-RDR_run-41_meg.json,derivatives/preprocessed_data/sub-01/MEG/sub-01_task-RDR_run-41_meg.fif,7.908,375.901,367.993,0.007,1000.0,False,0.0395,10.65
01,42,42,stimuli/audio/story_42.wav,332.304,derivatives/preprocessed_data/sub-01/MEG/sub-01_task-RDR_run-42_events.tsv,derivatives/preprocessed_data/sub-01/MEG/sub-01_task-RDR_run-42_meg.json,derivatives/preprocessed_data/sub-01/MEG/sub-01_task-RDR_run-42_meg.fif,6.975,339.25,332.275,0.029,1000.0,False,0.0395,10.65
01,43,43,stimuli/audio/story_43.wav,320.192,derivatives/preprocessed_data/sub-01/MEG/sub-01_task-RDR_run-43_events.tsv,derivatives/preprocessed_data/sub-01/MEG/sub-01_task-RDR_run-43_meg.json,derivatives/preprocessed_data/sub-01/MEG/sub-01_task-RDR_run-43_meg.fif,14.979,335.159,320.18,0.012,1000.0,False,0.0395,10.65
01,44,44,stimuli/audio/story_44.wav,308.976,derivatives/preprocessed_data/sub-01/MEG/sub-01_task-RDR_run-44_events.tsv,derivatives/preprocessed_data/sub-01/MEG/sub-01_task-RDR_run-44_meg.json,derivatives/preprocessed_data/sub-01/MEG/sub-01_task-RDR_run-44_meg.fif,7.112,316.056,308.944,0.032,1000.0,False,0.0395,10.65
01,45,45,stimuli/audio/story_45.wav,301.264,derivatives/preprocessed_data/sub-01/MEG/sub-01_task-RDR_run-45_events.tsv,derivatives/preprocessed_data/sub-01/MEG/sub-01_task-RDR_run-45_meg.json,derivatives/preprocessed_data/sub-01/MEG/sub-01_task-RDR_run-45_meg.fif,14.692,315.942,301.25,0.014,1000.0,False,0.0395,10.65
01,46,46,stimuli/audio/story_46.wav,298.4,derivatives/preprocessed_data/sub-01/MEG/sub-01_task-RDR_run-46_events.tsv,derivatives/preprocessed_data/sub-01/MEG/sub-01_task-RDR_run-46_meg.json,derivatives/preprocessed_data/sub-01/MEG/sub-01_task-RDR_run-46_meg.fif,8.316,306.674,298.358,0.042,1000.0,False,0.0395,10.65
01,47,47,stimuli/audio/story_47.wav,288.976,derivatives/preprocessed_data/sub-01/MEG/sub-01_task-RDR_run-47_events.tsv,derivatives/preprocessed_data/sub-01/MEG/sub-01_task-RDR_run-47_meg.json,derivatives/preprocessed_data/sub-01/MEG/sub-01_task-RDR_run-47_meg.fif,8.122,297.066,288.944,0.032,1000.0,False,0.0395,10.65
01,48,48,stimuli/audio/story_48.wav,275.76,derivatives/preprocessed_data/sub-01/MEG/sub-01_task-RDR_run-48_events.tsv,derivatives/preprocessed_data/sub-01/MEG/sub-01_task-RDR_run-48_meg.json,derivatives/preprocessed_data/sub-01/MEG/sub-01_task-RDR_run-48_meg.fif,8.484,284.212,275.728,0.032,1000.0,False,0.0395,10.65
01,49,49,stimuli/audio/story_49.wav,273.392,derivatives/preprocessed_data/sub-01/MEG/sub-01_task-RDR_run-49_events.tsv,derivatives/preprocessed_data/sub-01/MEG/sub-01_task-RDR_run-49_meg.json,derivatives/preprocessed_data/sub-01/MEG/sub-01_task-RDR_run-49_meg.fif,5.506,278.862,273.356,0.036,1000.0,False,0.0395,10.65
01,4,04,stimuli/audio/story_4.wav,319.184,derivatives/preprocessed_data/sub-01/MEG/sub-01_task-RDR_run-4_events.tsv,derivatives/preprocessed_data/sub-01/MEG/sub-01_task-RDR_run-4_meg.json,derivatives/preprocessed_data/sub-01/MEG/sub-01_task-RDR_run-4_meg.fif,10.593,329.763,319.17,0.014,1000.0,False,0.0395,10.65
01,50,50,stimuli/audio/story_50.wav,256.272,derivatives/preprocessed_data/sub-01/MEG/sub-01_task-RDR_run-50_events.tsv,derivatives/preprocessed_data/sub-01/MEG/sub-01_task-RDR_run-50_meg.json,derivatives/preprocessed_data/sub-01/MEG/sub-01_task-RDR_run-50_meg.fif,6.42,262.638,256.218,0.054,1000.0,False,0.0395,10.65
01,51,51,stimuli/audio/story_51.wav,352.608,derivatives/preprocessed_data/sub-01/MEG/sub-01_task-RDR_run-51_events.tsv,derivatives/preprocessed_data/sub-01/MEG/sub-01_task-RDR_run-51_meg.json,derivatives/preprocessed_data/sub-01/MEG/sub-01_task-RDR_run-51_meg.fif,10.28,362.875,352.595,0.013,1000.0,False,0.0395,10.65
01,52,52,stimuli/audio/story_52.wav,323.088,derivatives/preprocessed_data/sub-01/MEG/sub-01_task-RDR_run-52_events.tsv,derivatives/preprocessed_data/sub-01/MEG/sub-01_task-RDR_run-52_meg.json,derivatives/preprocessed_data/sub-01/MEG/sub-01_task-RDR_run-52_meg.fif,7.982,331.053,323.071,0.017,1000.0,False,0.0395,10.65
01,53,53,stimuli/audio/story_53.wav,324.608,derivatives/preprocessed_data/sub-01/MEG/sub-01_task-RDR_run-53_events.tsv,derivatives/preprocessed_data/sub-01/MEG/sub-01_task-RDR_run-53_meg.json,derivatives/preprocessed_data/sub-01/MEG/sub-01_task-RDR_run-53_meg.fif,7.374,331.956,324.582,0.026,1000.0,False,0.0395,10.65
01,54,54,stimuli/audio/story_54.wav,308.4,derivatives/preprocessed_data/sub-01/MEG/sub-01_task-RDR_run-54_events.tsv,derivatives/preprocessed_data/sub-01/MEG/sub-01_task-RDR_run-54_meg.json,derivatives/preprocessed_data/sub-01/MEG/sub-01_task-RDR_run-54_meg.fif,8.785,317.159,308.374,0.026,1000.0,False,0.0395,10.65
01,55,55,stimuli/audio/story_55.wav,300.672,derivatives/preprocessed_data/sub-01/MEG/sub-01_task-RDR_run-55_events.tsv,derivatives/preprocessed_data/sub-01/MEG/sub-01_task-RDR_run-55_meg.json,derivatives/preprocessed_data/sub-01/MEG/sub-01_task-RDR_run-55_meg.fif,6.845,307.494,300.649,0.023,1000.0,False,0.0395,10.65
01,56,56,stimuli/audio/story_56.wav,298.88,derivatives/preprocessed_data/sub-01/MEG/sub-01_task-RDR_run-56_events.tsv,derivatives/preprocessed_data/sub-01/MEG/sub-01_task-RDR_run-56_meg.json,derivatives/preprocessed_data/sub-01/MEG/sub-01_task-RDR_run-56_meg.fif,9.278,308.127,298.849,0.031,1000.0,False,0.0395,10.65
01,57,57,stimuli/audio/story_57.wav,290.0,derivatives/preprocessed_data/sub-01/MEG/sub-01_task-RDR_run-57_events.tsv,derivatives/preprocessed_data/sub-01/MEG/sub-01_task-RDR_run-57_meg.json,derivatives/preprocessed_data/sub-01/MEG/sub-01_task-RDR_run-57_meg.fif,9.506,299.461,289.955,0.045,1000.0,False,0.0395,10.65
01,58,58,stimuli/audio/story_58.wav,276.976,derivatives/preprocessed_data/sub-01/MEG/sub-01_task-RDR_run-58_events.tsv,derivatives/preprocessed_data/sub-01/MEG/sub-01_task-RDR_run-58_meg.json,derivatives/preprocessed_data/sub-01/MEG/sub-01_task-RDR_run-58_meg.fif,13.438,290.366,276.928,0.048,1000.0,False,0.0395,10.65
01,59,59,stimuli/audio/story_59.wav,273.44,derivatives/preprocessed_data/sub-01/MEG/sub-01_task-RDR_run-59_events.tsv,derivatives/preprocessed_data/sub-01/MEG/sub-01_task-RDR_run-59_meg.json,derivatives/preprocessed_data/sub-01/MEG/sub-01_task-RDR_run-59_meg.fif,9.62,283.007,273.387,0.053,1000.0,False,0.0395,10.65
01,5,05,stimuli/audio/story_5.wav,307.584,derivatives/preprocessed_data/sub-01/MEG/sub-01_task-RDR_run-5_events.tsv,derivatives/preprocessed_data/sub-01/MEG/sub-01_task-RDR_run-5_meg.json,derivatives/preprocessed_data/sub-01/MEG/sub-01_task-RDR_run-5_meg.fif,21.418,328.982,307.564,0.02,1000.0,False,0.0395,10.65
01,60,60,stimuli/audio/story_60.wav,256.384,derivatives/preprocessed_data/sub-01/MEG/sub-01_task-RDR_run-60_events.tsv,derivatives/preprocessed_data/sub-01/MEG/sub-01_task-RDR_run-60_meg.json,derivatives/preprocessed_data/sub-01/MEG/sub-01_task-RDR_run-60_meg.fif,7.964,264.282,256.318,0.066,1000.0,False,0.0395,10.65
01,6,06,stimuli/audio/story_6.wav,290.96,derivatives/preprocessed_data/sub-01/MEG/sub-01_task-RDR_run-6_events.tsv,derivatives/preprocessed_data/sub-01/MEG/sub-01_task-RDR_run-6_meg.json,derivatives/preprocessed_data/sub-01/MEG/sub-01_task-RDR_run-6_meg.fif,11.144,302.059,290.915,0.045,1000.0,False,0.0395,10.65
01,7,07,stimuli/audio/story_7.wav,280.0,derivatives/preprocessed_data/sub-01/MEG/sub-01_task-RDR_run-7_events.tsv,derivatives/preprocessed_data/sub-01/MEG/sub-01_task-RDR_run-7_meg.json,derivatives/preprocessed_data/sub-01/MEG/sub-01_task-RDR_run-7_meg.fif,6.802,286.772,279.97,0.03,1000.0,False,0.0395,10.65
01,8,08,stimuli/audio/story_8.wav,273.44,derivatives/preprocessed_data/sub-01/MEG/sub-01_task-RDR_run-8_events.tsv,derivatives/preprocessed_data/sub-01/MEG/sub-01_task-RDR_run-8_meg.json,derivatives/preprocessed_data/sub-01/MEG/sub-01_task-RDR_run-8_meg.fif,7.42,280.807,273.387,0.053,1000.0,False,0.0395,10.65
01,9,09,stimuli/audio/story_9.wav,258.768,derivatives/preprocessed_data/sub-01/MEG/sub-01_task-RDR_run-9_events.tsv,derivatives/preprocessed_data/sub-01/MEG/sub-01_task-RDR_run-9_meg.json,derivatives/preprocessed_data/sub-01/MEG/sub-01_task-RDR_run-9_meg.fif,8.111,266.83,258.719,0.049,1000.0,False,0.0395,10.65
02,10,10,stimuli/audio/story_10.wav,240.0,derivatives/preprocessed_data/sub-02/MEG/sub-02_task-RDR_run-10_events.tsv,derivatives/preprocessed_data/sub-02/MEG/sub-02_task-RDR_run-10_meg.json,derivatives/preprocessed_data/sub-02/MEG/sub-02_task-RDR_run-10_meg.fif,7.413,247.342,239.929,0.071,1000.0,False,0.0395,10.65
02,11,11,stimuli/audio/story_11.wav,398.336,derivatives/preprocessed_data/sub-02/MEG/sub-02_task-RDR_run-11_events.tsv,derivatives/preprocessed_data/sub-02/MEG/sub-02_task-RDR_run-11_meg.json,derivatives/preprocessed_data/sub-02/MEG/sub-02_task-RDR_run-11_meg.fif,19.654,418.002,398.348,-0.012,1000.0,False,0.0395,10.65
02,12,12,stimuli/audio/story_12.wav,351.712,derivatives/preprocessed_data/sub-02/MEG/sub-02_task-RDR_run-12_events.tsv,derivatives/preprocessed_data/sub-02/MEG/sub-02_task-RDR_run-12_meg.json,derivatives/preprocessed_data/sub-02/MEG/sub-02_task-RDR_run-12_meg.fif,10.703,362.417,351.714,-0.002,1000.0,False,0.0395,10.65
02,13,13,stimuli/audio/story_13.wav,323.744,derivatives/preprocessed_data/sub-02/MEG/sub-02_task-RDR_run-13_events.tsv,derivatives/preprocessed_data/sub-02/MEG/sub-02_task-RDR_run-13_meg.json,derivatives/preprocessed_data/sub-02/MEG/sub-02_task-RDR_run-13_meg.fif,13.554,337.276,323.722,0.022,1000.0,False,0.0395,10.65
02,14,14,stimuli/audio/story_14.wav,318.992,derivatives/preprocessed_data/sub-02/MEG/sub-02_task-RDR_run-14_events.tsv,derivatives/preprocessed_data/sub-02/MEG/sub-02_task-RDR_run-14_meg.json,derivatives/preprocessed_data/sub-02/MEG/sub-02_task-RDR_run-14_meg.fif,8.392,327.35,318.958,0.034,1000.0,False,0.0395,10.65
02,15,15,stimuli/audio/story_15.wav,307.712,derivatives/preprocessed_data/sub-02/MEG/sub-02_task-RDR_run-15_events.tsv,derivatives/preprocessed_data/sub-02/MEG/sub-02_task-RDR_run-15_meg.json,derivatives/preprocessed_data/sub-02/MEG/sub-02_task-RDR_run-15_meg.fif,10.825,318.52,307.695,0.017,1000.0,False,0.0395,10.65
02,16,16,stimuli/audio/story_16.wav,294.496,derivatives/preprocessed_data/sub-02/MEG/sub-02_task-RDR_run-16_events.tsv,derivatives/preprocessed_data/sub-02/MEG/sub-02_task-RDR_run-16_meg.json,derivatives/preprocessed_data/sub-02/MEG/sub-02_task-RDR_run-16_meg.fif,7.477,301.934,294.457,0.039,1000.0,False,0.0395,10.65
02,17,17,stimuli/audio/story_17.wav,280.0,derivatives/preprocessed_data/sub-02/MEG/sub-02_task-RDR_run-17_events.tsv,derivatives/preprocessed_data/sub-02/MEG/sub-02_task-RDR_run-17_meg.json,derivatives/preprocessed_data/sub-02/MEG/sub-02_task-RDR_run-17_meg.fif,6.781,286.751,279.97,0.03,1000.0,False,0.0395,10.65
02,18,18,stimuli/audio/story_18.wav,274.48,derivatives/preprocessed_data/sub-02/MEG/sub-02_task-RDR_run-18_events.tsv,derivatives/preprocessed_data/sub-02/MEG/sub-02_task-RDR_run-18_meg.json,derivatives/preprocessed_data/sub-02/MEG/sub-02_task-RDR_run-18_meg.fif,7.219,281.646,274.427,0.053,1000.0,False,0.0395,10.65
02,19,19,stimuli/audio/story_19.wav,263.648,derivatives/preprocessed_data/sub-02/MEG/sub-02_task-RDR_run-19_events.tsv,derivatives/preprocessed_data/sub-02/MEG/sub-02_task-RDR_run-19_meg.json,derivatives/preprocessed_data/sub-02/MEG/sub-02_task-RDR_run-19_meg.fif,6.688,270.289,263.601,0.047,1000.0,False,0.0395,10.65
02,1,01,stimuli/audio/story_1.wav,406.416,derivatives/preprocessed_data/sub-02/MEG/sub-02_task-RDR_run-1_events.tsv,derivatives/preprocessed_data/sub-02/MEG/sub-02_task-RDR_run-1_meg.json,derivatives/preprocessed_data/sub-02/MEG/sub-02_task-RDR_run-1_meg.fif,6.644,413.085,406.441,-0.025,1000.0,False,0.0395,10.65
02,20,20,stimuli/audio/story_20.wav,240.224,derivatives/preprocessed_data/sub-02/MEG/sub-02_task-RDR_run-20_events.tsv,derivatives/preprocessed_data/sub-02/MEG/sub-02_task-RDR_run-20_meg.json,derivatives/preprocessed_data/sub-02/MEG/sub-02_task-RDR_run-20_meg.fif,6.945,247.116,240.171,0.053,1000.0,False,0.0395,10.65
02,21,21,stimuli/audio/story_21.wav,393.488,derivatives/preprocessed_data/sub-02/MEG/sub-02_task-RDR_run-21_events.tsv,derivatives/preprocessed_data/sub-02/MEG/sub-02_task-RDR_run-21_meg.json,derivatives/preprocessed_data/sub-02/MEG/sub-02_task-RDR_run-21_meg.fif,9.176,402.692,393.516,-0.028,1000.0,False,0.0395,10.65
02,22,22,stimuli/audio/story_22.wav,345.232,derivatives/preprocessed_data/sub-02/MEG/sub-02_task-RDR_run-22_events.tsv,derivatives/preprocessed_data/sub-02/MEG/sub-02_task-RDR_run-22_meg.json,derivatives/preprocessed_data/sub-02/MEG/sub-02_task-RDR_run-22_meg.fif,7.286,352.518,345.232,0.0,1000.0,False,0.0395,10.65
02,23,23,stimuli/audio/story_23.wav,322.608,derivatives/preprocessed_data/sub-02/MEG/sub-02_task-RDR_run-23_events.tsv,derivatives/preprocessed_data/sub-02/MEG/sub-02_task-RDR_run-23_meg.json,derivatives/preprocessed_data/sub-02/MEG/sub-02_task-RDR_run-23_meg.fif,9.369,331.949,322.58,0.028,1000.0,False,0.0395,10.65
02,24,24,stimuli/audio/story_24.wav,315.68,derivatives/preprocessed_data/sub-02/MEG/sub-02_task-RDR_run-24_events.tsv,derivatives/preprocessed_data/sub-02/MEG/sub-02_task-RDR_run-24_meg.json,derivatives/preprocessed_data/sub-02/MEG/sub-02_task-RDR_run-24_meg.fif,7.715,323.373,315.658,0.022,1000.0,False,0.0395,10.65
02,25,25,stimuli/audio/story_25.wav,304.896,derivatives/preprocessed_data/sub-02/MEG/sub-02_task-RDR_run-25_events.tsv,derivatives/preprocessed_data/sub-02/MEG/sub-02_task-RDR_run-25_meg.json,derivatives/preprocessed_data/sub-02/MEG/sub-02_task-RDR_run-25_meg.fif,6.199,311.062,304.863,0.033,1000.0,False,0.0395,10.65
02,26,26,stimuli/audio/story_26.wav,295.024,derivatives/preprocessed_data/sub-02/MEG/sub-02_task-RDR_run-26_events.tsv,derivatives/preprocessed_data/sub-02/MEG/sub-02_task-RDR_run-26_meg.json,derivatives/preprocessed_data/sub-02/MEG/sub-02_task-RDR_run-26_meg.fif,28.466,323.463,294.997,0.027,1000.0,False,0.0395,10.65
02,27,27,stimuli/audio/story_27.wav,284.848,derivatives/preprocessed_data/sub-02/MEG/sub-02_task-RDR_run-27_events.tsv,derivatives/preprocessed_data/sub-02/MEG/sub-02_task-RDR_run-27_meg.json,derivatives/preprocessed_data/sub-02/MEG/sub-02_task-RDR_run-27_meg.fif,7.927,292.729,284.802,0.046,1000.0,False,0.0395,10.65
02,28,28,stimuli/audio/story_28.wav,274.928,derivatives/preprocessed_data/sub-02/MEG/sub-02_task-RDR_run-28_events.tsv,derivatives/preprocessed_data/sub-02/MEG/sub-02_task-RDR_run-28_meg.json,derivatives/preprocessed_data/sub-02/MEG/sub-02_task-RDR_run-28_meg.fif,6.274,281.172,274.898,0.03,1000.0,False,0.0395,10.65
02,29,29,stimuli/audio/story_29.wav,265.504,derivatives/preprocessed_data/sub-02/MEG/sub-02_task-RDR_run-29_events.tsv,derivatives/preprocessed_data/sub-02/MEG/sub-02_task-RDR_run-29_meg.json,derivatives/preprocessed_data/sub-02/MEG/sub-02_task-RDR_run-29_meg.fif,5.967,271.42,265.453,0.051,1000.0,False,0.0395,10.65
02,2,02,stimuli/audio/story_2.wav,352.576,derivatives/preprocessed_data/sub-02/MEG/sub-02_task-RDR_run-2_events.tsv,derivatives/preprocessed_data/sub-02/MEG/sub-02_task-RDR_run-2_meg.json,derivatives/preprocessed_data/sub-02/MEG/sub-02_task-RDR_run-2_meg.fif,6.211,358.776,352.565,0.011,1000.0,False,0.0395,10.65
02,30,30,stimuli/audio/story_30.wav,240.624,derivatives/preprocessed_data/sub-02/MEG/sub-02_task-RDR_run-30_events.tsv,derivatives/preprocessed_data/sub-02/MEG/sub-02_task-RDR_run-30_meg.json,derivatives/preprocessed_data/sub-02/MEG/sub-02_task-RDR_run-30_meg.fif,6.382,246.943,240.561,0.063,1000.0,False,0.0395,10.65
02,31,31,stimuli/audio/story_31.wav,379.232,derivatives/preprocessed_data/sub-02/MEG/sub-02_task-RDR_run-31_events.tsv,derivatives/preprocessed_data/sub-02/MEG/sub-02_task-RDR_run-31_meg.json,derivatives/preprocessed_data/sub-02/MEG/sub-02_task-RDR_run-31_meg.fif,7.771,386.999,379.228,0.004,1000.0,False,0.0395,10.65
02,32,32,stimuli/audio/story_32.wav,335.84,derivatives/preprocessed_data/sub-02/MEG/sub-02_task-RDR_run-32_events.tsv,derivatives/preprocessed_data/sub-02/MEG/sub-02_task-RDR_run-32_meg.json,derivatives/preprocessed_data/sub-02/MEG/sub-02_task-RDR_run-32_meg.fif,5.571,341.388,335.817,0.023,1000.0,False,0.0395,10.65
02,33,33,stimuli/audio/story_33.wav,321.6,derivatives/preprocessed_data/sub-02/MEG/sub-02_task-RDR_run-33_events.tsv,derivatives/preprocessed_data/sub-02/MEG/sub-02_task-RDR_run-33_meg.json,derivatives/preprocessed_data/sub-02/MEG/sub-02_task-RDR_run-33_meg.fif,7.001,328.59,321.589,0.011,1000.0,False,0.0395,10.65
02,34,34,stimuli/audio/story_34.wav,310.832,derivatives/preprocessed_data/sub-02/MEG/sub-02_task-RDR_run-34_events.tsv,derivatives/preprocessed_data/sub-02/MEG/sub-02_task-RDR_run-34_meg.json,derivatives/preprocessed_data/sub-02/MEG/sub-02_task-RDR_run-34_meg.fif,6.786,317.601,310.815,0.017,1000.0,False,0.0395,10.65
02,35,35,stimuli/audio/story_35.wav,304.816,derivatives/preprocessed_data/sub-02/MEG/sub-02_task-RDR_run-35_events.tsv,derivatives/preprocessed_data/sub-02/MEG/sub-02_task-RDR_run-35_meg.json,derivatives/preprocessed_data/sub-02/MEG/sub-02_task-RDR_run-35_meg.fif,8.566,313.349,304.783,0.033,1000.0,False,0.0395,10.65
02,36,36,stimuli/audio/story_36.wav,296.432,derivatives/preprocessed_data/sub-02/MEG/sub-02_task-RDR_run-36_events.tsv,derivatives/preprocessed_data/sub-02/MEG/sub-02_task-RDR_run-36_meg.json,derivatives/preprocessed_data/sub-02/MEG/sub-02_task-RDR_run-36_meg.fif,8.84,305.248,296.408,0.024,1000.0,False,0.0395,10.65
02,37,37,stimuli/audio/story_37.wav,288.416,derivatives/preprocessed_data/sub-02/MEG/sub-02_task-RDR_run-37_events.tsv,derivatives/preprocessed_data/sub-02/MEG/sub-02_task-RDR_run-37_meg.json,derivatives/preprocessed_data/sub-02/MEG/sub-02_task-RDR_run-37_meg.fif,6.085,294.459,288.374,0.042,1000.0,False,0.0395,10.65
02,38,38,stimuli/audio/story_38.wav,275.632,derivatives/preprocessed_data/sub-02/MEG/sub-02_task-RDR_run-38_events.tsv,derivatives/preprocessed_data/sub-02/MEG/sub-02_task-RDR_run-38_meg.json,derivatives/preprocessed_data/sub-02/MEG/sub-02_task-RDR_run-38_meg.fif,6.656,282.254,275.598,0.034,1000.0,False,0.0395,10.65
02,39,39,stimuli/audio/story_39.wav,269.728,derivatives/preprocessed_data/sub-02/MEG/sub-02_task-RDR_run-39_events.tsv,derivatives/preprocessed_data/sub-02/MEG/sub-02_task-RDR_run-39_meg.json,derivatives/preprocessed_data/sub-02/MEG/sub-02_task-RDR_run-39_meg.fif,8.291,277.985,269.694,0.034,1000.0,False,0.0395,10.65
02,3,03,stimuli/audio/story_3.wav,320.0,derivatives/preprocessed_data/sub-02/MEG/sub-02_task-RDR_run-3_events.tsv,derivatives/preprocessed_data/sub-02/MEG/sub-02_task-RDR_run-3_meg.json,derivatives/preprocessed_data/sub-02/MEG/sub-02_task-RDR_run-3_meg.fif,8.552,328.531,319.979,0.021,1000.0,False,0.0395,10.65
02,40,40,stimuli/audio/story_40.wav,255.552,derivatives/preprocessed_data/sub-02/MEG/sub-02_task-RDR_run-40_events.tsv,derivatives/preprocessed_data/sub-02/MEG/sub-02_task-RDR_run-40_meg.json,derivatives/preprocessed_data/sub-02/MEG/sub-02_task-RDR_run-40_meg.fif,12.459,267.946,255.487,0.065,1000.0,False,0.0395,10.65
02,41,41,stimuli/audio/story_41.wav,368.0,derivatives/preprocessed_data/sub-02/MEG/sub-02_task-RDR_run-41_events.tsv,derivatives/preprocessed_data/sub-02/MEG/sub-02_task-RDR_run-41_meg.json,derivatives/preprocessed_data/sub-02/MEG/sub-02_task-RDR_run-41_meg.fif,18.854,386.847,367.993,0.007,1000.0,False,0.0395,10.65
02,42,42,stimuli/audio/story_42.wav,332.304,derivatives/preprocessed_data/sub-02/MEG/sub-02_task-RDR_run-42_events.tsv,derivatives/preprocessed_data/sub-02/MEG/sub-02_task-RDR_run-42_meg.json,derivatives/preprocessed_data/sub-02/MEG/sub-02_task-RDR_run-42_meg.fif,6.509,338.784,332.275,0.029,1000.0,False,0.0395,10.65
02,43,43,stimuli/audio/story_43.wav,320.192,derivatives/preprocessed_data/sub-02/MEG/sub-02_task-RDR_run-43_events.tsv,derivatives/preprocessed_data/sub-02/MEG/sub-02_task-RDR_run-43_meg.json,derivatives/preprocessed_data/sub-02/MEG/sub-02_task-RDR_run-43_meg.fif,8.994,329.174,320.18,0.012,1000.0,False,0.0395,10.65
02,44,44,stimuli/audio/story_44.wav,308.976,derivatives/preprocessed_data/sub-02/MEG/sub-02_task-RDR_run-44_events.tsv,derivatives/preprocessed_data/sub-02/MEG/sub-02_task-RDR_run-44_meg.json,derivatives/preprocessed_data/sub-02/MEG/sub-02_task-RDR_run-44_meg.fif,6.24,315.184,308.944,0.032,1000.0,False,0.0395,10.65
02,45,45,stimuli/audio/story_45.wav,301.264,derivatives/preprocessed_data/sub-02/MEG/sub-02_task-RDR_run-45_events.tsv,derivatives/preprocessed_data/sub-02/MEG/sub-02_task-RDR_run-45_meg.json,derivatives/preprocessed_data/sub-02/MEG/sub-02_task-RDR_run-45_meg.fif,6.822,308.074,301.252,0.012,1000.0,False,0.0395,10.65
02,46,46,stimuli/audio/story_46.wav,298.4,derivatives/preprocessed_data/sub-02/MEG/sub-02_task-RDR_run-46_events.tsv,derivatives/preprocessed_data/sub-02/MEG/sub-02_task-RDR_run-46_meg.json,derivatives/preprocessed_data/sub-02/MEG/sub-02_task-RDR_run-46_meg.fif,8.888,307.247,298.359,0.041,1000.0,False,0.0395,10.65
02,47,47,stimuli/audio/story_47.wav,288.976,derivatives/preprocessed_data/sub-02/MEG/sub-02_task-RDR_run-47_events.tsv,derivatives/preprocessed_data/sub-02/MEG/sub-02_task-RDR_run-47_meg.json,derivatives/preprocessed_data/sub-02/MEG/sub-02_task-RDR_run-47_meg.fif,9.154,298.099,288.945,0.031,1000.0,False,0.0395,10.65
02,48,48,stimuli/audio/story_48.wav,275.76,derivatives/preprocessed_data/sub-02/MEG/sub-02_task-RDR_run-48_events.tsv,derivatives/preprocessed_data/sub-02/MEG/sub-02_task-RDR_run-48_meg.json,derivatives/preprocessed_data/sub-02/MEG/sub-02_task-RDR_run-48_meg.fif,6.687,282.415,275.728,0.032,1000.0,False,0.0395,10.65
02,49,49,stimuli/audio/story_49.wav,273.392,derivatives/preprocessed_data/sub-02/MEG/sub-02_task-RDR_run-49_events.tsv,derivatives/preprocessed_data/sub-02/MEG/sub-02_task-RDR_run-49_meg.json,derivatives/preprocessed_data/sub-02/MEG/sub-02_task-RDR_run-49_meg.fif,6.982,280.338,273.356,0.036,1000.0,False,0.0395,10.65
02,4,04,stimuli/audio/story_4.wav,319.184,derivatives/preprocessed_data/sub-02/MEG/sub-02_task-RDR_run-4_events.tsv,derivatives/preprocessed_data/sub-02/MEG/sub-02_task-RDR_run-4_meg.json,derivatives/preprocessed_data/sub-02/MEG/sub-02_task-RDR_run-4_meg.fif,6.928,326.096,319.168,0.016,1000.0,False,0.0395,10.65
02,50,50,stimuli/audio/story_50.wav,256.272,derivatives/preprocessed_data/sub-02/MEG/sub-02_task-RDR_run-50_events.tsv,derivatives/preprocessed_data/sub-02/MEG/sub-02_task-RDR_run-50_meg.json,derivatives/preprocessed_data/sub-02/MEG/sub-02_task-RDR_run-50_meg.fif,6.143,262.361,256.218,0.054,1000.0,False,0.0395,10.65
02,51,51,stimuli/audio/story_51.wav,352.608,derivatives/preprocessed_data/sub-02/MEG/sub-02_task-RDR_run-51_events.tsv,derivatives/preprocessed_data/sub-02/MEG/sub-02_task-RDR_run-51_meg.json,derivatives/preprocessed_data/sub-02/MEG/sub-02_task-RDR_run-51_meg.fif,6.196,358.791,352.595,0.013,1000.0,False,0.0395,10.65
02,52,52,stimuli/audio/story_52.wav,323.088,derivatives/preprocessed_data/sub-02/MEG/sub-02_task-RDR_run-52_events.tsv,derivatives/preprocessed_data/sub-02/MEG/sub-02_task-RDR_run-52_meg.json,derivatives/preprocessed_data/sub-02/MEG/sub-02_task-RDR_run-52_meg.fif,8.315,331.386,323.071,0.017,1000.0,False,0.0395,10.65
02,53,53,stimuli/audio/story_53.wav,324.608,derivatives/preprocessed_data/sub-02/MEG/sub-02_task-RDR_run-53_events.tsv,derivatives/preprocessed_data/sub-02/MEG/sub-02_task-RDR_run-53_meg.json,derivatives/preprocessed_data/sub-02/MEG/sub-02_task-RDR_run-53_meg.fif,7.466,332.047,324.581,0.027,1000.0,False,0.0395,10.65
02,54,54,stimuli/audio/story_54.wav,308.4,derivatives/preprocessed_data/sub-02/MEG/sub-02_task-RDR_run-54_events.tsv,derivatives/preprocessed_data/sub-02/MEG/sub-02_task-RDR_run-54_meg.json,derivatives/preprocessed_data/sub-02/MEG/sub-02_task-RDR_run-54_meg.fif,5.717,314.09,308.373,0.027,1000.0,False,0.0395,10.65
02,55,55,stimuli/audio/story_55.wav,300.672,derivatives/preprocessed_data/sub-02/MEG/sub-02_task-RDR_run-55_events.tsv,derivatives/preprocessed_data/sub-02/MEG/sub-02_task-RDR_run-55_meg.json,derivatives/preprocessed_data/sub-02/MEG/sub-02_task-RDR_run-55_meg.fif,6.279,306.93,300.651,0.021,1000.0,False,0.0395,10.65
02,56,56,stimuli/audio/story_56.wav,298.88,derivatives/preprocessed_data/sub-02/MEG/sub-02_task-RDR_run-56_events.tsv,derivatives/preprocessed_data/sub-02/MEG/sub-02_task-RDR_run-56_meg.json,derivatives/preprocessed_data/sub-02/MEG/sub-02_task-RDR_run-56_meg.fif,7.38,306.229,298.849,0.031,1000.0,False,0.0395,10.65
02,57,57,stimuli/audio/story_57.wav,290.0,derivatives/preprocessed_data/sub-02/MEG/sub-02_task-RDR_run-57_events.tsv,derivatives/preprocessed_data/sub-02/MEG/sub-02_task-RDR_run-57_meg.json,derivatives/preprocessed_data/sub-02/MEG/sub-02_task-RDR_run-57_meg.fif,6.587,296.542,289.955,0.045,1000.0,False,0.0395,10.65
02,58,58,stimuli/audio/story_58.wav,276.976,derivatives/preprocessed_data/sub-02/MEG/sub-02_task-RDR_run-58_events.tsv,derivatives/preprocessed_data/sub-02/MEG/sub-02_task-RDR_run-58_meg.json,derivatives/preprocessed_data/sub-02/MEG/sub-02_task-RDR_run-58_meg.fif,7.646,284.575,276.929,0.047,1000.0,False,0.0395,10.65
02,59,59,stimuli/audio/story_59.wav,273.44,derivatives/preprocessed_data/sub-02/MEG/sub-02_task-RDR_run-59_events.tsv,derivatives/preprocessed_data/sub-02/MEG/sub-02_task-RDR_run-59_meg.json,derivatives/preprocessed_data/sub-02/MEG/sub-02_task-RDR_run-59_meg.fif,7.549,280.935,273.386,0.054,1000.0,False,0.0395,10.65
02,5,05,stimuli/audio/story_5.wav,307.584,derivatives/preprocessed_data/sub-02/MEG/sub-02_task-RDR_run-5_events.tsv,derivatives/preprocessed_data/sub-02/MEG/sub-02_task-RDR_run-5_meg.json,derivatives/preprocessed_data/sub-02/MEG/sub-02_task-RDR_run-5_meg.fif,6.19,313.754,307.564,0.02,1000.0,False,0.0395,10.65
02,60,60,stimuli/audio/story_60.wav,256.384,derivatives/preprocessed_data/sub-02/MEG/sub-02_task-RDR_run-60_events.tsv,derivatives/preprocessed_data/sub-02/MEG/sub-02_task-RDR_run-60_meg.json,derivatives/preprocessed_data/sub-02/MEG/sub-02_task-RDR_run-60_meg.fif,6.156,262.475,256.319,0.065,1000.0,False,0.0395,10.65
02,6,06,stimuli/audio/story_6.wav,290.96,derivatives/preprocessed_data/sub-02/MEG/sub-02_task-RDR_run-6_events.tsv,derivatives/preprocessed_data/sub-02/MEG/sub-02_task-RDR_run-6_meg.json,derivatives/preprocessed_data/sub-02/MEG/sub-02_task-RDR_run-6_meg.fif,6.108,297.023,290.915,0.045,1000.0,False,0.0395,10.65
02,7,07,stimuli/audio/story_7.wav,280.0,derivatives/preprocessed_data/sub-02/MEG/sub-02_task-RDR_run-7_events.tsv,derivatives/preprocessed_data/sub-02/MEG/sub-02_task-RDR_run-7_meg.json,derivatives/preprocessed_data/sub-02/MEG/sub-02_task-RDR_run-7_meg.fif,9.136,289.106,279.97,0.03,1000.0,False,0.0395,10.65
02,8,08,stimuli/audio/story_8.wav,273.44,derivatives/preprocessed_data/sub-02/MEG/sub-02_task-RDR_run-8_events.tsv,derivatives/preprocessed_data/sub-02/MEG/sub-02_task-RDR_run-8_meg.json,derivatives/preprocessed_data/sub-02/MEG/sub-02_task-RDR_run-8_meg.fif,7.802,281.188,273.386,0.054,1000.0,False,0.0395,10.65
02,9,09,stimuli/audio/story_9.wav,258.768,derivatives/preprocessed_data/sub-02/MEG/sub-02_task-RDR_run-9_events.tsv,derivatives/preprocessed_data/sub-02/MEG/sub-02_task-RDR_run-9_meg.json,derivatives/preprocessed_data/sub-02/MEG/sub-02_task-RDR_run-9_meg.fif,9.455,268.174,258.719,0.049,1000.0,False,0.0395,10.65
03,10,10,stimuli/audio/story_10.wav,240.0,derivatives/preprocessed_data/sub-03/MEG/sub-03_task-RDR_run-10_events.tsv,derivatives/preprocessed_data/sub-03/MEG/sub-03_task-RDR_run-10_meg.json,derivatives/preprocessed_data/sub-03/MEG/sub-03_task-RDR_run-10_meg.fif,6.993,246.922,239.929,0.071,1000.0,False,0.0395,10.65
03,11,11,stimuli/audio/story_11.wav,398.336,derivatives/preprocessed_data/sub-03/MEG/sub-03_task-RDR_run-11_events.tsv,derivatives/preprocessed_data/sub-03/MEG/sub-03_task-RDR_run-11_meg.json,derivatives/preprocessed_data/sub-03/MEG/sub-03_task-RDR_run-11_meg.fif,16.575,414.923,398.348,-0.012,1000.0,False,0.0395,10.65
03,12,12,stimuli/audio/story_12.wav,351.712,derivatives/preprocessed_data/sub-03/MEG/sub-03_task-RDR_run-12_events.tsv,derivatives/preprocessed_data/sub-03/MEG/sub-03_task-RDR_run-12_meg.json,derivatives/preprocessed_data/sub-03/MEG/sub-03_task-RDR_run-12_meg.fif,7.614,359.319,351.705,0.007,1000.0,False,0.0395,10.65
03,13,13,stimuli/audio/story_13.wav,323.744,derivatives/preprocessed_data/sub-03/MEG/sub-03_task-RDR_run-13_events.tsv,derivatives/preprocessed_data/sub-03/MEG/sub-03_task-RDR_run-13_meg.json,derivatives/preprocessed_data/sub-03/MEG/sub-03_task-RDR_run-13_meg.fif,13.535,337.256,323.721,0.023,1000.0,False,0.0395,10.65
03,14,14,stimuli/audio/story_14.wav,318.992,derivatives/preprocessed_data/sub-03/MEG/sub-03_task-RDR_run-14_events.tsv,derivatives/preprocessed_data/sub-03/MEG/sub-03_task-RDR_run-14_meg.json,derivatives/preprocessed_data/sub-03/MEG/sub-03_task-RDR_run-14_meg.fif,8.745,327.704,318.959,0.033,1000.0,False,0.0395,10.65
03,15,15,stimuli/audio/story_15.wav,307.712,derivatives/preprocessed_data/sub-03/MEG/sub-03_task-RDR_run-15_events.tsv,derivatives/preprocessed_data/sub-03/MEG/sub-03_task-RDR_run-15_meg.json,derivatives/preprocessed_data/sub-03/MEG/sub-03_task-RDR_run-15_meg.fif,13.666,321.359,307.693,0.019,1000.0,False,0.0395,10.65
03,16,16,stimuli/audio/story_16.wav,294.496,derivatives/preprocessed_data/sub-03/MEG/sub-03_task-RDR_run-16_events.tsv,derivatives/preprocessed_data/sub-03/MEG/sub-03_task-RDR_run-16_meg.json,derivatives/preprocessed_data/sub-03/MEG/sub-03_task-RDR_run-16_meg.fif,18.799,313.256,294.457,0.039,1000.0,False,0.0395,10.65
03,17,17,stimuli/audio/story_17.wav,280.0,derivatives/preprocessed_data/sub-03/MEG/sub-03_task-RDR_run-17_events.tsv,derivatives/preprocessed_data/sub-03/MEG/sub-03_task-RDR_run-17_meg.json,derivatives/preprocessed_data/sub-03/MEG/sub-03_task-RDR_run-17_meg.fif,6.059,286.029,279.97,0.03,1000.0,False,0.0395,10.65
03,18,18,stimuli/audio/story_18.wav,274.48,derivatives/preprocessed_data/sub-03/MEG/sub-03_task-RDR_run-18_events.tsv,derivatives/preprocessed_data/sub-03/MEG/sub-03_task-RDR_run-18_meg.json,derivatives/preprocessed_data/sub-03/MEG/sub-03_task-RDR_run-18_meg.fif,8.026,282.453,274.427,0.053,1000.0,False,0.0395,10.65
03,19,19,stimuli/audio/story_19.wav,263.648,derivatives/preprocessed_data/sub-03/MEG/sub-03_task-RDR_run-19_events.tsv,derivatives/preprocessed_data/sub-03/MEG/sub-03_task-RDR_run-19_meg.json,derivatives/preprocessed_data/sub-03/MEG/sub-03_task-RDR_run-19_meg.fif,7.177,270.778,263.601,0.047,1000.0,False,0.0395,10.65
03,1,01,stimuli/audio/story_1.wav,406.416,derivatives/preprocessed_data/sub-03/MEG/sub-03_task-RDR_run-1_events.tsv,derivatives/preprocessed_data/sub-03/MEG/sub-03_task-RDR_run-1_meg.json,derivatives/preprocessed_data/sub-03/MEG/sub-03_task-RDR_run-1_meg.fif,7.587,414.029,406.442,-0.026,1000.0,False,0.0395,10.65
03,20,20,stimuli/audio/story_20.wav,240.224,derivatives/preprocessed_data/sub-03/MEG/sub-03_task-RDR_run-20_events.tsv,derivatives/preprocessed_data/sub-03/MEG/sub-03_task-RDR_run-20_meg.json,derivatives/preprocessed_data/sub-03/MEG/sub-03_task-RDR_run-20_meg.fif,6.69,246.86,240.17,0.054,1000.0,False,0.0395,10.65
03,21,21,stimuli/audio/story_21.wav,393.488,derivatives/preprocessed_data/sub-03/MEG/sub-03_task-RDR_run-21_events.tsv,derivatives/preprocessed_data/sub-03/MEG/sub-03_task-RDR_run-21_meg.json,derivatives/preprocessed_data/sub-03/MEG/sub-03_task-RDR_run-21_meg.fif,16.946,410.461,393.515,-0.027,1000.0,False,0.0395,10.65
03,22,22,stimuli/audio/story_22.wav,345.232,derivatives/preprocessed_data/sub-03/MEG/sub-03_task-RDR_run-22_events.tsv,derivatives/preprocessed_data/sub-03/MEG/sub-03_task-RDR_run-22_meg.json,derivatives/preprocessed_data/sub-03/MEG/sub-03_task-RDR_run-22_meg.fif,7.057,352.289,345.232,0.0,1000.0,False,0.0395,10.65
03,23,23,stimuli/audio/story_23.wav,322.608,derivatives/preprocessed_data/sub-03/MEG/sub-03_task-RDR_run-23_events.tsv,derivatives/preprocessed_data/sub-03/MEG/sub-03_task-RDR_run-23_meg.json,derivatives/preprocessed_data/sub-03/MEG/sub-03_task-RDR_run-23_meg.fif,9.047,331.628,322.581,0.027,1000.0,False,0.0395,10.65
03,24,24,stimuli/audio/story_24.wav,315.68,derivatives/preprocessed_data/sub-03/MEG/sub-03_task-RDR_run-24_events.tsv,derivatives/preprocessed_data/sub-03/MEG/sub-03_task-RDR_run-24_meg.json,derivatives/preprocessed_data/sub-03/MEG/sub-03_task-RDR_run-24_meg.fif,6.225,321.882,315.657,0.023,1000.0,False,0.0395,10.65
03,25,25,stimuli/audio/story_25.wav,304.896,derivatives/preprocessed_data/sub-03/MEG/sub-03_task-RDR_run-25_events.tsv,derivatives/preprocessed_data/sub-03/MEG/sub-03_task-RDR_run-25_meg.json,derivatives/preprocessed_data/sub-03/MEG/sub-03_task-RDR_run-25_meg.fif,6.974,311.836,304.862,0.034,1000.0,False,0.0395,10.65
03,26,26,stimuli/audio/story_26.wav,295.024,derivatives/preprocessed_data/sub-03/MEG/sub-03_task-RDR_run-26_events.tsv,derivatives/preprocessed_data/sub-03/MEG/sub-03_task-RDR_run-26_meg.json,derivatives/preprocessed_data/sub-03/MEG/sub-03_task-RDR_run-26_meg.fif,6.632,301.63,294.998,0.026,1000.0,False,0.0395,10.65
03,27,27,stimuli/audio/story_27.wav,284.848,derivatives/preprocessed_data/sub-03/MEG/sub-03_task-RDR_run-27_events.tsv,derivatives/preprocessed_data/sub-03/MEG/sub-03_task-RDR_run-27_meg.json,derivatives/preprocessed_data/sub-03/MEG/sub-03_task-RDR_run-27_meg.fif,7.58,292.382,284.802,0.046,1000.0,False,0.0395,10.65
03,28,28,stimuli/audio/story_28.wav,274.928,derivatives/preprocessed_data/sub-03/MEG/sub-03_task-RDR_run-28_events.tsv,derivatives/preprocessed_data/sub-03/MEG/sub-03_task-RDR_run-28_meg.json,derivatives/preprocessed_data/sub-03/MEG/sub-03_task-RDR_run-28_meg.fif,6.474,281.372,274.898,0.03,1000.0,False,0.0395,10.65
03,29,29,stimuli/audio/story_29.wav,265.504,derivatives/preprocessed_data/sub-03/MEG/sub-03_task-RDR_run-29_events.tsv,derivatives/preprocessed_data/sub-03/MEG/sub-03_task-RDR_run-29_meg.json,derivatives/preprocessed_data/sub-03/MEG/sub-03_task-RDR_run-29_meg.fif,7.6,273.052,265.452,0.052,1000.0,False,0.0395,10.65
03,2,02,stimuli/audio/story_2.wav,352.576,derivatives/preprocessed_data/sub-03/MEG/sub-03_task-RDR_run-2_events.tsv,derivatives/preprocessed_data/sub-03/MEG/sub-03_task-RDR_run-2_meg.json,derivatives/preprocessed_data/sub-03/MEG/sub-03_task-RDR_run-2_meg.fif,6.83,359.396,352.566,0.01,1000.0,False,0.0395,10.65
03,30,30,stimuli/audio/story_30.wav,240.624,derivatives/preprocessed_data/sub-03/MEG/sub-03_task-RDR_run-30_events.tsv,derivatives/preprocessed_data/sub-03/MEG/sub-03_task-RDR_run-30_meg.json,derivatives/preprocessed_data/sub-03/MEG/sub-03_task-RDR_run-30_meg.fif,6.548,247.109,240.561,0.063,1000.0,False,0.0395,10.65
03,31,31,stimuli/audio/story_31.wav,379.232,derivatives/preprocessed_data/sub-03/MEG/sub-03_task-RDR_run-31_events.tsv,derivatives/preprocessed_data/sub-03/MEG/sub-03_task-RDR_run-31_meg.json,derivatives/preprocessed_data/sub-03/MEG/sub-03_task-RDR_run-31_meg.fif,17.389,396.617,379.228,0.004,1000.0,False,0.0395,10.65
03,32,32,stimuli/audio/story_32.wav,335.84,derivatives/preprocessed_data/sub-03/MEG/sub-03_task-RDR_run-32_events.tsv,derivatives/preprocessed_data/sub-03/MEG/sub-03_task-RDR_run-32_meg.json,derivatives/preprocessed_data/sub-03/MEG/sub-03_task-RDR_run-32_meg.fif,9.182,344.999,335.817,0.023,1000.0,False,0.0395,10.65
03,33,33,stimuli/audio/story_33.wav,321.6,derivatives/preprocessed_data/sub-03/MEG/sub-03_task-RDR_run-33_events.tsv,derivatives/preprocessed_data/sub-03/MEG/sub-03_task-RDR_run-33_meg.json,derivatives/preprocessed_data/sub-03/MEG/sub-03_task-RDR_run-33_meg.fif,8.127,329.718,321.591,0.009,1000.0,False,0.0395,10.65
03,34,34,stimuli/audio/story_34.wav,310.832,derivatives/preprocessed_data/sub-03/MEG/sub-03_task-RDR_run-34_events.tsv,derivatives/preprocessed_data/sub-03/MEG/sub-03_task-RDR_run-34_meg.json,derivatives/preprocessed_data/sub-03/MEG/sub-03_task-RDR_run-34_meg.fif,9.122,319.937,310.815,0.017,1000.0,False,0.0395,10.65
03,35,35,stimuli/audio/story_35.wav,304.816,derivatives/preprocessed_data/sub-03/MEG/sub-03_task-RDR_run-35_events.tsv,derivatives/preprocessed_data/sub-03/MEG/sub-03_task-RDR_run-35_meg.json,derivatives/preprocessed_data/sub-03/MEG/sub-03_task-RDR_run-35_meg.fif,6.491,311.274,304.783,0.033,1000.0,False,0.0395,10.65
03,36,36,stimuli/audio/story_36.wav,296.432,derivatives/preprocessed_data/sub-03/MEG/sub-03_task-RDR_run-36_events.tsv,derivatives/preprocessed_data/sub-03/MEG/sub-03_task-RDR_run-36_meg.json,derivatives/preprocessed_data/sub-03/MEG/sub-03_task-RDR_run-36_meg.fif,16.976,313.383,296.407,0.025,1000.0,False,0.0395,10.65
03,37,37,stimuli/audio/story_37.wav,288.416,derivatives/preprocessed_data/sub-03/MEG/sub-03_task-RDR_run-37_events.tsv,derivatives/preprocessed_data/sub-03/MEG/sub-03_task-RDR_run-37_meg.json,derivatives/preprocessed_data/sub-03/MEG/sub-03_task-RDR_run-37_meg.fif,6.659,295.033,288.374,0.042,1000.0,False,0.0395,10.65
03,38,38,stimuli/audio/story_38.wav,275.632,derivatives/preprocessed_data/sub-03/MEG/sub-03_task-RDR_run-38_events.tsv,derivatives/preprocessed_data/sub-03/MEG/sub-03_task-RDR_run-38_meg.json,derivatives/preprocessed_data/sub-03/MEG/sub-03_task-RDR_run-38_meg.fif,7.346,282.944,275.598,0.034,1000.0,False,0.0395,10.65
03,39,39,stimuli/audio/story_39.wav,269.728,derivatives/preprocessed_data/sub-03/MEG/sub-03_task-RDR_run-39_events.tsv,derivatives/preprocessed_data/sub-03/MEG/sub-03_task-RDR_run-39_meg.json,derivatives/preprocessed_data/sub-03/MEG/sub-03_task-RDR_run-39_meg.fif,7.695,277.39,269.695,0.033,1000.0,False,0.0395,10.65
03,3,03,stimuli/audio/story_3.wav,320.0,derivatives/preprocessed_data/sub-03/MEG/sub-03_task-RDR_run-3_events.tsv,derivatives/preprocessed_data/sub-03/MEG/sub-03_task-RDR_run-3_meg.json,derivatives/preprocessed_data/sub-03/MEG/sub-03_task-RDR_run-3_meg.fif,9.047,329.027,319.98,0.02,1000.0,False,0.0395,10.65
03,40,40,stimuli/audio/story_40.wav,255.552,derivatives/preprocessed_data/sub-03/MEG/sub-03_task-RDR_run-40_events.tsv,derivatives/preprocessed_data/sub-03/MEG/sub-03_task-RDR_run-40_meg.json,derivatives/preprocessed_data/sub-03/MEG/sub-03_task-RDR_run-40_meg.fif,6.228,261.716,255.488,0.064,1000.0,False,0.0395,10.65
03,41,41,stimuli/audio/story_41.wav,368.0,derivatives/preprocessed_data/sub-03/MEG/sub-03_task-RDR_run-41_events.tsv,derivatives/preprocessed_data/sub-03/MEG/sub-03_task-RDR_run-41_meg.json,derivatives/preprocessed_data/sub-03/MEG/sub-03_task-RDR_run-41_meg.fif,5.376,373.369,367.993,0.007,1000.0,False,0.0395,10.65
03,42,42,stimuli/audio/story_42.wav,332.304,derivatives/preprocessed_data/sub-03/MEG/sub-03_task-RDR_run-42_events.tsv,derivatives/preprocessed_data/sub-03/MEG/sub-03_task-RDR_run-42_meg.json,derivatives/preprocessed_data/sub-03/MEG/sub-03_task-RDR_run-42_meg.fif,7.633,339.908,332.275,0.029,1000.0,False,0.0395,10.65
03,43,43,stimuli/audio/story_43.wav,320.192,derivatives/preprocessed_data/sub-03/MEG/sub-03_task-RDR_run-43_events.tsv,derivatives/preprocessed_data/sub-03/MEG/sub-03_task-RDR_run-43_meg.json,derivatives/preprocessed_data/sub-03/MEG/sub-03_task-RDR_run-43_meg.fif,5.735,325.915,320.18,0.012,1000.0,False,0.0395,10.65
03,44,44,stimuli/audio/story_44.wav,308.976,derivatives/preprocessed_data/sub-03/MEG/sub-03_task-RDR_run-44_events.tsv,derivatives/preprocessed_data/sub-03/MEG/sub-03_task-RDR_run-44_meg.json,derivatives/preprocessed_data/sub-03/MEG/sub-03_task-RDR_run-44_meg.fif,6.976,315.92,308.944,0.032,1000.0,False,0.0395,10.65
03,45,45,stimuli/audio/story_45.wav,301.264,derivatives/preprocessed_data/sub-03/MEG/sub-03_task-RDR_run-45_events.tsv,derivatives/preprocessed_data/sub-03/MEG/sub-03_task-RDR_run-45_meg.json,derivatives/preprocessed_data/sub-03/MEG/sub-03_task-RDR_run-45_meg.fif,6.979,308.221,301.242,0.022,1000.0,False,0.0395,10.65
03,46,46,stimuli/audio/story_46.wav,298.4,derivatives/preprocessed_data/sub-03/MEG/sub-03_task-RDR_run-46_events.tsv,derivatives/preprocessed_data/sub-03/MEG/sub-03_task-RDR_run-46_meg.json,derivatives/preprocessed_data/sub-03/MEG/sub-03_task-RDR_run-46_meg.fif,365.668,664.027,298.359,0.041,1000.0,False,0.0395,10.65
03,47,47,stimuli/audio/story_47.wav,288.976,derivatives/preprocessed_data/sub-03/MEG/sub-03_task-RDR_run-47_events.tsv,derivatives/preprocessed_data/sub-03/MEG/sub-03_task-RDR_run-47_meg.json,derivatives/preprocessed_data/sub-03/MEG/sub-03_task-RDR_run-47_meg.fif,6.769,295.713,288.944,0.032,1000.0,False,0.0395,10.65
03,48,48,stimuli/audio/story_48.wav,275.76,derivatives/preprocessed_data/sub-03/MEG/sub-03_task-RDR_run-48_events.tsv,derivatives/preprocessed_data/sub-03/MEG/sub-03_task-RDR_run-48_meg.json,derivatives/preprocessed_data/sub-03/MEG/sub-03_task-RDR_run-48_meg.fif,6.644,282.372,275.728,0.032,1000.0,False,0.0395,10.65
03,49,49,stimuli/audio/story_49.wav,273.392,derivatives/preprocessed_data/sub-03/MEG/sub-03_task-RDR_run-49_events.tsv,derivatives/preprocessed_data/sub-03/MEG/sub-03_task-RDR_run-49_meg.json,derivatives/preprocessed_data/sub-03/MEG/sub-03_task-RDR_run-49_meg.fif,7.337,280.694,273.357,0.035,1000.0,False,0.0395,10.65
03,4,04,stimuli/audio/story_4.wav,319.184,derivatives/preprocessed_data/sub-03/MEG/sub-03_task-RDR_run-4_events.tsv,derivatives/preprocessed_data/sub-03/MEG/sub-03_task-RDR_run-4_meg.json,derivatives/preprocessed_data/sub-03/MEG/sub-03_task-RDR_run-4_meg.fif,9.68,328.85,319.17,0.014,1000.0,False,0.0395,10.65
03,50,50,stimuli/audio/story_50.wav,256.272,derivatives/preprocessed_data/sub-03/MEG/sub-03_task-RDR_run-50_events.tsv,derivatives/preprocessed_data/sub-03/MEG/sub-03_task-RDR_run-50_meg.json,derivatives/preprocessed_data/sub-03/MEG/sub-03_task-RDR_run-50_meg.fif,6.939,263.158,256.219,0.053,1000.0,False,0.0395,10.65
03,51,51,stimuli/audio/story_51.wav,352.608,derivatives/preprocessed_data/sub-03/MEG/sub-03_task-RDR_run-51_events.tsv,derivatives/preprocessed_data/sub-03/MEG/sub-03_task-RDR_run-51_meg.json,derivatives/preprocessed_data/sub-03/MEG/sub-03_task-RDR_run-51_meg.fif,18.746,371.341,352.595,0.013,1000.0,False,0.0395,10.65
03,52,52,stimuli/audio/story_52.wav,323.088,derivatives/preprocessed_data/sub-03/MEG/sub-03_task-RDR_run-52_events.tsv,derivatives/preprocessed_data/sub-03/MEG/sub-03_task-RDR_run-52_meg.json,derivatives/preprocessed_data/sub-03/MEG/sub-03_task-RDR_run-52_meg.fif,6.825,329.896,323.071,0.017,1000.0,False,0.0395,10.65
03,53,53,stimuli/audio/story_53.wav,324.608,derivatives/preprocessed_data/sub-03/MEG/sub-03_task-RDR_run-53_events.tsv,derivatives/preprocessed_data/sub-03/MEG/sub-03_task-RDR_run-53_meg.json,derivatives/preprocessed_data/sub-03/MEG/sub-03_task-RDR_run-53_meg.fif,7.042,331.624,324.582,0.026,1000.0,False,0.0395,10.65
03,54,54,stimuli/audio/story_54.wav,308.4,derivatives/preprocessed_data/sub-03/MEG/sub-03_task-RDR_run-54_events.tsv,derivatives/preprocessed_data/sub-03/MEG/sub-03_task-RDR_run-54_meg.json,derivatives/preprocessed_data/sub-03/MEG/sub-03_task-RDR_run-54_meg.fif,6.384,314.757,308.373,0.027,1000.0,False,0.0395,10.65
03,55,55,stimuli/audio/story_55.wav,300.672,derivatives/preprocessed_data/sub-03/MEG/sub-03_task-RDR_run-55_events.tsv,derivatives/preprocessed_data/sub-03/MEG/sub-03_task-RDR_run-55_meg.json,derivatives/preprocessed_data/sub-03/MEG/sub-03_task-RDR_run-55_meg.fif,7.322,307.972,300.65,0.022,1000.0,False,0.0395,10.65
03,56,56,stimuli/audio/story_56.wav,298.88,derivatives/preprocessed_data/sub-03/MEG/sub-03_task-RDR_run-56_events.tsv,derivatives/preprocessed_data/sub-03/MEG/sub-03_task-RDR_run-56_meg.json,derivatives/preprocessed_data/sub-03/MEG/sub-03_task-RDR_run-56_meg.fif,14.199,313.047,298.848,0.032,1000.0,False,0.0395,10.65
03,57,57,stimuli/audio/story_57.wav,290.0,derivatives/preprocessed_data/sub-03/MEG/sub-03_task-RDR_run-57_events.tsv,derivatives/preprocessed_data/sub-03/MEG/sub-03_task-RDR_run-57_meg.json,derivatives/preprocessed_data/sub-03/MEG/sub-03_task-RDR_run-57_meg.fif,7.077,297.032,289.955,0.045,1000.0,False,0.0395,10.65
03,58,58,stimuli/audio/story_58.wav,276.976,derivatives/preprocessed_data/sub-03/MEG/sub-03_task-RDR_run-58_events.tsv,derivatives/preprocessed_data/sub-03/MEG/sub-03_task-RDR_run-58_meg.json,derivatives/preprocessed_data/sub-03/MEG/sub-03_task-RDR_run-58_meg.fif,6.741,283.669,276.928,0.048,1000.0,False,0.0395,10.65
03,59,59,stimuli/audio/story_59.wav,273.44,derivatives/preprocessed_data/sub-03/MEG/sub-03_task-RDR_run-59_events.tsv,derivatives/preprocessed_data/sub-03/MEG/sub-03_task-RDR_run-59_meg.json,derivatives/preprocessed_data/sub-03/MEG/sub-03_task-RDR_run-59_meg.fif,6.463,279.85,273.387,0.053,1000.0,False,0.0395,10.65
03,5,05,stimuli/audio/story_5.wav,307.584,derivatives/preprocessed_data/sub-03/MEG/sub-03_task-RDR_run-5_events.tsv,derivatives/preprocessed_data/sub-03/MEG/sub-03_task-RDR_run-5_meg.json,derivatives/preprocessed_data/sub-03/MEG/sub-03_task-RDR_run-5_meg.fif,8.567,316.131,307.564,0.02,1000.0,False,0.0395,10.65
03,60,60,stimuli/audio/story_60.wav,256.384,derivatives/preprocessed_data/sub-03/MEG/sub-03_task-RDR_run-60_events.tsv,derivatives/preprocessed_data/sub-03/MEG/sub-03_task-RDR_run-60_meg.json,derivatives/preprocessed_data/sub-03/MEG/sub-03_task-RDR_run-60_meg.fif,7.005,263.324,256.319,0.065,1000.0,False,0.0395,10.65
03,6,06,stimuli/audio/story_6.wav,290.96,derivatives/preprocessed_data/sub-03/MEG/sub-03_task-RDR_run-6_events.tsv,derivatives/preprocessed_data/sub-03/MEG/sub-03_task-RDR_run-6_meg.json,derivatives/preprocessed_data/sub-03/MEG/sub-03_task-RDR_run-6_meg.fif,11.677,302.592,290.915,0.045,1000.0,False,0.0395,10.65
03,7,07,stimuli/audio/story_7.wav,280.0,derivatives/preprocessed_data/sub-03/MEG/sub-03_task-RDR_run-7_events.tsv,derivatives/preprocessed_data/sub-03/MEG/sub-03_task-RDR_run-7_meg.json,derivatives/preprocessed_data/sub-03/MEG/sub-03_task-RDR_run-7_meg.fif,9.925,289.895,279.97,0.03,1000.0,False,0.0395,10.65
03,8,08,stimuli/audio/story_8.wav,273.44,derivatives/preprocessed_data/sub-03/MEG/sub-03_task-RDR_run-8_events.tsv,derivatives/preprocessed_data/sub-03/MEG/sub-03_task-RDR_run-8_meg.json,derivatives/preprocessed_data/sub-03/MEG/sub-03_task-RDR_run-8_meg.fif,6.407,279.793,273.386,0.054,1000.0,False,0.0395,10.65
03,9,09,stimuli/audio/story_9.wav,258.768,derivatives/preprocessed_data/sub-03/MEG/sub-03_task-RDR_run-9_events.tsv,derivatives/preprocessed_data/sub-03/MEG/sub-03_task-RDR_run-9_meg.json,derivatives/preprocessed_data/sub-03/MEG/sub-03_task-RDR_run-9_meg.fif,9.573,268.283,258.71,0.058,1000.0,False,0.0395,10.65
04,10,10,stimuli/audio/story_10.wav,240.0,derivatives/preprocessed_data/sub-04/MEG/sub-04_task-RDR_run-10_events.tsv,derivatives/preprocessed_data/sub-04/MEG/sub-04_task-RDR_run-10_meg.json,derivatives/preprocessed_data/sub-04/MEG/sub-04_task-RDR_run-10_meg.fif,6.671,246.6,239.929,0.071,1000.0,False,0.0395,10.65
04,11,11,stimuli/audio/story_11.wav,398.336,derivatives/preprocessed_data/sub-04/MEG/sub-04_task-RDR_run-11_events.tsv,derivatives/preprocessed_data/sub-04/MEG/sub-04_task-RDR_run-11_meg.json,derivatives/preprocessed_data/sub-04/MEG/sub-04_task-RDR_run-11_meg.fif,14.849,413.196,398.347,-0.011,1000.0,False,0.0395,10.65
04,12,12,stimuli/audio/story_12.wav,351.712,derivatives/preprocessed_data/sub-04/MEG/sub-04_task-RDR_run-12_events.tsv,derivatives/preprocessed_data/sub-04/MEG/sub-04_task-RDR_run-12_meg.json,derivatives/preprocessed_data/sub-04/MEG/sub-04_task-RDR_run-12_meg.fif,6.81,358.515,351.705,0.007,1000.0,False,0.0395,10.65
04,13,13,stimuli/audio/story_13.wav,323.744,derivatives/preprocessed_data/sub-04/MEG/sub-04_task-RDR_run-13_events.tsv,derivatives/preprocessed_data/sub-04/MEG/sub-04_task-RDR_run-13_meg.json,derivatives/preprocessed_data/sub-04/MEG/sub-04_task-RDR_run-13_meg.fif,6.224,329.945,323.721,0.023,1000.0,False,0.0395,10.65
04,14,14,stimuli/audio/story_14.wav,318.992,derivatives/preprocessed_data/sub-04/MEG/sub-04_task-RDR_run-14_events.tsv,derivatives/preprocessed_data/sub-04/MEG/sub-04_task-RDR_run-14_meg.json,derivatives/preprocessed_data/sub-04/MEG/sub-04_task-RDR_run-14_meg.fif,7.013,325.972,318.959,0.033,1000.0,False,0.0395,10.65
04,15,15,stimuli/audio/story_15.wav,307.712,derivatives/preprocessed_data/sub-04/MEG/sub-04_task-RDR_run-15_events.tsv,derivatives/preprocessed_data/sub-04/MEG/sub-04_task-RDR_run-15_meg.json,derivatives/preprocessed_data/sub-04/MEG/sub-04_task-RDR_run-15_meg.fif,9.999,317.692,307.693,0.019,1000.0,False,0.0395,10.65
04,16,16,stimuli/audio/story_16.wav,294.496,derivatives/preprocessed_data/sub-04/MEG/sub-04_task-RDR_run-16_events.tsv,derivatives/preprocessed_data/sub-04/MEG/sub-04_task-RDR_run-16_meg.json,derivatives/preprocessed_data/sub-04/MEG/sub-04_task-RDR_run-16_meg.fif,7.336,301.792,294.456,0.04,1000.0,False,0.0395,10.65
04,17,17,stimuli/audio/story_17.wav,280.0,derivatives/preprocessed_data/sub-04/MEG/sub-04_task-RDR_run-17_events.tsv,derivatives/preprocessed_data/sub-04/MEG/sub-04_task-RDR_run-17_meg.json,derivatives/preprocessed_data/sub-04/MEG/sub-04_task-RDR_run-17_meg.fif,6.52,286.49,279.97,0.03,1000.0,False,0.0395,10.65
04,18,18,stimuli/audio/story_18.wav,274.48,derivatives/preprocessed_data/sub-04/MEG/sub-04_task-RDR_run-18_events.tsv,derivatives/preprocessed_data/sub-04/MEG/sub-04_task-RDR_run-18_meg.json,derivatives/preprocessed_data/sub-04/MEG/sub-04_task-RDR_run-18_meg.fif,7.232,281.659,274.427,0.053,1000.0,False,0.0395,10.65
04,19,19,stimuli/audio/story_19.wav,263.648,derivatives/preprocessed_data/sub-04/MEG/sub-04_task-RDR_run-19_events.tsv,derivatives/preprocessed_data/sub-04/MEG/sub-04_task-RDR_run-19_meg.json,derivatives/preprocessed_data/sub-04/MEG/sub-04_task-RDR_run-19_meg.fif,6.67,270.271,263.601,0.047,1000.0,False,0.0395,10.65
04,1,01,stimuli/audio/story_1.wav,406.416,derivatives/preprocessed_data/sub-04/MEG/sub-04_task-RDR_run-1_events.tsv,derivatives/preprocessed_data/sub-04/MEG/sub-04_task-RDR_run-1_meg.json,derivatives/preprocessed_data/sub-04/MEG/sub-04_task-RDR_run-1_meg.fif,9.084,415.525,406.441,-0.025,1000.0,False,0.0395,10.65
04,20,20,stimuli/audio/story_20.wav,240.224,derivatives/preprocessed_data/sub-04/MEG/sub-04_task-RDR_run-20_events.tsv,derivatives/preprocessed_data/sub-04/MEG/sub-04_task-RDR_run-20_meg.json,derivatives/preprocessed_data/sub-04/MEG/sub-04_task-RDR_run-20_meg.fif,7.298,247.469,240.171,0.053,1000.0,False,0.0395,10.65
04,21,21,stimuli/audio/story_21.wav,393.488,derivatives/preprocessed_data/sub-04/MEG/sub-04_task-RDR_run-21_events.tsv,derivatives/preprocessed_data/sub-04/MEG/sub-04_task-RDR_run-21_meg.json,derivatives/preprocessed_data/sub-04/MEG/sub-04_task-RDR_run-21_meg.fif,6.8,400.316,393.516,-0.028,1000.0,False,0.0395,10.65
04,22,22,stimuli/audio/story_22.wav,345.232,derivatives/preprocessed_data/sub-04/MEG/sub-04_task-RDR_run-22_events.tsv,derivatives/preprocessed_data/sub-04/MEG/sub-04_task-RDR_run-22_meg.json,derivatives/preprocessed_data/sub-04/MEG/sub-04_task-RDR_run-22_meg.fif,8.726,353.958,345.232,0.0,1000.0,False,0.0395,10.65
04,23,23,stimuli/audio/story_23.wav,322.608,derivatives/preprocessed_data/sub-04/MEG/sub-04_task-RDR_run-23_events.tsv,derivatives/preprocessed_data/sub-04/MEG/sub-04_task-RDR_run-23_meg.json,derivatives/preprocessed_data/sub-04/MEG/sub-04_task-RDR_run-23_meg.fif,6.377,328.947,322.57,0.038,1000.0,False,0.0395,10.65
04,24,24,stimuli/audio/story_24.wav,315.68,derivatives/preprocessed_data/sub-04/MEG/sub-04_task-RDR_run-24_events.tsv,derivatives/preprocessed_data/sub-04/MEG/sub-04_task-RDR_run-24_meg.json,derivatives/preprocessed_data/sub-04/MEG/sub-04_task-RDR_run-24_meg.fif,6.798,322.455,315.657,0.023,1000.0,False,0.0395,10.65
04,25,25,stimuli/audio/story_25.wav,304.896,derivatives/preprocessed_data/sub-04/MEG/sub-04_task-RDR_run-25_events.tsv,derivatives/preprocessed_data/sub-04/MEG/sub-04_task-RDR_run-25_meg.json,derivatives/preprocessed_data/sub-04/MEG/sub-04_task-RDR_run-25_meg.fif,23.796,328.658,304.862,0.034,1000.0,False,0.0395,10.65
04,26,26,stimuli/audio/story_26.wav,295.024,derivatives/preprocessed_data/sub-04/MEG/sub-04_task-RDR_run-26_events.tsv,derivatives/preprocessed_data/sub-04/MEG/sub-04_task-RDR_run-26_meg.json,derivatives/preprocessed_data/sub-04/MEG/sub-04_task-RDR_run-26_meg.fif,8.133,303.14,295.007,0.017,1000.0,False,0.0395,10.65
04,27,27,stimuli/audio/story_27.wav,284.848,derivatives/preprocessed_data/sub-04/MEG/sub-04_task-RDR_run-27_events.tsv,derivatives/preprocessed_data/sub-04/MEG/sub-04_task-RDR_run-27_meg.json,derivatives/preprocessed_data/sub-04/MEG/sub-04_task-RDR_run-27_meg.fif,8.864,293.666,284.802,0.046,1000.0,False,0.0395,10.65
04,28,28,stimuli/audio/story_28.wav,274.928,derivatives/preprocessed_data/sub-04/MEG/sub-04_task-RDR_run-28_events.tsv,derivatives/preprocessed_data/sub-04/MEG/sub-04_task-RDR_run-28_meg.json,derivatives/preprocessed_data/sub-04/MEG/sub-04_task-RDR_run-28_meg.fif,8.306,283.204,274.898,0.03,1000.0,False,0.0395,10.65
04,29,29,stimuli/audio/story_29.wav,265.504,derivatives/preprocessed_data/sub-04/MEG/sub-04_task-RDR_run-29_events.tsv,derivatives/preprocessed_data/sub-04/MEG/sub-04_task-RDR_run-29_meg.json,derivatives/preprocessed_data/sub-04/MEG/sub-04_task-RDR_run-29_meg.fif,6.71,272.163,265.453,0.051,1000.0,False,0.0395,10.65
04,2,02,stimuli/audio/story_2.wav,352.576,derivatives/preprocessed_data/sub-04/MEG/sub-04_task-RDR_run-2_events.tsv,derivatives/preprocessed_data/sub-04/MEG/sub-04_task-RDR_run-2_meg.json,derivatives/preprocessed_data/sub-04/MEG/sub-04_task-RDR_run-2_meg.fif,6.823,359.388,352.565,0.011,1000.0,False,0.0395,10.65
04,30,30,stimuli/audio/story_30.wav,240.624,derivatives/preprocessed_data/sub-04/MEG/sub-04_task-RDR_run-30_events.tsv,derivatives/preprocessed_data/sub-04/MEG/sub-04_task-RDR_run-30_meg.json,derivatives/preprocessed_data/sub-04/MEG/sub-04_task-RDR_run-30_meg.fif,6.632,247.192,240.56,0.064,1000.0,False,0.0395,10.65
04,31,31,stimuli/audio/story_31.wav,379.232,derivatives/preprocessed_data/sub-04/MEG/sub-04_task-RDR_run-31_events.tsv,derivatives/preprocessed_data/sub-04/MEG/sub-04_task-RDR_run-31_meg.json,derivatives/preprocessed_data/sub-04/MEG/sub-04_task-RDR_run-31_meg.fif,9.028,388.257,379.229,0.003,1000.0,False,0.0395,10.65
04,32,32,stimuli/audio/story_32.wav,335.84,derivatives/preprocessed_data/sub-04/MEG/sub-04_task-RDR_run-32_events.tsv,derivatives/preprocessed_data/sub-04/MEG/sub-04_task-RDR_run-32_meg.json,derivatives/preprocessed_data/sub-04/MEG/sub-04_task-RDR_run-32_meg.fif,6.555,342.373,335.818,0.022,1000.0,False,0.0395,10.65
04,33,33,stimuli/audio/story_33.wav,321.6,derivatives/preprocessed_data/sub-04/MEG/sub-04_task-RDR_run-33_events.tsv,derivatives/preprocessed_data/sub-04/MEG/sub-04_task-RDR_run-33_meg.json,derivatives/preprocessed_data/sub-04/MEG/sub-04_task-RDR_run-33_meg.fif,8.978,330.568,321.59,0.01,1000.0,False,0.0395,10.65
04,34,34,stimuli/audio/story_34.wav,310.832,derivatives/preprocessed_data/sub-04/MEG/sub-04_task-RDR_run-34_events.tsv,derivatives/preprocessed_data/sub-04/MEG/sub-04_task-RDR_run-34_meg.json,derivatives/preprocessed_data/sub-04/MEG/sub-04_task-RDR_run-34_meg.fif,6.121,316.936,310.815,0.017,1000.0,False,0.0395,10.65
04,35,35,stimuli/audio/story_35.wav,304.816,derivatives/preprocessed_data/sub-04/MEG/sub-04_task-RDR_run-35_events.tsv,derivatives/preprocessed_data/sub-04/MEG/sub-04_task-RDR_run-35_meg.json,derivatives/preprocessed_data/sub-04/MEG/sub-04_task-RDR_run-35_meg.fif,24.792,329.574,304.782,0.034,1000.0,False,0.0395,10.65
04,36,36,stimuli/audio/story_36.wav,296.432,derivatives/preprocessed_data/sub-04/MEG/sub-04_task-RDR_run-36_events.tsv,derivatives/preprocessed_data/sub-04/MEG/sub-04_task-RDR_run-36_meg.json,derivatives/preprocessed_data/sub-04/MEG/sub-04_task-RDR_run-36_meg.fif,14.017,310.424,296.407,0.025,1000.0,False,0.0395,10.65
04,37,37,stimuli/audio/story_37.wav,288.416,derivatives/preprocessed_data/sub-04/MEG/sub-04_task-RDR_run-37_events.tsv,derivatives/preprocessed_data/sub-04/MEG/sub-04_task-RDR_run-37_meg.json,derivatives/preprocessed_data/sub-04/MEG/sub-04_task-RDR_run-37_meg.fif,7.254,295.628,288.374,0.042,1000.0,False,0.0395,10.65
04,38,38,stimuli/audio/story_38.wav,275.632,derivatives/preprocessed_data/sub-04/MEG/sub-04_task-RDR_run-38_events.tsv,derivatives/preprocessed_data/sub-04/MEG/sub-04_task-RDR_run-38_meg.json,derivatives/preprocessed_data/sub-04/MEG/sub-04_task-RDR_run-38_meg.fif,8.581,284.179,275.598,0.034,1000.0,False,0.0395,10.65
04,39,39,stimuli/audio/story_39.wav,269.728,derivatives/preprocessed_data/sub-04/MEG/sub-04_task-RDR_run-39_events.tsv,derivatives/preprocessed_data/sub-04/MEG/sub-04_task-RDR_run-39_meg.json,derivatives/preprocessed_data/sub-04/MEG/sub-04_task-RDR_run-39_meg.fif,8.514,278.208,269.694,0.034,1000.0,False,0.0395,10.65
04,3,03,stimuli/audio/story_3.wav,320.0,derivatives/preprocessed_data/sub-04/MEG/sub-04_task-RDR_run-3_events.tsv,derivatives/preprocessed_data/sub-04/MEG/sub-04_task-RDR_run-3_meg.json,derivatives/preprocessed_data/sub-04/MEG/sub-04_task-RDR_run-3_meg.fif,6.053,326.033,319.98,0.02,1000.0,False,0.0395,10.65
04,40,40,stimuli/audio/story_40.wav,255.552,derivatives/preprocessed_data/sub-04/MEG/sub-04_task-RDR_run-40_events.tsv,derivatives/preprocessed_data/sub-04/MEG/sub-04_task-RDR_run-40_meg.json,derivatives/preprocessed_data/sub-04/MEG/sub-04_task-RDR_run-40_meg.fif,6.317,261.805,255.488,0.064,1000.0,False,0.0395,10.65
04,41,41,stimuli/audio/story_41.wav,368.0,derivatives/preprocessed_data/sub-04/MEG/sub-04_task-RDR_run-41_events.tsv,derivatives/preprocessed_data/sub-04/MEG/sub-04_task-RDR_run-41_meg.json,derivatives/preprocessed_data/sub-04/MEG/sub-04_task-RDR_run-41_meg.fif,8.546,376.539,367.993,0.007,1000.0,False,0.0395,10.65
04,42,42,stimuli/audio/story_42.wav,332.304,derivatives/preprocessed_data/sub-04/MEG/sub-04_task-RDR_run-42_events.tsv,derivatives/preprocessed_data/sub-04/MEG/sub-04_task-RDR_run-42_meg.json,derivatives/preprocessed_data/sub-04/MEG/sub-04_task-RDR_run-42_meg.fif,6.97,339.245,332.275,0.029,1000.0,False,0.0395,10.65
04,43,43,stimuli/audio/story_43.wav,320.192,derivatives/preprocessed_data/sub-04/MEG/sub-04_task-RDR_run-43_events.tsv,derivatives/preprocessed_data/sub-04/MEG/sub-04_task-RDR_run-43_meg.json,derivatives/preprocessed_data/sub-04/MEG/sub-04_task-RDR_run-43_meg.fif,6.75,326.929,320.179,0.013,1000.0,False,0.0395,10.65
04,44,44,stimuli/audio/story_44.wav,308.976,derivatives/preprocessed_data/sub-04/MEG/sub-04_task-RDR_run-44_events.tsv,derivatives/preprocessed_data/sub-04/MEG/sub-04_task-RDR_run-44_meg.json,derivatives/preprocessed_data/sub-04/MEG/sub-04_task-RDR_run-44_meg.fif,14.825,323.769,308.944,0.032,1000.0,False,0.0395,10.65
04,45,45,stimuli/audio/story_45.wav,301.264,derivatives/preprocessed_data/sub-04/MEG/sub-04_task-RDR_run-45_events.tsv,derivatives/preprocessed_data/sub-04/MEG/sub-04_task-RDR_run-45_meg.json,derivatives/preprocessed_data/sub-04/MEG/sub-04_task-RDR_run-45_meg.fif,7.711,308.962,301.251,0.013,1000.0,False,0.0395,10.65
04,46,46,stimuli/audio/story_46.wav,298.4,derivatives/preprocessed_data/sub-04/MEG/sub-04_task-RDR_run-46_events.tsv,derivatives/preprocessed_data/sub-04/MEG/sub-04_task-RDR_run-46_meg.json,derivatives/preprocessed_data/sub-04/MEG/sub-04_task-RDR_run-46_meg.fif,9.77,308.128,298.358,0.042,1000.0,False,0.0395,10.65
04,47,47,stimuli/audio/story_47.wav,288.976,derivatives/preprocessed_data/sub-04/MEG/sub-04_task-RDR_run-47_events.tsv,derivatives/preprocessed_data/sub-04/MEG/sub-04_task-RDR_run-47_meg.json,derivatives/preprocessed_data/sub-04/MEG/sub-04_task-RDR_run-47_meg.fif,7.536,296.48,288.944,0.032,1000.0,False,0.0395,10.65
04,48,48,stimuli/audio/story_48.wav,275.76,derivatives/preprocessed_data/sub-04/MEG/sub-04_task-RDR_run-48_events.tsv,derivatives/preprocessed_data/sub-04/MEG/sub-04_task-RDR_run-48_meg.json,derivatives/preprocessed_data/sub-04/MEG/sub-04_task-RDR_run-48_meg.fif,7.415,283.143,275.728,0.032,1000.0,False,0.0395,10.65
04,49,49,stimuli/audio/story_49.wav,273.392,derivatives/preprocessed_data/sub-04/MEG/sub-04_task-RDR_run-49_events.tsv,derivatives/preprocessed_data/sub-04/MEG/sub-04_task-RDR_run-49_meg.json,derivatives/preprocessed_data/sub-04/MEG/sub-04_task-RDR_run-49_meg.fif,8.23,281.586,273.356,0.036,1000.0,False,0.0395,10.65
04,4,04,stimuli/audio/story_4.wav,319.184,derivatives/preprocessed_data/sub-04/MEG/sub-04_task-RDR_run-4_events.tsv,derivatives/preprocessed_data/sub-04/MEG/sub-04_task-RDR_run-4_meg.json,derivatives/preprocessed_data/sub-04/MEG/sub-04_task-RDR_run-4_meg.fif,8.574,327.742,319.168,0.016,1000.0,False,0.0395,10.65
04,50,50,stimuli/audio/story_50.wav,256.272,derivatives/preprocessed_data/sub-04/MEG/sub-04_task-RDR_run-50_events.tsv,derivatives/preprocessed_data/sub-04/MEG/sub-04_task-RDR_run-50_meg.json,derivatives/preprocessed_data/sub-04/MEG/sub-04_task-RDR_run-50_meg.fif,7.881,264.099,256.218,0.054,1000.0,False,0.0395,10.65
04,51,51,stimuli/audio/story_51.wav,352.608,derivatives/preprocessed_data/sub-04/MEG/sub-04_task-RDR_run-51_events.tsv,derivatives/preprocessed_data/sub-04/MEG/sub-04_task-RDR_run-51_meg.json,derivatives/preprocessed_data/sub-04/MEG/sub-04_task-RDR_run-51_meg.fif,16.3,368.896,352.596,0.012,1000.0,False,0.0395,10.65
04,52,52,stimuli/audio/story_52.wav,323.088,derivatives/preprocessed_data/sub-04/MEG/sub-04_task-RDR_run-52_events.tsv,derivatives/preprocessed_data/sub-04/MEG/sub-04_task-RDR_run-52_meg.json,derivatives/preprocessed_data/sub-04/MEG/sub-04_task-RDR_run-52_meg.fif,7.383,330.454,323.071,0.017,1000.0,False,0.0395,10.65
04,53,53,stimuli/audio/story_53.wav,324.608,derivatives/preprocessed_data/sub-04/MEG/sub-04_task-RDR_run-53_events.tsv,derivatives/preprocessed_data/sub-04/MEG/sub-04_task-RDR_run-53_meg.json,derivatives/preprocessed_data/sub-04/MEG/sub-04_task-RDR_run-53_meg.fif,6.568,331.149,324.581,0.027,1000.0,False,0.0395,10.65
04,54,54,stimuli/audio/story_54.wav,308.4,derivatives/preprocessed_data/sub-04/MEG/sub-04_task-RDR_run-54_events.tsv,derivatives/preprocessed_data/sub-04/MEG/sub-04_task-RDR_run-54_meg.json,derivatives/preprocessed_data/sub-04/MEG/sub-04_task-RDR_run-54_meg.fif,6.196,314.57,308.374,0.026,1000.0,False,0.0395,10.65
04,55,55,stimuli/audio/story_55.wav,300.672,derivatives/preprocessed_data/sub-04/MEG/sub-04_task-RDR_run-55_events.tsv,derivatives/preprocessed_data/sub-04/MEG/sub-04_task-RDR_run-55_meg.json,derivatives/preprocessed_data/sub-04/MEG/sub-04_task-RDR_run-55_meg.fif,10.204,310.854,300.65,0.022,1000.0,False,0.0395,10.65
04,56,56,stimuli/audio/story_56.wav,298.88,derivatives/preprocessed_data/sub-04/MEG/sub-04_task-RDR_run-56_events.tsv,derivatives/preprocessed_data/sub-04/MEG/sub-04_task-RDR_run-56_meg.json,derivatives/preprocessed_data/sub-04/MEG/sub-04_task-RDR_run-56_meg.fif,11.132,309.981,298.849,0.031,1000.0,False,0.0395,10.65
04,57,57,stimuli/audio/story_57.wav,290.0,derivatives/preprocessed_data/sub-04/MEG/sub-04_task-RDR_run-57_events.tsv,derivatives/preprocessed_data/sub-04/MEG/sub-04_task-RDR_run-57_meg.json,derivatives/preprocessed_data/sub-04/MEG/sub-04_task-RDR_run-57_meg.fif,7.388,297.343,289.955,0.045,1000.0,False,0.0395,10.65
04,58,58,stimuli/audio/story_58.wav,276.976,derivatives/preprocessed_data/sub-04/MEG/sub-04_task-RDR_run-58_events.tsv,derivatives/preprocessed_data/sub-04/MEG/sub-04_task-RDR_run-58_meg.json,derivatives/preprocessed_data/sub-04/MEG/sub-04_task-RDR_run-58_meg.fif,5.811,282.739,276.928,0.048,1000.0,False,0.0395,10.65
04,59,59,stimuli/audio/story_59.wav,273.44,derivatives/preprocessed_data/sub-04/MEG/sub-04_task-RDR_run-59_events.tsv,derivatives/preprocessed_data/sub-04/MEG/sub-04_task-RDR_run-59_meg.json,derivatives/preprocessed_data/sub-04/MEG/sub-04_task-RDR_run-59_meg.fif,6.114,279.501,273.387,0.053,1000.0,False,0.0395,10.65
04,5,05,stimuli/audio/story_5.wav,307.584,derivatives/preprocessed_data/sub-04/MEG/sub-04_task-RDR_run-5_events.tsv,derivatives/preprocessed_data/sub-04/MEG/sub-04_task-RDR_run-5_meg.json,derivatives/preprocessed_data/sub-04/MEG/sub-04_task-RDR_run-5_meg.fif,11.78,319.344,307.564,0.02,1000.0,False,0.0395,10.65
04,60,60,stimuli/audio/story_60.wav,256.384,derivatives/preprocessed_data/sub-04/MEG/sub-04_task-RDR_run-60_events.tsv,derivatives/preprocessed_data/sub-04/MEG/sub-04_task-RDR_run-60_meg.json,derivatives/preprocessed_data/sub-04/MEG/sub-04_task-RDR_run-60_meg.fif,6.837,263.155,256.318,0.066,1000.0,False,0.0395,10.65
04,6,06,stimuli/audio/story_6.wav,290.96,derivatives/preprocessed_data/sub-04/MEG/sub-04_task-RDR_run-6_events.tsv,derivatives/preprocessed_data/sub-04/MEG/sub-04_task-RDR_run-6_meg.json,derivatives/preprocessed_data/sub-04/MEG/sub-04_task-RDR_run-6_meg.fif,11.954,302.869,290.915,0.045,1000.0,False,0.0395,10.65
04,7,07,stimuli/audio/story_7.wav,280.0,derivatives/preprocessed_data/sub-04/MEG/sub-04_task-RDR_run-7_events.tsv,derivatives/preprocessed_data/sub-04/MEG/sub-04_task-RDR_run-7_meg.json,derivatives/preprocessed_data/sub-04/MEG/sub-04_task-RDR_run-7_meg.fif,18.653,298.622,279.969,0.031,1000.0,False,0.0395,10.65
04,8,08,stimuli/audio/story_8.wav,273.44,derivatives/preprocessed_data/sub-04/MEG/sub-04_task-RDR_run-8_events.tsv,derivatives/preprocessed_data/sub-04/MEG/sub-04_task-RDR_run-8_meg.json,derivatives/preprocessed_data/sub-04/MEG/sub-04_task-RDR_run-8_meg.fif,9.67,283.056,273.386,0.054,1000.0,False,0.0395,10.65
04,9,09,stimuli/audio/story_9.wav,258.768,derivatives/preprocessed_data/sub-04/MEG/sub-04_task-RDR_run-9_events.tsv,derivatives/preprocessed_data/sub-04/MEG/sub-04_task-RDR_run-9_meg.json,derivatives/preprocessed_data/sub-04/MEG/sub-04_task-RDR_run-9_meg.fif,5.375,264.095,258.72,0.048,1000.0,False,0.0395,10.65
05,10,10,stimuli/audio/story_10.wav,240.0,derivatives/preprocessed_data/sub-05/MEG/sub-05_task-RDR_run-10_events.tsv,derivatives/preprocessed_data/sub-05/MEG/sub-05_task-RDR_run-10_meg.json,derivatives/preprocessed_data/sub-05/MEG/sub-05_task-RDR_run-10_meg.fif,8.928,248.858,239.93,0.07,1000.0,False,0.0395,10.65
05,11,11,stimuli/audio/story_11.wav,398.336,derivatives/preprocessed_data/sub-05/MEG/sub-05_task-RDR_run-11_events.tsv,derivatives/preprocessed_data/sub-05/MEG/sub-05_task-RDR_run-11_meg.json,derivatives/preprocessed_data/sub-05/MEG/sub-05_task-RDR_run-11_meg.fif,14.761,413.108,398.347,-0.011,1000.0,False,0.0395,10.65
05,12,12,stimuli/audio/story_12.wav,351.712,derivatives/preprocessed_data/sub-05/MEG/sub-05_task-RDR_run-12_events.tsv,derivatives/preprocessed_data/sub-05/MEG/sub-05_task-RDR_run-12_meg.json,derivatives/preprocessed_data/sub-05/MEG/sub-05_task-RDR_run-12_meg.fif,11.776,363.481,351.705,0.007,1000.0,False,0.0395,10.65
05,13,13,stimuli/audio/story_13.wav,323.744,derivatives/preprocessed_data/sub-05/MEG/sub-05_task-RDR_run-13_events.tsv,derivatives/preprocessed_data/sub-05/MEG/sub-05_task-RDR_run-13_meg.json,derivatives/preprocessed_data/sub-05/MEG/sub-05_task-RDR_run-13_meg.fif,11.225,334.947,323.722,0.022,1000.0,False,0.0395,10.65
05,14,14,stimuli/audio/story_14.wav,318.992,derivatives/preprocessed_data/sub-05/MEG/sub-05_task-RDR_run-14_events.tsv,derivatives/preprocessed_data/sub-05/MEG/sub-05_task-RDR_run-14_meg.json,derivatives/preprocessed_data/sub-05/MEG/sub-05_task-RDR_run-14_meg.fif,18.854,337.813,318.959,0.033,1000.0,False,0.0395,10.65
05,15,15,stimuli/audio/story_15.wav,307.712,derivatives/preprocessed_data/sub-05/MEG/sub-05_task-RDR_run-15_events.tsv,derivatives/preprocessed_data/sub-05/MEG/sub-05_task-RDR_run-15_meg.json,derivatives/preprocessed_data/sub-05/MEG/sub-05_task-RDR_run-15_meg.fif,11.221,318.914,307.693,0.019,1000.0,False,0.0395,10.65
05,16,16,stimuli/audio/story_16.wav,294.496,derivatives/preprocessed_data/sub-05/MEG/sub-05_task-RDR_run-16_events.tsv,derivatives/preprocessed_data/sub-05/MEG/sub-05_task-RDR_run-16_meg.json,derivatives/preprocessed_data/sub-05/MEG/sub-05_task-RDR_run-16_meg.fif,18.542,312.998,294.456,0.04,1000.0,False,0.0395,10.65
05,17,17,stimuli/audio/story_17.wav,280.0,derivatives/preprocessed_data/sub-05/MEG/sub-05_task-RDR_run-17_events.tsv,derivatives/preprocessed_data/sub-05/MEG/sub-05_task-RDR_run-17_meg.json,derivatives/preprocessed_data/sub-05/MEG/sub-05_task-RDR_run-17_meg.fif,8.347,288.317,279.97,0.03,1000.0,False,0.0395,10.65
05,18,18,stimuli/audio/story_18.wav,274.48,derivatives/preprocessed_data/sub-05/MEG/sub-05_task-RDR_run-18_events.tsv,derivatives/preprocessed_data/sub-05/MEG/sub-05_task-RDR_run-18_meg.json,derivatives/preprocessed_data/sub-05/MEG/sub-05_task-RDR_run-18_meg.fif,7.541,281.968,274.427,0.053,1000.0,False,0.0395,10.65
05,19,19,stimuli/audio/story_19.wav,263.648,derivatives/preprocessed_data/sub-05/MEG/sub-05_task-RDR_run-19_events.tsv,derivatives/preprocessed_data/sub-05/MEG/sub-05_task-RDR_run-19_meg.json,derivatives/preprocessed_data/sub-05/MEG/sub-05_task-RDR_run-19_meg.fif,6.655,270.256,263.601,0.047,1000.0,False,0.0395,10.65
05,1,01,stimuli/audio/story_1.wav,406.416,derivatives/preprocessed_data/sub-05/MEG/sub-05_task-RDR_run-1_events.tsv,derivatives/preprocessed_data/sub-05/MEG/sub-05_task-RDR_run-1_meg.json,derivatives/preprocessed_data/sub-05/MEG/sub-05_task-RDR_run-1_meg.fif,8.702,415.143,406.441,-0.025,1000.0,False,0.0395,10.65
05,20,20,stimuli/audio/story_20.wav,240.224,derivatives/preprocessed_data/sub-05/MEG/sub-05_task-RDR_run-20_events.tsv,derivatives/preprocessed_data/sub-05/MEG/sub-05_task-RDR_run-20_meg.json,derivatives/preprocessed_data/sub-05/MEG/sub-05_task-RDR_run-20_meg.fif,6.23,246.4,240.17,0.054,1000.0,False,0.0395,10.65
05,21,21,stimuli/audio/story_21.wav,393.488,derivatives/preprocessed_data/sub-05/MEG/sub-05_task-RDR_run-21_events.tsv,derivatives/preprocessed_data/sub-05/MEG/sub-05_task-RDR_run-21_meg.json,derivatives/preprocessed_data/sub-05/MEG/sub-05_task-RDR_run-21_meg.fif,8.155,401.67,393.515,-0.027,1000.0,False,0.0395,10.65
05,22,22,stimuli/audio/story_22.wav,345.232,derivatives/preprocessed_data/sub-05/MEG/sub-05_task-RDR_run-22_events.tsv,derivatives/preprocessed_data/sub-05/MEG/sub-05_task-RDR_run-22_meg.json,derivatives/preprocessed_data/sub-05/MEG/sub-05_task-RDR_run-22_meg.fif,9.602,354.834,345.232,0.0,1000.0,False,0.0395,10.65
05,23,23,stimuli/audio/story_23.wav,322.608,derivatives/preprocessed_data/sub-05/MEG/sub-05_task-RDR_run-23_events.tsv,derivatives/preprocessed_data/sub-05/MEG/sub-05_task-RDR_run-23_meg.json,derivatives/preprocessed_data/sub-05/MEG/sub-05_task-RDR_run-23_meg.fif,5.832,328.404,322.572,0.036,1000.0,False,0.0395,10.65
05,24,24,stimuli/audio/story_24.wav,315.68,derivatives/preprocessed_data/sub-05/MEG/sub-05_task-RDR_run-24_events.tsv,derivatives/preprocessed_data/sub-05/MEG/sub-05_task-RDR_run-24_meg.json,derivatives/preprocessed_data/sub-05/MEG/sub-05_task-RDR_run-24_meg.fif,7.099,322.756,315.657,0.023,1000.0,False,0.0395,10.65
05,25,25,stimuli/audio/story_25.wav,304.896,derivatives/preprocessed_data/sub-05/MEG/sub-05_task-RDR_run-25_events.tsv,derivatives/preprocessed_data/sub-05/MEG/sub-05_task-RDR_run-25_meg.json,derivatives/preprocessed_data/sub-05/MEG/sub-05_task-RDR_run-25_meg.fif,6.832,311.693,304.861,0.035,1000.0,False,0.0395,10.65
05,26,26,stimuli/audio/story_26.wav,295.024,derivatives/preprocessed_data/sub-05/MEG/sub-05_task-RDR_run-26_events.tsv,derivatives/preprocessed_data/sub-05/MEG/sub-05_task-RDR_run-26_meg.json,derivatives/preprocessed_data/sub-05/MEG/sub-05_task-RDR_run-26_meg.fif,11.845,306.842,294.997,0.027,1000.0,False,0.0395,10.65
05,27,27,stimuli/audio/story_27.wav,284.848,derivatives/preprocessed_data/sub-05/MEG/sub-05_task-RDR_run-27_events.tsv,derivatives/preprocessed_data/sub-05/MEG/sub-05_task-RDR_run-27_meg.json,derivatives/preprocessed_data/sub-05/MEG/sub-05_task-RDR_run-27_meg.fif,7.965,292.767,284.802,0.046,1000.0,False,0.0395,10.65
05,28,28,stimuli/audio/story_28.wav,274.928,derivatives/preprocessed_data/sub-05/MEG/sub-05_task-RDR_run-28_events.tsv,derivatives/preprocessed_data/sub-05/MEG/sub-05_task-RDR_run-28_meg.json,derivatives/preprocessed_data/sub-05/MEG/sub-05_task-RDR_run-28_meg.fif,6.05,280.948,274.898,0.03,1000.0,False,0.0395,10.65
05,29,29,stimuli/audio/story_29.wav,265.504,derivatives/preprocessed_data/sub-05/MEG/sub-05_task-RDR_run-29_events.tsv,derivatives/preprocessed_data/sub-05/MEG/sub-05_task-RDR_run-29_meg.json,derivatives/preprocessed_data/sub-05/MEG/sub-05_task-RDR_run-29_meg.fif,8.409,273.861,265.452,0.052,1000.0,False,0.0395,10.65
05,2,02,stimuli/audio/story_2.wav,352.576,derivatives/preprocessed_data/sub-05/MEG/sub-05_task-RDR_run-2_events.tsv,derivatives/preprocessed_data/sub-05/MEG/sub-05_task-RDR_run-2_meg.json,derivatives/preprocessed_data/sub-05/MEG/sub-05_task-RDR_run-2_meg.fif,8.885,361.451,352.566,0.01,1000.0,False,0.0395,10.65
05,30,30,stimuli/audio/story_30.wav,240.624,derivatives/preprocessed_data/sub-05/MEG/sub-05_task-RDR_run-30_events.tsv,derivatives/preprocessed_data/sub-05/MEG/sub-05_task-RDR_run-30_meg.json,derivatives/preprocessed_data/sub-05/MEG/sub-05_task-RDR_run-30_meg.fif,6.584,247.145,240.561,0.063,1000.0,False,0.0395,10.65
05,31,31,stimuli/audio/story_31.wav,379.232,derivatives/preprocessed_data/sub-05/MEG/sub-05_task-RDR_run-31_events.tsv,derivatives/preprocessed_data/sub-05/MEG/sub-05_task-RDR_run-31_meg.json,derivatives/preprocessed_data/sub-05/MEG/sub-05_task-RDR_run-31_meg.fif,9.578,388.807,379.229,0.003,1000.0,False,0.0395,10.65
05,32,32,stimuli/audio/story_32.wav,335.84,derivatives/preprocessed_data/sub-05/MEG/sub-05_task-RDR_run-32_events.tsv,derivatives/preprocessed_data/sub-05/MEG/sub-05_task-RDR_run-32_meg.json,derivatives/preprocessed_data/sub-05/MEG/sub-05_task-RDR_run-32_meg.fif,6.288,342.105,335.817,0.023,1000.0,False,0.0395,10.65
05,33,33,stimuli/audio/story_33.wav,321.6,derivatives/preprocessed_data/sub-05/MEG/sub-05_task-RDR_run-33_events.tsv,derivatives/preprocessed_data/sub-05/MEG/sub-05_task-RDR_run-33_meg.json,derivatives/preprocessed_data/sub-05/MEG/sub-05_task-RDR_run-33_meg.fif,8.655,330.245,321.59,0.01,1000.0,False,0.0395,10.65
05,34,34,stimuli/audio/story_34.wav,310.832,derivatives/preprocessed_data/sub-05/MEG/sub-05_task-RDR_run-34_events.tsv,derivatives/preprocessed_data/sub-05/MEG/sub-05_task-RDR_run-34_meg.json,derivatives/preprocessed_data/sub-05/MEG/sub-05_task-RDR_run-34_meg.fif,7.902,318.717,310.815,0.017,1000.0,False,0.0395,10.65
05,35,35,stimuli/audio/story_35.wav,304.816,derivatives/preprocessed_data/sub-05/MEG/sub-05_task-RDR_run-35_events.tsv,derivatives/preprocessed_data/sub-05/MEG/sub-05_task-RDR_run-35_meg.json,derivatives/preprocessed_data/sub-05/MEG/sub-05_task-RDR_run-35_meg.fif,6.67,311.451,304.781,0.035,1000.0,False,0.0395,10.65
05,36,36,stimuli/audio/story_36.wav,296.432,derivatives/preprocessed_data/sub-05/MEG/sub-05_task-RDR_run-36_events.tsv,derivatives/preprocessed_data/sub-05/MEG/sub-05_task-RDR_run-36_meg.json,derivatives/preprocessed_data/sub-05/MEG/sub-05_task-RDR_run-36_meg.fif,12.731,309.139,296.408,0.024,1000.0,False,0.0395,10.65
05,37,37,stimuli/audio/story_37.wav,288.416,derivatives/preprocessed_data/sub-05/MEG/sub-05_task-RDR_run-37_events.tsv,derivatives/preprocessed_data/sub-05/MEG/sub-05_task-RDR_run-37_meg.json,derivatives/preprocessed_data/sub-05/MEG/sub-05_task-RDR_run-37_meg.fif,6.569,294.943,288.374,0.042,1000.0,False,0.0395,10.65
05,38,38,stimuli/audio/story_38.wav,275.632,derivatives/preprocessed_data/sub-05/MEG/sub-05_task-RDR_run-38_events.tsv,derivatives/preprocessed_data/sub-05/MEG/sub-05_task-RDR_run-38_meg.json,derivatives/preprocessed_data/sub-05/MEG/sub-05_task-RDR_run-38_meg.fif,9.195,284.793,275.598,0.034,1000.0,False,0.0395,10.65
05,39,39,stimuli/audio/story_39.wav,269.728,derivatives/preprocessed_data/sub-05/MEG/sub-05_task-RDR_run-39_events.tsv,derivatives/preprocessed_data/sub-05/MEG/sub-05_task-RDR_run-39_meg.json,derivatives/preprocessed_data/sub-05/MEG/sub-05_task-RDR_run-39_meg.fif,9.508,279.203,269.695,0.033,1000.0,False,0.0395,10.65
05,3,03,stimuli/audio/story_3.wav,320.0,derivatives/preprocessed_data/sub-05/MEG/sub-05_task-RDR_run-3_events.tsv,derivatives/preprocessed_data/sub-05/MEG/sub-05_task-RDR_run-3_meg.json,derivatives/preprocessed_data/sub-05/MEG/sub-05_task-RDR_run-3_meg.fif,7.038,327.017,319.979,0.021,1000.0,False,0.0395,10.65
05,40,40,stimuli/audio/story_40.wav,255.552,derivatives/preprocessed_data/sub-05/MEG/sub-05_task-RDR_run-40_events.tsv,derivatives/preprocessed_data/sub-05/MEG/sub-05_task-RDR_run-40_meg.json,derivatives/preprocessed_data/sub-05/MEG/sub-05_task-RDR_run-40_meg.fif,6.823,262.311,255.488,0.064,1000.0,False,0.0395,10.65
05,41,41,stimuli/audio/story_41.wav,368.0,derivatives/preprocessed_data/sub-05/MEG/sub-05_task-RDR_run-41_events.tsv,derivatives/preprocessed_data/sub-05/MEG/sub-05_task-RDR_run-41_meg.json,derivatives/preprocessed_data/sub-05/MEG/sub-05_task-RDR_run-41_meg.fif,14.77,382.763,367.993,0.007,1000.0,False,0.0395,10.65
05,42,42,stimuli/audio/story_42.wav,332.304,derivatives/preprocessed_data/sub-05/MEG/sub-05_task-RDR_run-42_events.tsv,derivatives/preprocessed_data/sub-05/MEG/sub-05_task-RDR_run-42_meg.json,derivatives/preprocessed_data/sub-05/MEG/sub-05_task-RDR_run-42_meg.fif,10.461,342.736,332.275,0.029,1000.0,False,0.0395,10.65
05,43,43,stimuli/audio/story_43.wav,320.192,derivatives/preprocessed_data/sub-05/MEG/sub-05_task-RDR_run-43_events.tsv,derivatives/preprocessed_data/sub-05/MEG/sub-05_task-RDR_run-43_meg.json,derivatives/preprocessed_data/sub-05/MEG/sub-05_task-RDR_run-43_meg.fif,6.303,326.482,320.179,0.013,1000.0,False,0.0395,10.65
05,44,44,stimuli/audio/story_44.wav,308.976,derivatives/preprocessed_data/sub-05/MEG/sub-05_task-RDR_run-44_events.tsv,derivatives/preprocessed_data/sub-05/MEG/sub-05_task-RDR_run-44_meg.json,derivatives/preprocessed_data/sub-05/MEG/sub-05_task-RDR_run-44_meg.fif,6.689,315.633,308.944,0.032,1000.0,False,0.0395,10.65
05,45,45,stimuli/audio/story_45.wav,301.264,derivatives/preprocessed_data/sub-05/MEG/sub-05_task-RDR_run-45_events.tsv,derivatives/preprocessed_data/sub-05/MEG/sub-05_task-RDR_run-45_meg.json,derivatives/preprocessed_data/sub-05/MEG/sub-05_task-RDR_run-45_meg.fif,7.126,308.366,301.24,0.024,1000.0,False,0.0395,10.65
05,46,46,stimuli/audio/story_46.wav,298.4,derivatives/preprocessed_data/sub-05/MEG/sub-05_task-RDR_run-46_events.tsv,derivatives/preprocessed_data/sub-05/MEG/sub-05_task-RDR_run-46_meg.json,derivatives/preprocessed_data/sub-05/MEG/sub-05_task-RDR_run-46_meg.fif,8.621,306.98,298.359,0.041,1000.0,False,0.0395,10.65
05,47,47,stimuli/audio/story_47.wav,288.976,derivatives/preprocessed_data/sub-05/MEG/sub-05_task-RDR_run-47_events.tsv,derivatives/preprocessed_data/sub-05/MEG/sub-05_task-RDR_run-47_meg.json,derivatives/preprocessed_data/sub-05/MEG/sub-05_task-RDR_run-47_meg.fif,7.017,295.961,288.944,0.032,1000.0,False,0.0395,10.65
05,48,48,stimuli/audio/story_48.wav,275.76,derivatives/preprocessed_data/sub-05/MEG/sub-05_task-RDR_run-48_events.tsv,derivatives/preprocessed_data/sub-05/MEG/sub-05_task-RDR_run-48_meg.json,derivatives/preprocessed_data/sub-05/MEG/sub-05_task-RDR_run-48_meg.fif,8.496,284.223,275.727,0.033,1000.0,False,0.0395,10.65
05,49,49,stimuli/audio/story_49.wav,273.392,derivatives/preprocessed_data/sub-05/MEG/sub-05_task-RDR_run-49_events.tsv,derivatives/preprocessed_data/sub-05/MEG/sub-05_task-RDR_run-49_meg.json,derivatives/preprocessed_data/sub-05/MEG/sub-05_task-RDR_run-49_meg.fif,9.181,282.537,273.356,0.036,1000.0,False,0.0395,10.65
05,4,04,stimuli/audio/story_4.wav,319.184,derivatives/preprocessed_data/sub-05/MEG/sub-05_task-RDR_run-4_events.tsv,derivatives/preprocessed_data/sub-05/MEG/sub-05_task-RDR_run-4_meg.json,derivatives/preprocessed_data/sub-05/MEG/sub-05_task-RDR_run-4_meg.fif,6.549,325.717,319.168,0.016,1000.0,False,0.0395,10.65
05,50,50,stimuli/audio/story_50.wav,256.272,derivatives/preprocessed_data/sub-05/MEG/sub-05_task-RDR_run-50_events.tsv,derivatives/preprocessed_data/sub-05/MEG/sub-05_task-RDR_run-50_meg.json,derivatives/preprocessed_data/sub-05/MEG/sub-05_task-RDR_run-50_meg.fif,6.72,262.938,256.218,0.054,1000.0,False,0.0395,10.65
05,51,51,stimuli/audio/story_51.wav,352.608,derivatives/preprocessed_data/sub-05/MEG/sub-05_task-RDR_run-51_events.tsv,derivatives/preprocessed_data/sub-05/MEG/sub-05_task-RDR_run-51_meg.json,derivatives/preprocessed_data/sub-05/MEG/sub-05_task-RDR_run-51_meg.fif,5.798,358.394,352.596,0.012,1000.0,False,0.0395,10.65
05,52,52,stimuli/audio/story_52.wav,323.088,derivatives/preprocessed_data/sub-05/MEG/sub-05_task-RDR_run-52_events.tsv,derivatives/preprocessed_data/sub-05/MEG/sub-05_task-RDR_run-52_meg.json,derivatives/preprocessed_data/sub-05/MEG/sub-05_task-RDR_run-52_meg.fif,8.263,331.333,323.07,0.018,1000.0,False,0.0395,10.65
05,53,53,stimuli/audio/story_53.wav,324.608,derivatives/preprocessed_data/sub-05/MEG/sub-05_task-RDR_run-53_events.tsv,derivatives/preprocessed_data/sub-05/MEG/sub-05_task-RDR_run-53_meg.json,derivatives/preprocessed_data/sub-05/MEG/sub-05_task-RDR_run-53_meg.fif,6.566,331.148,324.582,0.026,1000.0,False,0.0395,10.65
05,54,54,stimuli/audio/story_54.wav,308.4,derivatives/preprocessed_data/sub-05/MEG/sub-05_task-RDR_run-54_events.tsv,derivatives/preprocessed_data/sub-05/MEG/sub-05_task-RDR_run-54_meg.json,derivatives/preprocessed_data/sub-05/MEG/sub-05_task-RDR_run-54_meg.fif,6.175,314.548,308.373,0.027,1000.0,False,0.0395,10.65
05,55,55,stimuli/audio/story_55.wav,300.672,derivatives/preprocessed_data/sub-05/MEG/sub-05_task-RDR_run-55_events.tsv,derivatives/preprocessed_data/sub-05/MEG/sub-05_task-RDR_run-55_meg.json,derivatives/preprocessed_data/sub-05/MEG/sub-05_task-RDR_run-55_meg.fif,6.836,307.486,300.65,0.022,1000.0,False,0.0395,10.65
05,56,56,stimuli/audio/story_56.wav,298.88,derivatives/preprocessed_data/sub-05/MEG/sub-05_task-RDR_run-56_events.tsv,derivatives/preprocessed_data/sub-05/MEG/sub-05_task-RDR_run-56_meg.json,derivatives/preprocessed_data/sub-05/MEG/sub-05_task-RDR_run-56_meg.fif,13.405,312.254,298.849,0.031,1000.0,False,0.0395,10.65
05,57,57,stimuli/audio/story_57.wav,290.0,derivatives/preprocessed_data/sub-05/MEG/sub-05_task-RDR_run-57_events.tsv,derivatives/preprocessed_data/sub-05/MEG/sub-05_task-RDR_run-57_meg.json,derivatives/preprocessed_data/sub-05/MEG/sub-05_task-RDR_run-57_meg.fif,8.694,298.649,289.955,0.045,1000.0,False,0.0395,10.65
05,58,58,stimuli/audio/story_58.wav,276.976,derivatives/preprocessed_data/sub-05/MEG/sub-05_task-RDR_run-58_events.tsv,derivatives/preprocessed_data/sub-05/MEG/sub-05_task-RDR_run-58_meg.json,derivatives/preprocessed_data/sub-05/MEG/sub-05_task-RDR_run-58_meg.fif,7.107,284.028,276.921,0.055,1000.0,False,0.0395,10.65
05,59,59,stimuli/audio/story_59.wav,273.44,derivatives/preprocessed_data/sub-05/MEG/sub-05_task-RDR_run-59_events.tsv,derivatives/preprocessed_data/sub-05/MEG/sub-05_task-RDR_run-59_meg.json,derivatives/preprocessed_data/sub-05/MEG/sub-05_task-RDR_run-59_meg.fif,7.132,280.519,273.387,0.053,1000.0,False,0.0395,10.65
05,5,05,stimuli/audio/story_5.wav,307.584,derivatives/preprocessed_data/sub-05/MEG/sub-05_task-RDR_run-5_events.tsv,derivatives/preprocessed_data/sub-05/MEG/sub-05_task-RDR_run-5_meg.json,derivatives/preprocessed_data/sub-05/MEG/sub-05_task-RDR_run-5_meg.fif,8.139,315.702,307.563,0.021,1000.0,False,0.0395,10.65
05,60,60,stimuli/audio/story_60.wav,256.384,derivatives/preprocessed_data/sub-05/MEG/sub-05_task-RDR_run-60_events.tsv,derivatives/preprocessed_data/sub-05/MEG/sub-05_task-RDR_run-60_meg.json,derivatives/preprocessed_data/sub-05/MEG/sub-05_task-RDR_run-60_meg.fif,6.226,262.545,256.319,0.065,1000.0,False,0.0395,10.65
05,6,06,stimuli/audio/story_6.wav,290.96,derivatives/preprocessed_data/sub-05/MEG/sub-05_task-RDR_run-6_events.tsv,derivatives/preprocessed_data/sub-05/MEG/sub-05_task-RDR_run-6_meg.json,derivatives/preprocessed_data/sub-05/MEG/sub-05_task-RDR_run-6_meg.fif,7.321,298.236,290.915,0.045,1000.0,False,0.0395,10.65
05,7,07,stimuli/audio/story_7.wav,280.0,derivatives/preprocessed_data/sub-05/MEG/sub-05_task-RDR_run-7_events.tsv,derivatives/preprocessed_data/sub-05/MEG/sub-05_task-RDR_run-7_meg.json,derivatives/preprocessed_data/sub-05/MEG/sub-05_task-RDR_run-7_meg.fif,7.206,287.175,279.969,0.031,1000.0,False,0.0395,10.65
05,8,08,stimuli/audio/story_8.wav,273.44,derivatives/preprocessed_data/sub-05/MEG/sub-05_task-RDR_run-8_events.tsv,derivatives/preprocessed_data/sub-05/MEG/sub-05_task-RDR_run-8_meg.json,derivatives/preprocessed_data/sub-05/MEG/sub-05_task-RDR_run-8_meg.fif,8.376,281.762,273.386,0.054,1000.0,False,0.0395,10.65
05,9,09,stimuli/audio/story_9.wav,258.768,derivatives/preprocessed_data/sub-05/MEG/sub-05_task-RDR_run-9_events.tsv,derivatives/preprocessed_data/sub-05/MEG/sub-05_task-RDR_run-9_meg.json,derivatives/preprocessed_data/sub-05/MEG/sub-05_task-RDR_run-9_meg.fif,6.581,265.301,258.72,0.048,1000.0,False,0.0395,10.65
06,10,10,stimuli/audio/story_10.wav,240.0,derivatives/preprocessed_data/sub-06/MEG/sub-06_task-RDR_run-10_events.tsv,derivatives/preprocessed_data/sub-06/MEG/sub-06_task-RDR_run-10_meg.json,derivatives/preprocessed_data/sub-06/MEG/sub-06_task-RDR_run-10_meg.fif,13.61,253.539,239.929,0.071,1000.0,False,0.0395,10.65
06,11,11,stimuli/audio/story_11.wav,398.336,derivatives/preprocessed_data/sub-06/MEG/sub-06_task-RDR_run-11_events.tsv,derivatives/preprocessed_data/sub-06/MEG/sub-06_task-RDR_run-11_meg.json,derivatives/preprocessed_data/sub-06/MEG/sub-06_task-RDR_run-11_meg.fif,7.631,405.978,398.347,-0.011,1000.0,False,0.0395,10.65
06,12,12,stimuli/audio/story_12.wav,351.712,derivatives/preprocessed_data/sub-06/MEG/sub-06_task-RDR_run-12_events.tsv,derivatives/preprocessed_data/sub-06/MEG/sub-06_task-RDR_run-12_meg.json,derivatives/preprocessed_data/sub-06/MEG/sub-06_task-RDR_run-12_meg.fif,6.048,357.753,351.705,0.007,1000.0,False,0.0395,10.65
06,13,13,stimuli/audio/story_13.wav,323.744,derivatives/preprocessed_data/sub-06/MEG/sub-06_task-RDR_run-13_events.tsv,derivatives/preprocessed_data/sub-06/MEG/sub-06_task-RDR_run-13_meg.json,derivatives/preprocessed_data/sub-06/MEG/sub-06_task-RDR_run-13_meg.fif,7.704,331.425,323.721,0.023,1000.0,False,0.0395,10.65
06,14,14,stimuli/audio/story_14.wav,318.992,derivatives/preprocessed_data/sub-06/MEG/sub-06_task-RDR_run-14_events.tsv,derivatives/preprocessed_data/sub-06/MEG/sub-06_task-RDR_run-14_meg.json,derivatives/preprocessed_data/sub-06/MEG/sub-06_task-RDR_run-14_meg.fif,6.338,325.297,318.959,0.033,1000.0,False,0.0395,10.65
06,15,15,stimuli/audio/story_15.wav,307.712,derivatives/preprocessed_data/sub-06/MEG/sub-06_task-RDR_run-15_events.tsv,derivatives/preprocessed_data/sub-06/MEG/sub-06_task-RDR_run-15_meg.json,derivatives/preprocessed_data/sub-06/MEG/sub-06_task-RDR_run-15_meg.fif,16.92,324.616,307.696,0.016,1000.0,False,0.0395,10.65
06,16,16,stimuli/audio/story_16.wav,294.496,derivatives/preprocessed_data/sub-06/MEG/sub-06_task-RDR_run-16_events.tsv,derivatives/preprocessed_data/sub-06/MEG/sub-06_task-RDR_run-16_meg.json,derivatives/preprocessed_data/sub-06/MEG/sub-06_task-RDR_run-16_meg.fif,12.218,306.674,294.456,0.04,1000.0,False,0.0395,10.65
06,17,17,stimuli/audio/story_17.wav,280.0,derivatives/preprocessed_data/sub-06/MEG/sub-06_task-RDR_run-17_events.tsv,derivatives/preprocessed_data/sub-06/MEG/sub-06_task-RDR_run-17_meg.json,derivatives/preprocessed_data/sub-06/MEG/sub-06_task-RDR_run-17_meg.fif,7.551,287.521,279.97,0.03,1000.0,False,0.0395,10.65
06,18,18,stimuli/audio/story_18.wav,274.48,derivatives/preprocessed_data/sub-06/MEG/sub-06_task-RDR_run-18_events.tsv,derivatives/preprocessed_data/sub-06/MEG/sub-06_task-RDR_run-18_meg.json,derivatives/preprocessed_data/sub-06/MEG/sub-06_task-RDR_run-18_meg.fif,7.018,281.445,274.427,0.053,1000.0,False,0.0395,10.65
06,19,19,stimuli/audio/story_19.wav,263.648,derivatives/preprocessed_data/sub-06/MEG/sub-06_task-RDR_run-19_events.tsv,derivatives/preprocessed_data/sub-06/MEG/sub-06_task-RDR_run-19_meg.json,derivatives/preprocessed_data/sub-06/MEG/sub-06_task-RDR_run-19_meg.fif,7.347,270.949,263.602,0.046,1000.0,False,0.0395,10.65
06,1,01,stimuli/audio/story_1.wav,406.416,derivatives/preprocessed_data/sub-06/MEG/sub-06_task-RDR_run-1_events.tsv,derivatives/preprocessed_data/sub-06/MEG/sub-06_task-RDR_run-1_meg.json,derivatives/preprocessed_data/sub-06/MEG/sub-06_task-RDR_run-1_meg.fif,6.492,412.933,406.441,-0.025,1000.0,False,0.0395,10.65
06,20,20,stimuli/audio/story_20.wav,240.224,derivatives/preprocessed_data/sub-06/MEG/sub-06_task-RDR_run-20_events.tsv,derivatives/preprocessed_data/sub-06/MEG/sub-06_task-RDR_run-20_meg.json,derivatives/preprocessed_data/sub-06/MEG/sub-06_task-RDR_run-20_meg.fif,6.35,246.521,240.171,0.053,1000.0,False,0.0395,10.65
06,21,21,stimuli/audio/story_21.wav,393.488,derivatives/preprocessed_data/sub-06/MEG/sub-06_task-RDR_run-21_events.tsv,derivatives/preprocessed_data/sub-06/MEG/sub-06_task-RDR_run-21_meg.json,derivatives/preprocessed_data/sub-06/MEG/sub-06_task-RDR_run-21_meg.fif,13.065,406.581,393.516,-0.028,1000.0,False,0.0395,10.65
06,22,22,stimuli/audio/story_22.wav,345.232,derivatives/preprocessed_data/sub-06/MEG/sub-06_task-RDR_run-22_events.tsv,derivatives/preprocessed_data/sub-06/MEG/sub-06_task-RDR_run-22_meg.json,derivatives/preprocessed_data/sub-06/MEG/sub-06_task-RDR_run-22_meg.fif,8.411,353.644,345.233,-0.001,1000.0,False,0.0395,10.65
06,23,23,stimuli/audio/story_23.wav,322.608,derivatives/preprocessed_data/sub-06/MEG/sub-06_task-RDR_run-23_events.tsv,derivatives/preprocessed_data/sub-06/MEG/sub-06_task-RDR_run-23_meg.json,derivatives/preprocessed_data/sub-06/MEG/sub-06_task-RDR_run-23_meg.fif,8.622,331.203,322.581,0.027,1000.0,False,0.0395,10.65
06,24,24,stimuli/audio/story_24.wav,315.68,derivatives/preprocessed_data/sub-06/MEG/sub-06_task-RDR_run-24_events.tsv,derivatives/preprocessed_data/sub-06/MEG/sub-06_task-RDR_run-24_meg.json,derivatives/preprocessed_data/sub-06/MEG/sub-06_task-RDR_run-24_meg.fif,7.317,322.974,315.657,0.023,1000.0,False,0.0395,10.65
06,25,25,stimuli/audio/story_25.wav,304.896,derivatives/preprocessed_data/sub-06/MEG/sub-06_task-RDR_run-25_events.tsv,derivatives/preprocessed_data/sub-06/MEG/sub-06_task-RDR_run-25_meg.json,derivatives/preprocessed_data/sub-06/MEG/sub-06_task-RDR_run-25_meg.fif,8.839,313.701,304.862,0.034,1000.0,False,0.0395,10.65
06,26,26,stimuli/audio/story_26.wav,295.024,derivatives/preprocessed_data/sub-06/MEG/sub-06_task-RDR_run-26_events.tsv,derivatives/preprocessed_data/sub-06/MEG/sub-06_task-RDR_run-26_meg.json,derivatives/preprocessed_data/sub-06/MEG/sub-06_task-RDR_run-26_meg.fif,12.014,307.022,295.008,0.016,1000.0,False,0.0395,10.65
06,27,27,stimuli/audio/story_27.wav,284.848,derivatives/preprocessed_data/sub-06/MEG/sub-06_task-RDR_run-27_events.tsv,derivatives/preprocessed_data/sub-06/MEG/sub-06_task-RDR_run-27_meg.json,derivatives/preprocessed_data/sub-06/MEG/sub-06_task-RDR_run-27_meg.fif,8.088,292.89,284.802,0.046,1000.0,False,0.0395,10.65
06,28,28,stimuli/audio/story_28.wav,274.928,derivatives/preprocessed_data/sub-06/MEG/sub-06_task-RDR_run-28_events.tsv,derivatives/preprocessed_data/sub-06/MEG/sub-06_task-RDR_run-28_meg.json,derivatives/preprocessed_data/sub-06/MEG/sub-06_task-RDR_run-28_meg.fif,5.823,280.72,274.897,0.031,1000.0,False,0.0395,10.65
06,29,29,stimuli/audio/story_29.wav,265.504,derivatives/preprocessed_data/sub-06/MEG/sub-06_task-RDR_run-29_events.tsv,derivatives/preprocessed_data/sub-06/MEG/sub-06_task-RDR_run-29_meg.json,derivatives/preprocessed_data/sub-06/MEG/sub-06_task-RDR_run-29_meg.fif,6.501,271.953,265.452,0.052,1000.0,False,0.0395,10.65
06,2,02,stimuli/audio/story_2.wav,352.576,derivatives/preprocessed_data/sub-06/MEG/sub-06_task-RDR_run-2_events.tsv,derivatives/preprocessed_data/sub-06/MEG/sub-06_task-RDR_run-2_meg.json,derivatives/preprocessed_data/sub-06/MEG/sub-06_task-RDR_run-2_meg.fif,7.394,359.96,352.566,0.01,1000.0,False,0.0395,10.65
06,30,30,stimuli/audio/story_30.wav,240.624,derivatives/preprocessed_data/sub-06/MEG/sub-06_task-RDR_run-30_events.tsv,derivatives/preprocessed_data/sub-06/MEG/sub-06_task-RDR_run-30_meg.json,derivatives/preprocessed_data/sub-06/MEG/sub-06_task-RDR_run-30_meg.fif,170.061,410.622,240.561,0.063,1000.0,False,0.0395,10.65
06,31,31,stimuli/audio/story_31.wav,379.232,derivatives/preprocessed_data/sub-06/MEG/sub-06_task-RDR_run-31_events.tsv,derivatives/preprocessed_data/sub-06/MEG/sub-06_task-RDR_run-31_meg.json,derivatives/preprocessed_data/sub-06/MEG/sub-06_task-RDR_run-31_meg.fif,7.349,386.578,379.229,0.003,1000.0,False,0.0395,10.65
06,32,32,stimuli/audio/story_32.wav,335.84,derivatives/preprocessed_data/sub-06/MEG/sub-06_task-RDR_run-32_events.tsv,derivatives/preprocessed_data/sub-06/MEG/sub-06_task-RDR_run-32_meg.json,derivatives/preprocessed_data/sub-06/MEG/sub-06_task-RDR_run-32_meg.fif,4.742,340.559,335.817,0.023,1000.0,False,0.0395,10.65
06,33,33,stimuli/audio/story_33.wav,321.6,derivatives/preprocessed_data/sub-06/MEG/sub-06_task-RDR_run-33_events.tsv,derivatives/preprocessed_data/sub-06/MEG/sub-06_task-RDR_run-33_meg.json,derivatives/preprocessed_data/sub-06/MEG/sub-06_task-RDR_run-33_meg.fif,6.947,328.538,321.591,0.009,1000.0,False,0.0395,10.65
06,34,34,stimuli/audio/story_34.wav,310.832,derivatives/preprocessed_data/sub-06/MEG/sub-06_task-RDR_run-34_events.tsv,derivatives/preprocessed_data/sub-06/MEG/sub-06_task-RDR_run-34_meg.json,derivatives/preprocessed_data/sub-06/MEG/sub-06_task-RDR_run-34_meg.fif,9.776,320.592,310.816,0.016,1000.0,False,0.0395,10.65
06,35,35,stimuli/audio/story_35.wav,304.816,derivatives/preprocessed_data/sub-06/MEG/sub-06_task-RDR_run-35_events.tsv,derivatives/preprocessed_data/sub-06/MEG/sub-06_task-RDR_run-35_meg.json,derivatives/preprocessed_data/sub-06/MEG/sub-06_task-RDR_run-35_meg.fif,6.661,311.443,304.782,0.034,1000.0,False,0.0395,10.65
06,36,36,stimuli/audio/story_36.wav,296.432,derivatives/preprocessed_data/sub-06/MEG/sub-06_task-RDR_run-36_events.tsv,derivatives/preprocessed_data/sub-06/MEG/sub-06_task-RDR_run-36_meg.json,derivatives/preprocessed_data/sub-06/MEG/sub-06_task-RDR_run-36_meg.fif,18.897,315.304,296.407,0.025,1000.0,False,0.0395,10.65
06,37,37,stimuli/audio/story_37.wav,288.416,derivatives/preprocessed_data/sub-06/MEG/sub-06_task-RDR_run-37_events.tsv,derivatives/preprocessed_data/sub-06/MEG/sub-06_task-RDR_run-37_meg.json,derivatives/preprocessed_data/sub-06/MEG/sub-06_task-RDR_run-37_meg.fif,13.825,302.199,288.374,0.042,1000.0,False,0.0395,10.65
06,38,38,stimuli/audio/story_38.wav,275.632,derivatives/preprocessed_data/sub-06/MEG/sub-06_task-RDR_run-38_events.tsv,derivatives/preprocessed_data/sub-06/MEG/sub-06_task-RDR_run-38_meg.json,derivatives/preprocessed_data/sub-06/MEG/sub-06_task-RDR_run-38_meg.fif,7.153,282.751,275.598,0.034,1000.0,False,0.0395,10.65
06,39,39,stimuli/audio/story_39.wav,269.728,derivatives/preprocessed_data/sub-06/MEG/sub-06_task-RDR_run-39_events.tsv,derivatives/preprocessed_data/sub-06/MEG/sub-06_task-RDR_run-39_meg.json,derivatives/preprocessed_data/sub-06/MEG/sub-06_task-RDR_run-39_meg.fif,4.898,274.593,269.695,0.033,1000.0,False,0.0395,10.65
06,3,03,stimuli/audio/story_3.wav,320.0,derivatives/preprocessed_data/sub-06/MEG/sub-06_task-RDR_run-3_events.tsv,derivatives/preprocessed_data/sub-06/MEG/sub-06_task-RDR_run-3_meg.json,derivatives/preprocessed_data/sub-06/MEG/sub-06_task-RDR_run-3_meg.fif,4.571,324.551,319.98,0.02,1000.0,False,0.0395,10.65
06,40,40,stimuli/audio/story_40.wav,255.552,derivatives/preprocessed_data/sub-06/MEG/sub-06_task-RDR_run-40_events.tsv,derivatives/preprocessed_data/sub-06/MEG/sub-06_task-RDR_run-40_meg.json,derivatives/preprocessed_data/sub-06/MEG/sub-06_task-RDR_run-40_meg.fif,9.06,264.547,255.487,0.065,1000.0,False,0.0395,10.65
06,41,41,stimuli/audio/story_41.wav,368.0,derivatives/preprocessed_data/sub-06/MEG/sub-06_task-RDR_run-41_events.tsv,derivatives/preprocessed_data/sub-06/MEG/sub-06_task-RDR_run-41_meg.json,derivatives/preprocessed_data/sub-06/MEG/sub-06_task-RDR_run-41_meg.fif,9.062,377.056,367.994,0.006,1000.0,False,0.0395,10.65
06,42,42,stimuli/audio/story_42.wav,332.304,derivatives/preprocessed_data/sub-06/MEG/sub-06_task-RDR_run-42_events.tsv,derivatives/preprocessed_data/sub-06/MEG/sub-06_task-RDR_run-42_meg.json,derivatives/preprocessed_data/sub-06/MEG/sub-06_task-RDR_run-42_meg.fif,10.857,343.131,332.274,0.03,1000.0,False,0.0395,10.65
06,43,43,stimuli/audio/story_43.wav,320.192,derivatives/preprocessed_data/sub-06/MEG/sub-06_task-RDR_run-43_events.tsv,derivatives/preprocessed_data/sub-06/MEG/sub-06_task-RDR_run-43_meg.json,derivatives/preprocessed_data/sub-06/MEG/sub-06_task-RDR_run-43_meg.fif,16.942,337.122,320.18,0.012,1000.0,False,0.0395,10.65
06,44,44,stimuli/audio/story_44.wav,308.976,derivatives/preprocessed_data/sub-06/MEG/sub-06_task-RDR_run-44_events.tsv,derivatives/preprocessed_data/sub-06/MEG/sub-06_task-RDR_run-44_meg.json,derivatives/preprocessed_data/sub-06/MEG/sub-06_task-RDR_run-44_meg.fif,6.718,315.662,308.944,0.032,1000.0,False,0.0395,10.65
06,45,45,stimuli/audio/story_45.wav,301.264,derivatives/preprocessed_data/sub-06/MEG/sub-06_task-RDR_run-45_events.tsv,derivatives/preprocessed_data/sub-06/MEG/sub-06_task-RDR_run-45_meg.json,derivatives/preprocessed_data/sub-06/MEG/sub-06_task-RDR_run-45_meg.fif,5.98,307.221,301.241,0.023,1000.0,False,0.0395,10.65
06,46,46,stimuli/audio/story_46.wav,298.4,derivatives/preprocessed_data/sub-06/MEG/sub-06_task-RDR_run-46_events.tsv,derivatives/preprocessed_data/sub-06/MEG/sub-06_task-RDR_run-46_meg.json,derivatives/preprocessed_data/sub-06/MEG/sub-06_task-RDR_run-46_meg.fif,8.987,307.346,298.359,0.041,1000.0,False,0.0395,10.65
06,47,47,stimuli/audio/story_47.wav,288.976,derivatives/preprocessed_data/sub-06/MEG/sub-06_task-RDR_run-47_events.tsv,derivatives/preprocessed_data/sub-06/MEG/sub-06_task-RDR_run-47_meg.json,derivatives/preprocessed_data/sub-06/MEG/sub-06_task-RDR_run-47_meg.fif,5.659,294.602,288.943,0.033,1000.0,False,0.0395,10.65
06,48,48,stimuli/audio/story_48.wav,275.76,derivatives/preprocessed_data/sub-06/MEG/sub-06_task-RDR_run-48_events.tsv,derivatives/preprocessed_data/sub-06/MEG/sub-06_task-RDR_run-48_meg.json,derivatives/preprocessed_data/sub-06/MEG/sub-06_task-RDR_run-48_meg.fif,8.759,284.486,275.727,0.033,1000.0,False,0.0395,10.65
06,49,49,stimuli/audio/story_49.wav,273.392,derivatives/preprocessed_data/sub-06/MEG/sub-06_task-RDR_run-49_events.tsv,derivatives/preprocessed_data/sub-06/MEG/sub-06_task-RDR_run-49_meg.json,derivatives/preprocessed_data/sub-06/MEG/sub-06_task-RDR_run-49_meg.fif,7.022,280.378,273.356,0.036,1000.0,False,0.0395,10.65
06,4,04,stimuli/audio/story_4.wav,319.184,derivatives/preprocessed_data/sub-06/MEG/sub-06_task-RDR_run-4_events.tsv,derivatives/preprocessed_data/sub-06/MEG/sub-06_task-RDR_run-4_meg.json,derivatives/preprocessed_data/sub-06/MEG/sub-06_task-RDR_run-4_meg.fif,9.208,328.377,319.169,0.015,1000.0,False,0.0395,10.65
06,50,50,stimuli/audio/story_50.wav,256.272,derivatives/preprocessed_data/sub-06/MEG/sub-06_task-RDR_run-50_events.tsv,derivatives/preprocessed_data/sub-06/MEG/sub-06_task-RDR_run-50_meg.json,derivatives/preprocessed_data/sub-06/MEG/sub-06_task-RDR_run-50_meg.fif,6.113,262.332,256.219,0.053,1000.0,False,0.0395,10.65
06,51,51,stimuli/audio/story_51.wav,352.608,derivatives/preprocessed_data/sub-06/MEG/sub-06_task-RDR_run-51_events.tsv,derivatives/preprocessed_data/sub-06/MEG/sub-06_task-RDR_run-51_meg.json,derivatives/preprocessed_data/sub-06/MEG/sub-06_task-RDR_run-51_meg.fif,5.728,358.324,352.596,0.012,1000.0,False,0.0395,10.65
06,52,52,stimuli/audio/story_52.wav,323.088,derivatives/preprocessed_data/sub-06/MEG/sub-06_task-RDR_run-52_events.tsv,derivatives/preprocessed_data/sub-06/MEG/sub-06_task-RDR_run-52_meg.json,derivatives/preprocessed_data/sub-06/MEG/sub-06_task-RDR_run-52_meg.fif,6.981,330.053,323.072,0.016,1000.0,False,0.0395,10.65
06,53,53,stimuli/audio/story_53.wav,324.608,derivatives/preprocessed_data/sub-06/MEG/sub-06_task-RDR_run-53_events.tsv,derivatives/preprocessed_data/sub-06/MEG/sub-06_task-RDR_run-53_meg.json,derivatives/preprocessed_data/sub-06/MEG/sub-06_task-RDR_run-53_meg.fif,7.552,332.133,324.581,0.027,1000.0,False,0.0395,10.65
06,54,54,stimuli/audio/story_54.wav,308.4,derivatives/preprocessed_data/sub-06/MEG/sub-06_task-RDR_run-54_events.tsv,derivatives/preprocessed_data/sub-06/MEG/sub-06_task-RDR_run-54_meg.json,derivatives/preprocessed_data/sub-06/MEG/sub-06_task-RDR_run-54_meg.fif,12.592,320.966,308.374,0.026,1000.0,False,0.0395,10.65
06,55,55,stimuli/audio/story_55.wav,300.672,derivatives/preprocessed_data/sub-06/MEG/sub-06_task-RDR_run-55_events.tsv,derivatives/preprocessed_data/sub-06/MEG/sub-06_task-RDR_run-55_meg.json,derivatives/preprocessed_data/sub-06/MEG/sub-06_task-RDR_run-55_meg.fif,6.68,307.331,300.651,0.021,1000.0,False,0.0395,10.65
06,56,56,stimuli/audio/story_56.wav,298.88,derivatives/preprocessed_data/sub-06/MEG/sub-06_task-RDR_run-56_events.tsv,derivatives/preprocessed_data/sub-06/MEG/sub-06_task-RDR_run-56_meg.json,derivatives/preprocessed_data/sub-06/MEG/sub-06_task-RDR_run-56_meg.fif,6.748,305.597,298.849,0.031,1000.0,False,0.0395,10.65
06,57,57,stimuli/audio/story_57.wav,290.0,derivatives/preprocessed_data/sub-06/MEG/sub-06_task-RDR_run-57_events.tsv,derivatives/preprocessed_data/sub-06/MEG/sub-06_task-RDR_run-57_meg.json,derivatives/preprocessed_data/sub-06/MEG/sub-06_task-RDR_run-57_meg.fif,10.378,300.332,289.954,0.046,1000.0,False,0.0395,10.65
06,58,58,stimuli/audio/story_58.wav,276.976,derivatives/preprocessed_data/sub-06/MEG/sub-06_task-RDR_run-58_events.tsv,derivatives/preprocessed_data/sub-06/MEG/sub-06_task-RDR_run-58_meg.json,derivatives/preprocessed_data/sub-06/MEG/sub-06_task-RDR_run-58_meg.fif,7.107,284.028,276.921,0.055,1000.0,False,0.0395,10.65
06,59,59,stimuli/audio/story_59.wav,273.44,derivatives/preprocessed_data/sub-06/MEG/sub-06_task-RDR_run-59_events.tsv,derivatives/preprocessed_data/sub-06/MEG/sub-06_task-RDR_run-59_meg.json,derivatives/preprocessed_data/sub-06/MEG/sub-06_task-RDR_run-59_meg.fif,7.132,280.519,273.387,0.053,1000.0,False,0.0395,10.65
06,5,05,stimuli/audio/story_5.wav,307.584,derivatives/preprocessed_data/sub-06/MEG/sub-06_task-RDR_run-5_events.tsv,derivatives/preprocessed_data/sub-06/MEG/sub-06_task-RDR_run-5_meg.json,derivatives/preprocessed_data/sub-06/MEG/sub-06_task-RDR_run-5_meg.fif,8.729,316.292,307.563,0.021,1000.0,False,0.0395,10.65
06,60,60,stimuli/audio/story_60.wav,256.384,derivatives/preprocessed_data/sub-06/MEG/sub-06_task-RDR_run-60_events.tsv,derivatives/preprocessed_data/sub-06/MEG/sub-06_task-RDR_run-60_meg.json,derivatives/preprocessed_data/sub-06/MEG/sub-06_task-RDR_run-60_meg.fif,6.226,262.545,256.319,0.065,1000.0,False,0.0395,10.65
06,6,06,stimuli/audio/story_6.wav,290.96,derivatives/preprocessed_data/sub-06/MEG/sub-06_task-RDR_run-6_events.tsv,derivatives/preprocessed_data/sub-06/MEG/sub-06_task-RDR_run-6_meg.json,derivatives/preprocessed_data/sub-06/MEG/sub-06_task-RDR_run-6_meg.fif,9.254,300.168,290.914,0.046,1000.0,False,0.0395,10.65
06,7,07,stimuli/audio/story_7.wav,280.0,derivatives/preprocessed_data/sub-06/MEG/sub-06_task-RDR_run-7_events.tsv,derivatives/preprocessed_data/sub-06/MEG/sub-06_task-RDR_run-7_meg.json,derivatives/preprocessed_data/sub-06/MEG/sub-06_task-RDR_run-7_meg.fif,10.499,290.469,279.97,0.03,1000.0,False,0.0395,10.65
06,8,08,stimuli/audio/story_8.wav,273.44,derivatives/preprocessed_data/sub-06/MEG/sub-06_task-RDR_run-8_events.tsv,derivatives/preprocessed_data/sub-06/MEG/sub-06_task-RDR_run-8_meg.json,derivatives/preprocessed_data/sub-06/MEG/sub-06_task-RDR_run-8_meg.fif,12.842,286.229,273.387,0.053,1000.0,False,0.0395,10.65
06,9,09,stimuli/audio/story_9.wav,258.768,derivatives/preprocessed_data/sub-06/MEG/sub-06_task-RDR_run-9_events.tsv,derivatives/preprocessed_data/sub-06/MEG/sub-06_task-RDR_run-9_meg.json,derivatives/preprocessed_data/sub-06/MEG/sub-06_task-RDR_run-9_meg.fif,8.676,267.386,258.71,0.058,1000.0,False,0.0395,10.65
07,10,10,stimuli/audio/story_10.wav,240.0,derivatives/preprocessed_data/sub-07/MEG/sub-07_task-RDR_run-10_events.tsv,derivatives/preprocessed_data/sub-07/MEG/sub-07_task-RDR_run-10_meg.json,derivatives/preprocessed_data/sub-07/MEG/sub-07_task-RDR_run-10_meg.fif,6.964,246.894,239.93,0.07,1000.0,False,0.0395,10.65
07,11,11,stimuli/audio/story_11.wav,398.336,derivatives/preprocessed_data/sub-07/MEG/sub-07_task-RDR_run-11_events.tsv,derivatives/preprocessed_data/sub-07/MEG/sub-07_task-RDR_run-11_meg.json,derivatives/preprocessed_data/sub-07/MEG/sub-07_task-RDR_run-11_meg.fif,5.674,404.022,398.348,-0.012,1000.0,False,0.0395,10.65
07,12,12,stimuli/audio/story_12.wav,351.712,derivatives/preprocessed_data/sub-07/MEG/sub-07_task-RDR_run-12_events.tsv,derivatives/preprocessed_data/sub-07/MEG/sub-07_task-RDR_run-12_meg.json,derivatives/preprocessed_data/sub-07/MEG/sub-07_task-RDR_run-12_meg.fif,10.876,362.59,351.714,-0.002,1000.0,False,0.0395,10.65
07,13,13,stimuli/audio/story_13.wav,323.744,derivatives/preprocessed_data/sub-07/MEG/sub-07_task-RDR_run-13_events.tsv,derivatives/preprocessed_data/sub-07/MEG/sub-07_task-RDR_run-13_meg.json,derivatives/preprocessed_data/sub-07/MEG/sub-07_task-RDR_run-13_meg.fif,13.268,336.99,323.722,0.022,1000.0,False,0.0395,10.65
07,14,14,stimuli/audio/story_14.wav,318.992,derivatives/preprocessed_data/sub-07/MEG/sub-07_task-RDR_run-14_events.tsv,derivatives/preprocessed_data/sub-07/MEG/sub-07_task-RDR_run-14_meg.json,derivatives/preprocessed_data/sub-07/MEG/sub-07_task-RDR_run-14_meg.fif,13.721,332.678,318.957,0.035,1000.0,False,0.0395,10.65
07,15,15,stimuli/audio/story_15.wav,307.712,derivatives/preprocessed_data/sub-07/MEG/sub-07_task-RDR_run-15_events.tsv,derivatives/preprocessed_data/sub-07/MEG/sub-07_task-RDR_run-15_meg.json,derivatives/preprocessed_data/sub-07/MEG/sub-07_task-RDR_run-15_meg.fif,11.827,319.521,307.694,0.018,1000.0,False,0.0395,10.65
07,16,16,stimuli/audio/story_16.wav,294.496,derivatives/preprocessed_data/sub-07/MEG/sub-07_task-RDR_run-16_events.tsv,derivatives/preprocessed_data/sub-07/MEG/sub-07_task-RDR_run-16_meg.json,derivatives/preprocessed_data/sub-07/MEG/sub-07_task-RDR_run-16_meg.fif,5.738,300.194,294.456,0.04,1000.0,False,0.0395,10.65
07,17,17,stimuli/audio/story_17.wav,280.0,derivatives/preprocessed_data/sub-07/MEG/sub-07_task-RDR_run-17_events.tsv,derivatives/preprocessed_data/sub-07/MEG/sub-07_task-RDR_run-17_meg.json,derivatives/preprocessed_data/sub-07/MEG/sub-07_task-RDR_run-17_meg.fif,8.08,288.049,279.969,0.031,1000.0,False,0.0395,10.65
07,18,18,stimuli/audio/story_18.wav,274.48,derivatives/preprocessed_data/sub-07/MEG/sub-07_task-RDR_run-18_events.tsv,derivatives/preprocessed_data/sub-07/MEG/sub-07_task-RDR_run-18_meg.json,derivatives/preprocessed_data/sub-07/MEG/sub-07_task-RDR_run-18_meg.fif,7.414,281.841,274.427,0.053,1000.0,False,0.0395,10.65
07,19,19,stimuli/audio/story_19.wav,263.648,derivatives/preprocessed_data/sub-07/MEG/sub-07_task-RDR_run-19_events.tsv,derivatives/preprocessed_data/sub-07/MEG/sub-07_task-RDR_run-19_meg.json,derivatives/preprocessed_data/sub-07/MEG/sub-07_task-RDR_run-19_meg.fif,7.526,271.127,263.601,0.047,1000.0,False,0.0395,10.65
07,1,01,stimuli/audio/story_1.wav,406.416,derivatives/preprocessed_data/sub-07/MEG/sub-07_task-RDR_run-1_events.tsv,derivatives/preprocessed_data/sub-07/MEG/sub-07_task-RDR_run-1_meg.json,derivatives/preprocessed_data/sub-07/MEG/sub-07_task-RDR_run-1_meg.fif,7.709,414.15,406.441,-0.025,1000.0,False,0.0395,10.65
07,20,20,stimuli/audio/story_20.wav,240.224,derivatives/preprocessed_data/sub-07/MEG/sub-07_task-RDR_run-20_events.tsv,derivatives/preprocessed_data/sub-07/MEG/sub-07_task-RDR_run-20_meg.json,derivatives/preprocessed_data/sub-07/MEG/sub-07_task-RDR_run-20_meg.fif,6.329,246.499,240.17,0.054,1000.0,False,0.0395,10.65
07,21,21,stimuli/audio/story_21.wav,393.488,derivatives/preprocessed_data/sub-07/MEG/sub-07_task-RDR_run-21_events.tsv,derivatives/preprocessed_data/sub-07/MEG/sub-07_task-RDR_run-21_meg.json,derivatives/preprocessed_data/sub-07/MEG/sub-07_task-RDR_run-21_meg.fif,15.811,409.327,393.516,-0.028,1000.0,False,0.0395,10.65
07,22,22,stimuli/audio/story_22.wav,345.232,derivatives/preprocessed_data/sub-07/MEG/sub-07_task-RDR_run-22_events.tsv,derivatives/preprocessed_data/sub-07/MEG/sub-07_task-RDR_run-22_meg.json,derivatives/preprocessed_data/sub-07/MEG/sub-07_task-RDR_run-22_meg.fif,7.142,352.373,345.231,0.001,1000.0,False,0.0395,10.65
07,23,23,stimuli/audio/story_23.wav,322.608,derivatives/preprocessed_data/sub-07/MEG/sub-07_task-RDR_run-23_events.tsv,derivatives/preprocessed_data/sub-07/MEG/sub-07_task-RDR_run-23_meg.json,derivatives/preprocessed_data/sub-07/MEG/sub-07_task-RDR_run-23_meg.fif,7.536,330.117,322.581,0.027,1000.0,False,0.0395,10.65
07,24,24,stimuli/audio/story_24.wav,315.68,derivatives/preprocessed_data/sub-07/MEG/sub-07_task-RDR_run-24_events.tsv,derivatives/preprocessed_data/sub-07/MEG/sub-07_task-RDR_run-24_meg.json,derivatives/preprocessed_data/sub-07/MEG/sub-07_task-RDR_run-24_meg.fif,6.583,322.24,315.657,0.023,1000.0,False,0.0395,10.65
07,25,25,stimuli/audio/story_25.wav,304.896,derivatives/preprocessed_data/sub-07/MEG/sub-07_task-RDR_run-25_events.tsv,derivatives/preprocessed_data/sub-07/MEG/sub-07_task-RDR_run-25_meg.json,derivatives/preprocessed_data/sub-07/MEG/sub-07_task-RDR_run-25_meg.fif,7.276,312.137,304.861,0.035,1000.0,False,0.0395,10.65
07,26,26,stimuli/audio/story_26.wav,295.024,derivatives/preprocessed_data/sub-07/MEG/sub-07_task-RDR_run-26_events.tsv,derivatives/preprocessed_data/sub-07/MEG/sub-07_task-RDR_run-26_meg.json,derivatives/preprocessed_data/sub-07/MEG/sub-07_task-RDR_run-26_meg.fif,5.852,300.859,295.007,0.017,1000.0,False,0.0395,10.65
07,27,27,stimuli/audio/story_27.wav,284.848,derivatives/preprocessed_data/sub-07/MEG/sub-07_task-RDR_run-27_events.tsv,derivatives/preprocessed_data/sub-07/MEG/sub-07_task-RDR_run-27_meg.json,derivatives/preprocessed_data/sub-07/MEG/sub-07_task-RDR_run-27_meg.fif,12.439,297.24,284.801,0.047,1000.0,False,0.0395,10.65
07,28,28,stimuli/audio/story_28.wav,274.928,derivatives/preprocessed_data/sub-07/MEG/sub-07_task-RDR_run-28_events.tsv,derivatives/preprocessed_data/sub-07/MEG/sub-07_task-RDR_run-28_meg.json,derivatives/preprocessed_data/sub-07/MEG/sub-07_task-RDR_run-28_meg.fif,8.496,283.394,274.898,0.03,1000.0,False,0.0395,10.65
07,29,29,stimuli/audio/story_29.wav,265.504,derivatives/preprocessed_data/sub-07/MEG/sub-07_task-RDR_run-29_events.tsv,derivatives/preprocessed_data/sub-07/MEG/sub-07_task-RDR_run-29_meg.json,derivatives/preprocessed_data/sub-07/MEG/sub-07_task-RDR_run-29_meg.fif,6.211,271.663,265.452,0.052,1000.0,False,0.0395,10.65
07,2,02,stimuli/audio/story_2.wav,352.576,derivatives/preprocessed_data/sub-07/MEG/sub-07_task-RDR_run-2_events.tsv,derivatives/preprocessed_data/sub-07/MEG/sub-07_task-RDR_run-2_meg.json,derivatives/preprocessed_data/sub-07/MEG/sub-07_task-RDR_run-2_meg.fif,5.356,357.921,352.565,0.011,1000.0,False,0.0395,10.65
07,30,30,stimuli/audio/story_30.wav,240.624,derivatives/preprocessed_data/sub-07/MEG/sub-07_task-RDR_run-30_events.tsv,derivatives/preprocessed_data/sub-07/MEG/sub-07_task-RDR_run-30_meg.json,derivatives/preprocessed_data/sub-07/MEG/sub-07_task-RDR_run-30_meg.fif,5.804,246.364,240.56,0.064,1000.0,False,0.0395,10.65
07,31,31,stimuli/audio/story_31.wav,379.232,derivatives/preprocessed_data/sub-07/MEG/sub-07_task-RDR_run-31_events.tsv,derivatives/preprocessed_data/sub-07/MEG/sub-07_task-RDR_run-31_meg.json,derivatives/preprocessed_data/sub-07/MEG/sub-07_task-RDR_run-31_meg.fif,6.325,385.554,379.229,0.003,1000.0,False,0.0395,10.65
07,32,32,stimuli/audio/story_32.wav,335.84,derivatives/preprocessed_data/sub-07/MEG/sub-07_task-RDR_run-32_events.tsv,derivatives/preprocessed_data/sub-07/MEG/sub-07_task-RDR_run-32_meg.json,derivatives/preprocessed_data/sub-07/MEG/sub-07_task-RDR_run-32_meg.fif,17.781,353.598,335.817,0.023,1000.0,False,0.0395,10.65
07,33,33,stimuli/audio/story_33.wav,321.6,derivatives/preprocessed_data/sub-07/MEG/sub-07_task-RDR_run-33_events.tsv,derivatives/preprocessed_data/sub-07/MEG/sub-07_task-RDR_run-33_meg.json,derivatives/preprocessed_data/sub-07/MEG/sub-07_task-RDR_run-33_meg.fif,7.865,329.455,321.59,0.01,1000.0,False,0.0395,10.65
07,34,34,stimuli/audio/story_34.wav,310.832,derivatives/preprocessed_data/sub-07/MEG/sub-07_task-RDR_run-34_events.tsv,derivatives/preprocessed_data/sub-07/MEG/sub-07_task-RDR_run-34_meg.json,derivatives/preprocessed_data/sub-07/MEG/sub-07_task-RDR_run-34_meg.fif,7.174,317.989,310.815,0.017,1000.0,False,0.0395,10.65
07,35,35,stimuli/audio/story_35.wav,304.816,derivatives/preprocessed_data/sub-07/MEG/sub-07_task-RDR_run-35_events.tsv,derivatives/preprocessed_data/sub-07/MEG/sub-07_task-RDR_run-35_meg.json,derivatives/preprocessed_data/sub-07/MEG/sub-07_task-RDR_run-35_meg.fif,9.238,314.018,304.78,0.036,1000.0,False,0.0395,10.65
07,36,36,stimuli/audio/story_36.wav,296.432,derivatives/preprocessed_data/sub-07/MEG/sub-07_task-RDR_run-36_events.tsv,derivatives/preprocessed_data/sub-07/MEG/sub-07_task-RDR_run-36_meg.json,derivatives/preprocessed_data/sub-07/MEG/sub-07_task-RDR_run-36_meg.fif,5.039,301.446,296.407,0.025,1000.0,False,0.0395,10.65
07,37,37,stimuli/audio/story_37.wav,288.416,derivatives/preprocessed_data/sub-07/MEG/sub-07_task-RDR_run-37_events.tsv,derivatives/preprocessed_data/sub-07/MEG/sub-07_task-RDR_run-37_meg.json,derivatives/preprocessed_data/sub-07/MEG/sub-07_task-RDR_run-37_meg.fif,6.077,294.451,288.374,0.042,1000.0,False,0.0395,10.65
07,38,38,stimuli/audio/story_38.wav,275.632,derivatives/preprocessed_data/sub-07/MEG/sub-07_task-RDR_run-38_events.tsv,derivatives/preprocessed_data/sub-07/MEG/sub-07_task-RDR_run-38_meg.json,derivatives/preprocessed_data/sub-07/MEG/sub-07_task-RDR_run-38_meg.fif,10.04,285.638,275.598,0.034,1000.0,False,0.0395,10.65
07,39,39,stimuli/audio/story_39.wav,269.728,derivatives/preprocessed_data/sub-07/MEG/sub-07_task-RDR_run-39_events.tsv,derivatives/preprocessed_data/sub-07/MEG/sub-07_task-RDR_run-39_meg.json,derivatives/preprocessed_data/sub-07/MEG/sub-07_task-RDR_run-39_meg.fif,7.513,277.207,269.694,0.034,1000.0,False,0.0395,10.65
07,3,03,stimuli/audio/story_3.wav,320.0,derivatives/preprocessed_data/sub-07/MEG/sub-07_task-RDR_run-3_events.tsv,derivatives/preprocessed_data/sub-07/MEG/sub-07_task-RDR_run-3_meg.json,derivatives/preprocessed_data/sub-07/MEG/sub-07_task-RDR_run-3_meg.fif,7.783,327.762,319.979,0.021,1000.0,False,0.0395,10.65
07,40,40,stimuli/audio/story_40.wav,255.552,derivatives/preprocessed_data/sub-07/MEG/sub-07_task-RDR_run-40_events.tsv,derivatives/preprocessed_data/sub-07/MEG/sub-07_task-RDR_run-40_meg.json,derivatives/preprocessed_data/sub-07/MEG/sub-07_task-RDR_run-40_meg.fif,8.168,263.656,255.488,0.064,1000.0,False,0.0395,10.65
07,41,41,stimuli/audio/story_41.wav,368.0,derivatives/preprocessed_data/sub-07/MEG/sub-07_task-RDR_run-41_events.tsv,derivatives/preprocessed_data/sub-07/MEG/sub-07_task-RDR_run-41_meg.json,derivatives/preprocessed_data/sub-07/MEG/sub-07_task-RDR_run-41_meg.fif,9.585,377.578,367.993,0.007,1000.0,False,0.0395,10.65
07,42,42,stimuli/audio/story_42.wav,332.304,derivatives/preprocessed_data/sub-07/MEG/sub-07_task-RDR_run-42_events.tsv,derivatives/preprocessed_data/sub-07/MEG/sub-07_task-RDR_run-42_meg.json,derivatives/preprocessed_data/sub-07/MEG/sub-07_task-RDR_run-42_meg.fif,18.069,350.343,332.274,0.03,1000.0,False,0.0395,10.65
07,43,43,stimuli/audio/story_43.wav,320.192,derivatives/preprocessed_data/sub-07/MEG/sub-07_task-RDR_run-43_events.tsv,derivatives/preprocessed_data/sub-07/MEG/sub-07_task-RDR_run-43_meg.json,derivatives/preprocessed_data/sub-07/MEG/sub-07_task-RDR_run-43_meg.fif,6.888,327.067,320.179,0.013,1000.0,False,0.0395,10.65
07,44,44,stimuli/audio/story_44.wav,308.976,derivatives/preprocessed_data/sub-07/MEG/sub-07_task-RDR_run-44_events.tsv,derivatives/preprocessed_data/sub-07/MEG/sub-07_task-RDR_run-44_meg.json,derivatives/preprocessed_data/sub-07/MEG/sub-07_task-RDR_run-44_meg.fif,9.271,318.215,308.944,0.032,1000.0,False,0.0395,10.65
07,45,45,stimuli/audio/story_45.wav,301.264,derivatives/preprocessed_data/sub-07/MEG/sub-07_task-RDR_run-45_events.tsv,derivatives/preprocessed_data/sub-07/MEG/sub-07_task-RDR_run-45_meg.json,derivatives/preprocessed_data/sub-07/MEG/sub-07_task-RDR_run-45_meg.fif,21.414,322.664,301.25,0.014,1000.0,False,0.0395,10.65
07,46,46,stimuli/audio/story_46.wav,298.4,derivatives/preprocessed_data/sub-07/MEG/sub-07_task-RDR_run-46_events.tsv,derivatives/preprocessed_data/sub-07/MEG/sub-07_task-RDR_run-46_meg.json,derivatives/preprocessed_data/sub-07/MEG/sub-07_task-RDR_run-46_meg.fif,8.201,306.56,298.359,0.041,1000.0,False,0.0395,10.65
07,47,47,stimuli/audio/story_47.wav,288.976,derivatives/preprocessed_data/sub-07/MEG/sub-07_task-RDR_run-47_events.tsv,derivatives/preprocessed_data/sub-07/MEG/sub-07_task-RDR_run-47_meg.json,derivatives/preprocessed_data/sub-07/MEG/sub-07_task-RDR_run-47_meg.fif,22.613,311.557,288.944,0.032,1000.0,False,0.0395,10.65
07,48,48,stimuli/audio/story_48.wav,275.76,derivatives/preprocessed_data/sub-07/MEG/sub-07_task-RDR_run-48_events.tsv,derivatives/preprocessed_data/sub-07/MEG/sub-07_task-RDR_run-48_meg.json,derivatives/preprocessed_data/sub-07/MEG/sub-07_task-RDR_run-48_meg.fif,7.526,283.254,275.728,0.032,1000.0,False,0.0395,10.65
07,49,49,stimuli/audio/story_49.wav,273.392,derivatives/preprocessed_data/sub-07/MEG/sub-07_task-RDR_run-49_events.tsv,derivatives/preprocessed_data/sub-07/MEG/sub-07_task-RDR_run-49_meg.json,derivatives/preprocessed_data/sub-07/MEG/sub-07_task-RDR_run-49_meg.fif,6.434,279.789,273.355,0.037,1000.0,False,0.0395,10.65
07,4,04,stimuli/audio/story_4.wav,319.184,derivatives/preprocessed_data/sub-07/MEG/sub-07_task-RDR_run-4_events.tsv,derivatives/preprocessed_data/sub-07/MEG/sub-07_task-RDR_run-4_meg.json,derivatives/preprocessed_data/sub-07/MEG/sub-07_task-RDR_run-4_meg.fif,44.296,363.465,319.169,0.015,1000.0,False,0.0395,10.65
07,50,50,stimuli/audio/story_50.wav,256.272,derivatives/preprocessed_data/sub-07/MEG/sub-07_task-RDR_run-50_events.tsv,derivatives/preprocessed_data/sub-07/MEG/sub-07_task-RDR_run-50_meg.json,derivatives/preprocessed_data/sub-07/MEG/sub-07_task-RDR_run-50_meg.fif,6.628,262.845,256.217,0.055,1000.0,False,0.0395,10.65
07,51,51,stimuli/audio/story_51.wav,352.608,derivatives/preprocessed_data/sub-07/MEG/sub-07_task-RDR_run-51_events.tsv,derivatives/preprocessed_data/sub-07/MEG/sub-07_task-RDR_run-51_meg.json,derivatives/preprocessed_data/sub-07/MEG/sub-07_task-RDR_run-51_meg.fif,25.988,378.583,352.595,0.013,1000.0,False,0.0395,10.65
07,52,52,stimuli/audio/story_52.wav,323.088,derivatives/preprocessed_data/sub-07/MEG/sub-07_task-RDR_run-52_events.tsv,derivatives/preprocessed_data/sub-07/MEG/sub-07_task-RDR_run-52_meg.json,derivatives/preprocessed_data/sub-07/MEG/sub-07_task-RDR_run-52_meg.fif,10.856,333.926,323.07,0.018,1000.0,False,0.0395,10.65
07,53,53,stimuli/audio/story_53.wav,324.608,derivatives/preprocessed_data/sub-07/MEG/sub-07_task-RDR_run-53_events.tsv,derivatives/preprocessed_data/sub-07/MEG/sub-07_task-RDR_run-53_meg.json,derivatives/preprocessed_data/sub-07/MEG/sub-07_task-RDR_run-53_meg.fif,10.593,335.174,324.581,0.027,1000.0,False,0.0395,10.65
07,54,54,stimuli/audio/story_54.wav,308.4,derivatives/preprocessed_data/sub-07/MEG/sub-07_task-RDR_run-54_events.tsv,derivatives/preprocessed_data/sub-07/MEG/sub-07_task-RDR_run-54_meg.json,derivatives/preprocessed_data/sub-07/MEG/sub-07_task-RDR_run-54_meg.fif,10.119,318.493,308.374,0.026,1000.0,False,0.0395,10.65
07,55,55,stimuli/audio/story_55.wav,300.672,derivatives/preprocessed_data/sub-07/MEG/sub-07_task-RDR_run-55_events.tsv,derivatives/preprocessed_data/sub-07/MEG/sub-07_task-RDR_run-55_meg.json,derivatives/preprocessed_data/sub-07/MEG/sub-07_task-RDR_run-55_meg.fif,6.9,307.55,300.65,0.022,1000.0,False,0.0395,10.65
07,56,56,stimuli/audio/story_56.wav,298.88,derivatives/preprocessed_data/sub-07/MEG/sub-07_task-RDR_run-56_events.tsv,derivatives/preprocessed_data/sub-07/MEG/sub-07_task-RDR_run-56_meg.json,derivatives/preprocessed_data/sub-07/MEG/sub-07_task-RDR_run-56_meg.fif,6.505,305.354,298.849,0.031,1000.0,False,0.0395,10.65
07,57,57,stimuli/audio/story_57.wav,290.0,derivatives/preprocessed_data/sub-07/MEG/sub-07_task-RDR_run-57_events.tsv,derivatives/preprocessed_data/sub-07/MEG/sub-07_task-RDR_run-57_meg.json,derivatives/preprocessed_data/sub-07/MEG/sub-07_task-RDR_run-57_meg.fif,15.782,305.736,289.954,0.046,1000.0,False,0.0395,10.65
07,58,58,stimuli/audio/story_58.wav,276.976,derivatives/preprocessed_data/sub-07/MEG/sub-07_task-RDR_run-58_events.tsv,derivatives/preprocessed_data/sub-07/MEG/sub-07_task-RDR_run-58_meg.json,derivatives/preprocessed_data/sub-07/MEG/sub-07_task-RDR_run-58_meg.fif,8.525,285.454,276.929,0.047,1000.0,False,0.0395,10.65
07,59,59,stimuli/audio/story_59.wav,273.44,derivatives/preprocessed_data/sub-07/MEG/sub-07_task-RDR_run-59_events.tsv,derivatives/preprocessed_data/sub-07/MEG/sub-07_task-RDR_run-59_meg.json,derivatives/preprocessed_data/sub-07/MEG/sub-07_task-RDR_run-59_meg.fif,8.971,282.357,273.386,0.054,1000.0,False,0.0395,10.65
07,5,05,stimuli/audio/story_5.wav,307.584,derivatives/preprocessed_data/sub-07/MEG/sub-07_task-RDR_run-5_events.tsv,derivatives/preprocessed_data/sub-07/MEG/sub-07_task-RDR_run-5_meg.json,derivatives/preprocessed_data/sub-07/MEG/sub-07_task-RDR_run-5_meg.fif,9.562,317.126,307.564,0.02,1000.0,False,0.0395,10.65
07,60,60,stimuli/audio/story_60.wav,256.384,derivatives/preprocessed_data/sub-07/MEG/sub-07_task-RDR_run-60_events.tsv,derivatives/preprocessed_data/sub-07/MEG/sub-07_task-RDR_run-60_meg.json,derivatives/preprocessed_data/sub-07/MEG/sub-07_task-RDR_run-60_meg.fif,12.776,269.093,256.317,0.067,1000.0,False,0.0395,10.65
07,6,06,stimuli/audio/story_6.wav,290.96,derivatives/preprocessed_data/sub-07/MEG/sub-07_task-RDR_run-6_events.tsv,derivatives/preprocessed_data/sub-07/MEG/sub-07_task-RDR_run-6_meg.json,derivatives/preprocessed_data/sub-07/MEG/sub-07_task-RDR_run-6_meg.fif,7.337,298.251,290.914,0.046,1000.0,False,0.0395,10.65
07,7,07,stimuli/audio/story_7.wav,280.0,derivatives/preprocessed_data/sub-07/MEG/sub-07_task-RDR_run-7_events.tsv,derivatives/preprocessed_data/sub-07/MEG/sub-07_task-RDR_run-7_meg.json,derivatives/preprocessed_data/sub-07/MEG/sub-07_task-RDR_run-7_meg.fif,8.642,288.611,279.969,0.031,1000.0,False,0.0395,10.65
07,8,08,stimuli/audio/story_8.wav,273.44,derivatives/preprocessed_data/sub-07/MEG/sub-07_task-RDR_run-8_events.tsv,derivatives/preprocessed_data/sub-07/MEG/sub-07_task-RDR_run-8_meg.json,derivatives/preprocessed_data/sub-07/MEG/sub-07_task-RDR_run-8_meg.fif,17.959,291.345,273.386,0.054,1000.0,False,0.0395,10.65
07,9,09,stimuli/audio/story_9.wav,258.768,derivatives/preprocessed_data/sub-07/MEG/sub-07_task-RDR_run-9_events.tsv,derivatives/preprocessed_data/sub-07/MEG/sub-07_task-RDR_run-9_meg.json,derivatives/preprocessed_data/sub-07/MEG/sub-07_task-RDR_run-9_meg.fif,6.894,265.613,258.719,0.049,1000.0,False,0.0395,10.65
08,10,10,stimuli/audio/story_10.wav,240.0,derivatives/preprocessed_data/sub-08/MEG/sub-08_task-RDR_run-10_events.tsv,derivatives/preprocessed_data/sub-08/MEG/sub-08_task-RDR_run-10_meg.json,derivatives/preprocessed_data/sub-08/MEG/sub-08_task-RDR_run-10_meg.fif,7.384,247.314,239.93,0.07,1000.0,False,0.0395,10.65
08,11,11,stimuli/audio/story_11.wav,398.336,derivatives/preprocessed_data/sub-08/MEG/sub-08_task-RDR_run-11_events.tsv,derivatives/preprocessed_data/sub-08/MEG/sub-08_task-RDR_run-11_meg.json,derivatives/preprocessed_data/sub-08/MEG/sub-08_task-RDR_run-11_meg.fif,10.743,409.091,398.348,-0.012,1000.0,False,0.0395,10.65
08,12,12,stimuli/audio/story_12.wav,351.712,derivatives/preprocessed_data/sub-08/MEG/sub-08_task-RDR_run-12_events.tsv,derivatives/preprocessed_data/sub-08/MEG/sub-08_task-RDR_run-12_meg.json,derivatives/preprocessed_data/sub-08/MEG/sub-08_task-RDR_run-12_meg.fif,17.865,369.57,351.705,0.007,1000.0,False,0.0395,10.65
08,13,13,stimuli/audio/story_13.wav,323.744,derivatives/preprocessed_data/sub-08/MEG/sub-08_task-RDR_run-13_events.tsv,derivatives/preprocessed_data/sub-08/MEG/sub-08_task-RDR_run-13_meg.json,derivatives/preprocessed_data/sub-08/MEG/sub-08_task-RDR_run-13_meg.fif,17.635,341.356,323.721,0.023,1000.0,False,0.0395,10.65
08,14,14,stimuli/audio/story_14.wav,318.992,derivatives/preprocessed_data/sub-08/MEG/sub-08_task-RDR_run-14_events.tsv,derivatives/preprocessed_data/sub-08/MEG/sub-08_task-RDR_run-14_meg.json,derivatives/preprocessed_data/sub-08/MEG/sub-08_task-RDR_run-14_meg.fif,49.727,368.686,318.959,0.033,1000.0,False,0.0395,10.65
08,15,15,stimuli/audio/story_15.wav,307.712,derivatives/preprocessed_data/sub-08/MEG/sub-08_task-RDR_run-15_events.tsv,derivatives/preprocessed_data/sub-08/MEG/sub-08_task-RDR_run-15_meg.json,derivatives/preprocessed_data/sub-08/MEG/sub-08_task-RDR_run-15_meg.fif,7.47,315.162,307.692,0.02,1000.0,False,0.0395,10.65
08,16,16,stimuli/audio/story_16.wav,294.496,derivatives/preprocessed_data/sub-08/MEG/sub-08_task-RDR_run-16_events.tsv,derivatives/preprocessed_data/sub-08/MEG/sub-08_task-RDR_run-16_meg.json,derivatives/preprocessed_data/sub-08/MEG/sub-08_task-RDR_run-16_meg.fif,1.839,296.335,294.496,0.0,1000.0,True,0.0395,10.65
08,17,17,stimuli/audio/story_17.wav,280.0,derivatives/preprocessed_data/sub-08/MEG/sub-08_task-RDR_run-17_events.tsv,derivatives/preprocessed_data/sub-08/MEG/sub-08_task-RDR_run-17_meg.json,derivatives/preprocessed_data/sub-08/MEG/sub-08_task-RDR_run-17_meg.fif,9.438,289.407,279.969,0.031,1000.0,False,0.0395,10.65
08,18,18,stimuli/audio/story_18.wav,274.48,derivatives/preprocessed_data/sub-08/MEG/sub-08_task-RDR_run-18_events.tsv,derivatives/preprocessed_data/sub-08/MEG/sub-08_task-RDR_run-18_meg.json,derivatives/preprocessed_data/sub-08/MEG/sub-08_task-RDR_run-18_meg.fif,7.103,281.53,274.427,0.053,1000.0,False,0.0395,10.65
08,19,19,stimuli/audio/story_19.wav,263.648,derivatives/preprocessed_data/sub-08/MEG/sub-08_task-RDR_run-19_events.tsv,derivatives/preprocessed_data/sub-08/MEG/sub-08_task-RDR_run-19_meg.json,derivatives/preprocessed_data/sub-08/MEG/sub-08_task-RDR_run-19_meg.fif,14.6,278.201,263.601,0.047,1000.0,False,0.0395,10.65
08,1,01,stimuli/audio/story_1.wav,406.416,derivatives/preprocessed_data/sub-08/MEG/sub-08_task-RDR_run-1_events.tsv,derivatives/preprocessed_data/sub-08/MEG/sub-08_task-RDR_run-1_meg.json,derivatives/preprocessed_data/sub-08/MEG/sub-08_task-RDR_run-1_meg.fif,7.449,413.89,406.441,-0.025,1000.0,False,0.0395,10.65
08,20,20,stimuli/audio/story_20.wav,240.224,derivatives/preprocessed_data/sub-08/MEG/sub-08_task-RDR_run-20_events.tsv,derivatives/preprocessed_data/sub-08/MEG/sub-08_task-RDR_run-20_meg.json,derivatives/preprocessed_data/sub-08/MEG/sub-08_task-RDR_run-20_meg.fif,10.891,251.061,240.17,0.054,1000.0,False,0.0395,10.65
08,21,21,stimuli/audio/story_21.wav,393.488,derivatives/preprocessed_data/sub-08/MEG/sub-08_task-RDR_run-21_events.tsv,derivatives/preprocessed_data/sub-08/MEG/sub-08_task-RDR_run-21_meg.json,derivatives/preprocessed_data/sub-08/MEG/sub-08_task-RDR_run-21_meg.fif,10.445,403.961,393.516,-0.028,1000.0,False,0.0395,10.65
08,22,22,stimuli/audio/story_22.wav,345.232,derivatives/preprocessed_data/sub-08/MEG/sub-08_task-RDR_run-22_events.tsv,derivatives/preprocessed_data/sub-08/MEG/sub-08_task-RDR_run-22_meg.json,derivatives/preprocessed_data/sub-08/MEG/sub-08_task-RDR_run-22_meg.fif,31.963,377.194,345.231,0.001,1000.0,False,0.0395,10.65
08,23,23,stimuli/audio/story_23.wav,322.608,derivatives/preprocessed_data/sub-08/MEG/sub-08_task-RDR_run-23_events.tsv,derivatives/preprocessed_data/sub-08/MEG/sub-08_task-RDR_run-23_meg.json,derivatives/preprocessed_data/sub-08/MEG/sub-08_task-RDR_run-23_meg.fif,21.068,343.649,322.581,0.027,1000.0,False,0.0395,10.65
08,24,24,stimuli/audio/story_24.wav,315.68,derivatives/preprocessed_data/sub-08/MEG/sub-08_task-RDR_run-24_events.tsv,derivatives/preprocessed_data/sub-08/MEG/sub-08_task-RDR_run-24_meg.json,derivatives/preprocessed_data/sub-08/MEG/sub-08_task-RDR_run-24_meg.fif,6.143,321.8,315.657,0.023,1000.0,False,0.0395,10.65
08,25,25,stimuli/audio/story_25.wav,304.896,derivatives/preprocessed_data/sub-08/MEG/sub-08_task-RDR_run-25_events.tsv,derivatives/preprocessed_data/sub-08/MEG/sub-08_task-RDR_run-25_meg.json,derivatives/preprocessed_data/sub-08/MEG/sub-08_task-RDR_run-25_meg.fif,12.471,317.333,304.862,0.034,1000.0,False,0.0395,10.65
08,26,26,stimuli/audio/story_26.wav,295.024,derivatives/preprocessed_data/sub-08/MEG/sub-08_task-RDR_run-26_events.tsv,derivatives/preprocessed_data/sub-08/MEG/sub-08_task-RDR_run-26_meg.json,derivatives/preprocessed_data/sub-08/MEG/sub-08_task-RDR_run-26_meg.fif,6.509,301.516,295.007,0.017,1000.0,False,0.0395,10.65
08,27,27,stimuli/audio/story_27.wav,284.848,derivatives/preprocessed_data/sub-08/MEG/sub-08_task-RDR_run-27_events.tsv,derivatives/preprocessed_data/sub-08/MEG/sub-08_task-RDR_run-27_meg.json,derivatives/preprocessed_data/sub-08/MEG/sub-08_task-RDR_run-27_meg.fif,17.493,302.295,284.802,0.046,1000.0,False,0.0395,10.65
08,28,28,stimuli/audio/story_28.wav,274.928,derivatives/preprocessed_data/sub-08/MEG/sub-08_task-RDR_run-28_events.tsv,derivatives/preprocessed_data/sub-08/MEG/sub-08_task-RDR_run-28_meg.json,derivatives/preprocessed_data/sub-08/MEG/sub-08_task-RDR_run-28_meg.fif,9.845,284.741,274.896,0.032,1000.0,False,0.0395,10.65
08,29,29,stimuli/audio/story_29.wav,265.504,derivatives/preprocessed_data/sub-08/MEG/sub-08_task-RDR_run-29_events.tsv,derivatives/preprocessed_data/sub-08/MEG/sub-08_task-RDR_run-29_meg.json,derivatives/preprocessed_data/sub-08/MEG/sub-08_task-RDR_run-29_meg.fif,40.813,306.266,265.453,0.051,1000.0,False,0.0395,10.65
08,2,02,stimuli/audio/story_2.wav,352.576,derivatives/preprocessed_data/sub-08/MEG/sub-08_task-RDR_run-2_events.tsv,derivatives/preprocessed_data/sub-08/MEG/sub-08_task-RDR_run-2_meg.json,derivatives/preprocessed_data/sub-08/MEG/sub-08_task-RDR_run-2_meg.fif,23.464,376.029,352.565,0.011,1000.0,False,0.0395,10.65
08,30,30,stimuli/audio/story_30.wav,240.624,derivatives/preprocessed_data/sub-08/MEG/sub-08_task-RDR_run-30_events.tsv,derivatives/preprocessed_data/sub-08/MEG/sub-08_task-RDR_run-30_meg.json,derivatives/preprocessed_data/sub-08/MEG/sub-08_task-RDR_run-30_meg.fif,5.828,246.388,240.56,0.064,1000.0,False,0.0395,10.65
08,31,31,stimuli/audio/story_31.wav,379.232,derivatives/preprocessed_data/sub-08/MEG/sub-08_task-RDR_run-31_events.tsv,derivatives/preprocessed_data/sub-08/MEG/sub-08_task-RDR_run-31_meg.json,derivatives/preprocessed_data/sub-08/MEG/sub-08_task-RDR_run-31_meg.fif,9.064,388.292,379.228,0.004,1000.0,False,0.0395,10.65
08,32,32,stimuli/audio/story_32.wav,335.84,derivatives/preprocessed_data/sub-08/MEG/sub-08_task-RDR_run-32_events.tsv,derivatives/preprocessed_data/sub-08/MEG/sub-08_task-RDR_run-32_meg.json,derivatives/preprocessed_data/sub-08/MEG/sub-08_task-RDR_run-32_meg.fif,21.062,356.879,335.817,0.023,1000.0,False,0.0395,10.65
08,33,33,stimuli/audio/story_33.wav,321.6,derivatives/preprocessed_data/sub-08/MEG/sub-08_task-RDR_run-33_events.tsv,derivatives/preprocessed_data/sub-08/MEG/sub-08_task-RDR_run-33_meg.json,derivatives/preprocessed_data/sub-08/MEG/sub-08_task-RDR_run-33_meg.fif,7.07,328.66,321.59,0.01,1000.0,False,0.0395,10.65
08,34,34,stimuli/audio/story_34.wav,310.832,derivatives/preprocessed_data/sub-08/MEG/sub-08_task-RDR_run-34_events.tsv,derivatives/preprocessed_data/sub-08/MEG/sub-08_task-RDR_run-34_meg.json,derivatives/preprocessed_data/sub-08/MEG/sub-08_task-RDR_run-34_meg.fif,7.24,318.055,310.815,0.017,1000.0,False,0.0395,10.65
08,35,35,stimuli/audio/story_35.wav,304.816,derivatives/preprocessed_data/sub-08/MEG/sub-08_task-RDR_run-35_events.tsv,derivatives/preprocessed_data/sub-08/MEG/sub-08_task-RDR_run-35_meg.json,derivatives/preprocessed_data/sub-08/MEG/sub-08_task-RDR_run-35_meg.fif,11.106,315.889,304.783,0.033,1000.0,False,0.0395,10.65
08,36,36,stimuli/audio/story_36.wav,296.432,derivatives/preprocessed_data/sub-08/MEG/sub-08_task-RDR_run-36_events.tsv,derivatives/preprocessed_data/sub-08/MEG/sub-08_task-RDR_run-36_meg.json,derivatives/preprocessed_data/sub-08/MEG/sub-08_task-RDR_run-36_meg.fif,7.002,303.41,296.408,0.024,1000.0,False,0.0395,10.65
08,37,37,stimuli/audio/story_37.wav,288.416,derivatives/preprocessed_data/sub-08/MEG/sub-08_task-RDR_run-37_events.tsv,derivatives/preprocessed_data/sub-08/MEG/sub-08_task-RDR_run-37_meg.json,derivatives/preprocessed_data/sub-08/MEG/sub-08_task-RDR_run-37_meg.fif,6.183,294.556,288.373,0.043,1000.0,False,0.0395,10.65
08,38,38,stimuli/audio/story_38.wav,275.632,derivatives/preprocessed_data/sub-08/MEG/sub-08_task-RDR_run-38_events.tsv,derivatives/preprocessed_data/sub-08/MEG/sub-08_task-RDR_run-38_meg.json,derivatives/preprocessed_data/sub-08/MEG/sub-08_task-RDR_run-38_meg.fif,7.228,282.825,275.597,0.035,1000.0,False,0.0395,10.65
08,39,39,stimuli/audio/story_39.wav,269.728,derivatives/preprocessed_data/sub-08/MEG/sub-08_task-RDR_run-39_events.tsv,derivatives/preprocessed_data/sub-08/MEG/sub-08_task-RDR_run-39_meg.json,derivatives/preprocessed_data/sub-08/MEG/sub-08_task-RDR_run-39_meg.fif,7.627,277.322,269.695,0.033,1000.0,False,0.0395,10.65
08,3,03,stimuli/audio/story_3.wav,320.0,derivatives/preprocessed_data/sub-08/MEG/sub-08_task-RDR_run-3_events.tsv,derivatives/preprocessed_data/sub-08/MEG/sub-08_task-RDR_run-3_meg.json,derivatives/preprocessed_data/sub-08/MEG/sub-08_task-RDR_run-3_meg.fif,8.944,328.914,319.97,0.03,1000.0,False,0.0395,10.65
08,40,40,stimuli/audio/story_40.wav,255.552,derivatives/preprocessed_data/sub-08/MEG/sub-08_task-RDR_run-40_events.tsv,derivatives/preprocessed_data/sub-08/MEG/sub-08_task-RDR_run-40_meg.json,derivatives/preprocessed_data/sub-08/MEG/sub-08_task-RDR_run-40_meg.fif,31.989,287.476,255.487,0.065,1000.0,False,0.0395,10.65
08,41,41,stimuli/audio/story_41.wav,368.0,derivatives/preprocessed_data/sub-08/MEG/sub-08_task-RDR_run-41_events.tsv,derivatives/preprocessed_data/sub-08/MEG/sub-08_task-RDR_run-41_meg.json,derivatives/preprocessed_data/sub-08/MEG/sub-08_task-RDR_run-41_meg.fif,6.736,374.729,367.993,0.007,1000.0,False,0.0395,10.65
08,42,42,stimuli/audio/story_42.wav,332.304,derivatives/preprocessed_data/sub-08/MEG/sub-08_task-RDR_run-42_events.tsv,derivatives/preprocessed_data/sub-08/MEG/sub-08_task-RDR_run-42_meg.json,derivatives/preprocessed_data/sub-08/MEG/sub-08_task-RDR_run-42_meg.fif,9.381,341.656,332.275,0.029,1000.0,False,0.0395,10.65
08,43,43,stimuli/audio/story_43.wav,320.192,derivatives/preprocessed_data/sub-08/MEG/sub-08_task-RDR_run-43_events.tsv,derivatives/preprocessed_data/sub-08/MEG/sub-08_task-RDR_run-43_meg.json,derivatives/preprocessed_data/sub-08/MEG/sub-08_task-RDR_run-43_meg.fif,7.633,327.813,320.18,0.012,1000.0,False,0.0395,10.65
08,44,44,stimuli/audio/story_44.wav,308.976,derivatives/preprocessed_data/sub-08/MEG/sub-08_task-RDR_run-44_events.tsv,derivatives/preprocessed_data/sub-08/MEG/sub-08_task-RDR_run-44_meg.json,derivatives/preprocessed_data/sub-08/MEG/sub-08_task-RDR_run-44_meg.fif,13.14,322.084,308.944,0.032,1000.0,False,0.0395,10.65
08,45,45,stimuli/audio/story_45.wav,301.264,derivatives/preprocessed_data/sub-08/MEG/sub-08_task-RDR_run-45_events.tsv,derivatives/preprocessed_data/sub-08/MEG/sub-08_task-RDR_run-45_meg.json,derivatives/preprocessed_data/sub-08/MEG/sub-08_task-RDR_run-45_meg.fif,47.761,349.011,301.25,0.014,1000.0,False,0.0395,10.65
08,46,46,stimuli/audio/story_46.wav,298.4,derivatives/preprocessed_data/sub-08/MEG/sub-08_task-RDR_run-46_events.tsv,derivatives/preprocessed_data/sub-08/MEG/sub-08_task-RDR_run-46_meg.json,derivatives/preprocessed_data/sub-08/MEG/sub-08_task-RDR_run-46_meg.fif,5.334,303.693,298.359,0.041,1000.0,False,0.0395,10.65
08,47,47,stimuli/audio/story_47.wav,288.976,derivatives/preprocessed_data/sub-08/MEG/sub-08_task-RDR_run-47_events.tsv,derivatives/preprocessed_data/sub-08/MEG/sub-08_task-RDR_run-47_meg.json,derivatives/preprocessed_data/sub-08/MEG/sub-08_task-RDR_run-47_meg.fif,10.104,299.048,288.944,0.032,1000.0,False,0.0395,10.65
08,48,48,stimuli/audio/story_48.wav,275.76,derivatives/preprocessed_data/sub-08/MEG/sub-08_task-RDR_run-48_events.tsv,derivatives/preprocessed_data/sub-08/MEG/sub-08_task-RDR_run-48_meg.json,derivatives/preprocessed_data/sub-08/MEG/sub-08_task-RDR_run-48_meg.fif,11.067,286.795,275.728,0.032,1000.0,False,0.0395,10.65
08,49,49,stimuli/audio/story_49.wav,273.392,derivatives/preprocessed_data/sub-08/MEG/sub-08_task-RDR_run-49_events.tsv,derivatives/preprocessed_data/sub-08/MEG/sub-08_task-RDR_run-49_meg.json,derivatives/preprocessed_data/sub-08/MEG/sub-08_task-RDR_run-49_meg.fif,11.402,284.758,273.356,0.036,1000.0,False,0.0395,10.65
08,4,04,stimuli/audio/story_4.wav,319.184,derivatives/preprocessed_data/sub-08/MEG/sub-08_task-RDR_run-4_events.tsv,derivatives/preprocessed_data/sub-08/MEG/sub-08_task-RDR_run-4_meg.json,derivatives/preprocessed_data/sub-08/MEG/sub-08_task-RDR_run-4_meg.fif,11.632,330.801,319.169,0.015,1000.0,False,0.0395,10.65
08,50,50,stimuli/audio/story_50.wav,256.272,derivatives/preprocessed_data/sub-08/MEG/sub-08_task-RDR_run-50_events.tsv,derivatives/preprocessed_data/sub-08/MEG/sub-08_task-RDR_run-50_meg.json,derivatives/preprocessed_data/sub-08/MEG/sub-08_task-RDR_run-50_meg.fif,10.901,267.119,256.218,0.054,1000.0,False,0.0395,10.65
08,51,51,stimuli/audio/story_51.wav,352.608,derivatives/preprocessed_data/sub-08/MEG/sub-08_task-RDR_run-51_events.tsv,derivatives/preprocessed_data/sub-08/MEG/sub-08_task-RDR_run-51_meg.json,derivatives/preprocessed_data/sub-08/MEG/sub-08_task-RDR_run-51_meg.fif,15.314,367.909,352.595,0.013,1000.0,False,0.0395,10.65
08,52,52,stimuli/audio/story_52.wav,323.088,derivatives/preprocessed_data/sub-08/MEG/sub-08_task-RDR_run-52_events.tsv,derivatives/preprocessed_data/sub-08/MEG/sub-08_task-RDR_run-52_meg.json,derivatives/preprocessed_data/sub-08/MEG/sub-08_task-RDR_run-52_meg.fif,6.239,329.31,323.071,0.017,1000.0,False,0.0395,10.65
08,53,53,stimuli/audio/story_53.wav,324.608,derivatives/preprocessed_data/sub-08/MEG/sub-08_task-RDR_run-53_events.tsv,derivatives/preprocessed_data/sub-08/MEG/sub-08_task-RDR_run-53_meg.json,derivatives/preprocessed_data/sub-08/MEG/sub-08_task-RDR_run-53_meg.fif,10.063,334.645,324.582,0.026,1000.0,False,0.0395,10.65
08,54,54,stimuli/audio/story_54.wav,308.4,derivatives/preprocessed_data/sub-08/MEG/sub-08_task-RDR_run-54_events.tsv,derivatives/preprocessed_data/sub-08/MEG/sub-08_task-RDR_run-54_meg.json,derivatives/preprocessed_data/sub-08/MEG/sub-08_task-RDR_run-54_meg.fif,18.864,327.238,308.374,0.026,1000.0,False,0.0395,10.65
08,55,55,stimuli/audio/story_55.wav,300.672,derivatives/preprocessed_data/sub-08/MEG/sub-08_task-RDR_run-55_events.tsv,derivatives/preprocessed_data/sub-08/MEG/sub-08_task-RDR_run-55_meg.json,derivatives/preprocessed_data/sub-08/MEG/sub-08_task-RDR_run-55_meg.fif,17.575,318.224,300.649,0.023,1000.0,False,0.0395,10.65
08,56,56,stimuli/audio/story_56.wav,298.88,derivatives/preprocessed_data/sub-08/MEG/sub-08_task-RDR_run-56_events.tsv,derivatives/preprocessed_data/sub-08/MEG/sub-08_task-RDR_run-56_meg.json,derivatives/preprocessed_data/sub-08/MEG/sub-08_task-RDR_run-56_meg.fif,12.114,310.963,298.849,0.031,1000.0,False,0.0395,10.65
08,57,57,stimuli/audio/story_57.wav,290.0,derivatives/preprocessed_data/sub-08/MEG/sub-08_task-RDR_run-57_events.tsv,derivatives/preprocessed_data/sub-08/MEG/sub-08_task-RDR_run-57_meg.json,derivatives/preprocessed_data/sub-08/MEG/sub-08_task-RDR_run-57_meg.fif,21.967,311.921,289.954,0.046,1000.0,False,0.0395,10.65
08,58,58,stimuli/audio/story_58.wav,276.976,derivatives/preprocessed_data/sub-08/MEG/sub-08_task-RDR_run-58_events.tsv,derivatives/preprocessed_data/sub-08/MEG/sub-08_task-RDR_run-58_meg.json,derivatives/preprocessed_data/sub-08/MEG/sub-08_task-RDR_run-58_meg.fif,7.367,284.295,276.928,0.048,1000.0,False,0.0395,10.65
08,59,59,stimuli/audio/story_59.wav,273.44,derivatives/preprocessed_data/sub-08/MEG/sub-08_task-RDR_run-59_events.tsv,derivatives/preprocessed_data/sub-08/MEG/sub-08_task-RDR_run-59_meg.json,derivatives/preprocessed_data/sub-08/MEG/sub-08_task-RDR_run-59_meg.fif,10.457,283.843,273.386,0.054,1000.0,False,0.0395,10.65
08,5,05,stimuli/audio/story_5.wav,307.584,derivatives/preprocessed_data/sub-08/MEG/sub-08_task-RDR_run-5_events.tsv,derivatives/preprocessed_data/sub-08/MEG/sub-08_task-RDR_run-5_meg.json,derivatives/preprocessed_data/sub-08/MEG/sub-08_task-RDR_run-5_meg.fif,10.05,317.613,307.563,0.021,1000.0,False,0.0395,10.65
08,60,60,stimuli/audio/story_60.wav,256.384,derivatives/preprocessed_data/sub-08/MEG/sub-08_task-RDR_run-60_events.tsv,derivatives/preprocessed_data/sub-08/MEG/sub-08_task-RDR_run-60_meg.json,derivatives/preprocessed_data/sub-08/MEG/sub-08_task-RDR_run-60_meg.fif,6.558,262.876,256.318,0.066,1000.0,False,0.0395,10.65
08,6,06,stimuli/audio/story_6.wav,290.96,derivatives/preprocessed_data/sub-08/MEG/sub-08_task-RDR_run-6_events.tsv,derivatives/preprocessed_data/sub-08/MEG/sub-08_task-RDR_run-6_meg.json,derivatives/preprocessed_data/sub-08/MEG/sub-08_task-RDR_run-6_meg.fif,13.176,304.092,290.916,0.044,1000.0,False,0.0395,10.65
08,7,07,stimuli/audio/story_7.wav,280.0,derivatives/preprocessed_data/sub-08/MEG/sub-08_task-RDR_run-7_events.tsv,derivatives/preprocessed_data/sub-08/MEG/sub-08_task-RDR_run-7_meg.json,derivatives/preprocessed_data/sub-08/MEG/sub-08_task-RDR_run-7_meg.fif,21.749,301.719,279.97,0.03,1000.0,False,0.0395,10.65
08,8,08,stimuli/audio/story_8.wav,273.44,derivatives/preprocessed_data/sub-08/MEG/sub-08_task-RDR_run-8_events.tsv,derivatives/preprocessed_data/sub-08/MEG/sub-08_task-RDR_run-8_meg.json,derivatives/preprocessed_data/sub-08/MEG/sub-08_task-RDR_run-8_meg.fif,5.798,279.185,273.387,0.053,1000.0,False,0.0395,10.65
08,9,09,stimuli/audio/story_9.wav,258.768,derivatives/preprocessed_data/sub-08/MEG/sub-08_task-RDR_run-9_events.tsv,derivatives/preprocessed_data/sub-08/MEG/sub-08_task-RDR_run-9_meg.json,derivatives/preprocessed_data/sub-08/MEG/sub-08_task-RDR_run-9_meg.fif,6.692,265.411,258.719,0.049,1000.0,False,0.0395,10.65
09,10,10,stimuli/audio/story_10.wav,240.0,derivatives/preprocessed_data/sub-09/MEG/sub-09_task-RDR_run-10_events.tsv,derivatives/preprocessed_data/sub-09/MEG/sub-09_task-RDR_run-10_meg.json,derivatives/preprocessed_data/sub-09/MEG/sub-09_task-RDR_run-10_meg.fif,16.765,256.695,239.93,0.07,1000.0,False,0.0395,10.65
09,11,11,stimuli/audio/story_11.wav,398.336,derivatives/preprocessed_data/sub-09/MEG/sub-09_task-RDR_run-11_events.tsv,derivatives/preprocessed_data/sub-09/MEG/sub-09_task-RDR_run-11_meg.json,derivatives/preprocessed_data/sub-09/MEG/sub-09_task-RDR_run-11_meg.fif,10.902,409.25,398.348,-0.012,1000.0,False,0.0395,10.65
09,12,12,stimuli/audio/story_12.wav,351.712,derivatives/preprocessed_data/sub-09/MEG/sub-09_task-RDR_run-12_events.tsv,derivatives/preprocessed_data/sub-09/MEG/sub-09_task-RDR_run-12_meg.json,derivatives/preprocessed_data/sub-09/MEG/sub-09_task-RDR_run-12_meg.fif,6.441,358.155,351.714,-0.002,1000.0,False,0.0395,10.65
09,13,13,stimuli/audio/story_13.wav,323.744,derivatives/preprocessed_data/sub-09/MEG/sub-09_task-RDR_run-13_events.tsv,derivatives/preprocessed_data/sub-09/MEG/sub-09_task-RDR_run-13_meg.json,derivatives/preprocessed_data/sub-09/MEG/sub-09_task-RDR_run-13_meg.fif,8.578,332.298,323.72,0.024,1000.0,False,0.0395,10.65
09,14,14,stimuli/audio/story_14.wav,318.992,derivatives/preprocessed_data/sub-09/MEG/sub-09_task-RDR_run-14_events.tsv,derivatives/preprocessed_data/sub-09/MEG/sub-09_task-RDR_run-14_meg.json,derivatives/preprocessed_data/sub-09/MEG/sub-09_task-RDR_run-14_meg.fif,12.788,331.745,318.957,0.035,1000.0,False,0.0395,10.65
09,15,15,stimuli/audio/story_15.wav,307.712,derivatives/preprocessed_data/sub-09/MEG/sub-09_task-RDR_run-15_events.tsv,derivatives/preprocessed_data/sub-09/MEG/sub-09_task-RDR_run-15_meg.json,derivatives/preprocessed_data/sub-09/MEG/sub-09_task-RDR_run-15_meg.fif,6.994,314.686,307.692,0.02,1000.0,False,0.0395,10.65
09,16,16,stimuli/audio/story_16.wav,294.496,derivatives/preprocessed_data/sub-09/MEG/sub-09_task-RDR_run-16_events.tsv,derivatives/preprocessed_data/sub-09/MEG/sub-09_task-RDR_run-16_meg.json,derivatives/preprocessed_data/sub-09/MEG/sub-09_task-RDR_run-16_meg.fif,6.539,300.996,294.457,0.039,1000.0,False,0.0395,10.65
09,17,17,stimuli/audio/story_17.wav,280.0,derivatives/preprocessed_data/sub-09/MEG/sub-09_task-RDR_run-17_events.tsv,derivatives/preprocessed_data/sub-09/MEG/sub-09_task-RDR_run-17_meg.json,derivatives/preprocessed_data/sub-09/MEG/sub-09_task-RDR_run-17_meg.fif,26.833,306.802,279.969,0.031,1000.0,False,0.0395,10.65
09,18,18,stimuli/audio/story_18.wav,274.48,derivatives/preprocessed_data/sub-09/MEG/sub-09_task-RDR_run-18_events.tsv,derivatives/preprocessed_data/sub-09/MEG/sub-09_task-RDR_run-18_meg.json,derivatives/preprocessed_data/sub-09/MEG/sub-09_task-RDR_run-18_meg.fif,6.962,281.389,274.427,0.053,1000.0,False,0.0395,10.65
09,19,19,stimuli/audio/story_19.wav,263.648,derivatives/preprocessed_data/sub-09/MEG/sub-09_task-RDR_run-19_events.tsv,derivatives/preprocessed_data/sub-09/MEG/sub-09_task-RDR_run-19_meg.json,derivatives/preprocessed_data/sub-09/MEG/sub-09_task-RDR_run-19_meg.fif,30.436,294.038,263.602,0.046,1000.0,False,0.0395,10.65
09,1,01,stimuli/audio/story_1.wav,406.416,derivatives/preprocessed_data/sub-09/MEG/sub-09_task-RDR_run-1_events.tsv,derivatives/preprocessed_data/sub-09/MEG/sub-09_task-RDR_run-1_meg.json,derivatives/preprocessed_data/sub-09/MEG/sub-09_task-RDR_run-1_meg.fif,9.663,416.105,406.442,-0.026,1000.0,False,0.0395,10.65
09,20,20,stimuli/audio/story_20.wav,240.224,derivatives/preprocessed_data/sub-09/MEG/sub-09_task-RDR_run-20_events.tsv,derivatives/preprocessed_data/sub-09/MEG/sub-09_task-RDR_run-20_meg.json,derivatives/preprocessed_data/sub-09/MEG/sub-09_task-RDR_run-20_meg.fif,7.886,248.056,240.17,0.054,1000.0,False,0.0395,10.65
09,21,21,stimuli/audio/story_21.wav,393.488,derivatives/preprocessed_data/sub-09/MEG/sub-09_task-RDR_run-21_events.tsv,derivatives/preprocessed_data/sub-09/MEG/sub-09_task-RDR_run-21_meg.json,derivatives/preprocessed_data/sub-09/MEG/sub-09_task-RDR_run-21_meg.fif,19.165,412.68,393.515,-0.027,1000.0,False,0.0395,10.65
09,22,22,stimuli/audio/story_22.wav,345.232,derivatives/preprocessed_data/sub-09/MEG/sub-09_task-RDR_run-22_events.tsv,derivatives/preprocessed_data/sub-09/MEG/sub-09_task-RDR_run-22_meg.json,derivatives/preprocessed_data/sub-09/MEG/sub-09_task-RDR_run-22_meg.fif,7.721,352.952,345.231,0.001,1000.0,False,0.0395,10.65
09,23,23,stimuli/audio/story_23.wav,322.608,derivatives/preprocessed_data/sub-09/MEG/sub-09_task-RDR_run-23_events.tsv,derivatives/preprocessed_data/sub-09/MEG/sub-09_task-RDR_run-23_meg.json,derivatives/preprocessed_data/sub-09/MEG/sub-09_task-RDR_run-23_meg.fif,6.633,329.213,322.58,0.028,1000.0,False,0.0395,10.65
09,24,24,stimuli/audio/story_24.wav,315.68,derivatives/preprocessed_data/sub-09/MEG/sub-09_task-RDR_run-24_events.tsv,derivatives/preprocessed_data/sub-09/MEG/sub-09_task-RDR_run-24_meg.json,derivatives/preprocessed_data/sub-09/MEG/sub-09_task-RDR_run-24_meg.fif,7.121,322.778,315.657,0.023,1000.0,False,0.0395,10.65
09,25,25,stimuli/audio/story_25.wav,304.896,derivatives/preprocessed_data/sub-09/MEG/sub-09_task-RDR_run-25_events.tsv,derivatives/preprocessed_data/sub-09/MEG/sub-09_task-RDR_run-25_meg.json,derivatives/preprocessed_data/sub-09/MEG/sub-09_task-RDR_run-25_meg.fif,9.518,314.38,304.862,0.034,1000.0,False,0.0395,10.65
09,26,26,stimuli/audio/story_26.wav,295.024,derivatives/preprocessed_data/sub-09/MEG/sub-09_task-RDR_run-26_events.tsv,derivatives/preprocessed_data/sub-09/MEG/sub-09_task-RDR_run-26_meg.json,derivatives/preprocessed_data/sub-09/MEG/sub-09_task-RDR_run-26_meg.fif,6.034,301.041,295.007,0.017,1000.0,False,0.0395,10.65
09,27,27,stimuli/audio/story_27.wav,284.848,derivatives/preprocessed_data/sub-09/MEG/sub-09_task-RDR_run-27_events.tsv,derivatives/preprocessed_data/sub-09/MEG/sub-09_task-RDR_run-27_meg.json,derivatives/preprocessed_data/sub-09/MEG/sub-09_task-RDR_run-27_meg.fif,10.387,295.189,284.802,0.046,1000.0,False,0.0395,10.65
09,28,28,stimuli/audio/story_28.wav,274.928,derivatives/preprocessed_data/sub-09/MEG/sub-09_task-RDR_run-28_events.tsv,derivatives/preprocessed_data/sub-09/MEG/sub-09_task-RDR_run-28_meg.json,derivatives/preprocessed_data/sub-09/MEG/sub-09_task-RDR_run-28_meg.fif,7.839,282.736,274.897,0.031,1000.0,False,0.0395,10.65
09,29,29,stimuli/audio/story_29.wav,265.504,derivatives/preprocessed_data/sub-09/MEG/sub-09_task-RDR_run-29_events.tsv,derivatives/preprocessed_data/sub-09/MEG/sub-09_task-RDR_run-29_meg.json,derivatives/preprocessed_data/sub-09/MEG/sub-09_task-RDR_run-29_meg.fif,137.864,403.317,265.453,0.051,1000.0,False,0.0395,10.65
09,2,02,stimuli/audio/story_2.wav,352.576,derivatives/preprocessed_data/sub-09/MEG/sub-09_task-RDR_run-2_events.tsv,derivatives/preprocessed_data/sub-09/MEG/sub-09_task-RDR_run-2_meg.json,derivatives/preprocessed_data/sub-09/MEG/sub-09_task-RDR_run-2_meg.fif,9.022,361.587,352.565,0.011,1000.0,False,0.0395,10.65
09,30,30,stimuli/audio/story_30.wav,240.624,derivatives/preprocessed_data/sub-09/MEG/sub-09_task-RDR_run-30_events.tsv,derivatives/preprocessed_data/sub-09/MEG/sub-09_task-RDR_run-30_meg.json,derivatives/preprocessed_data/sub-09/MEG/sub-09_task-RDR_run-30_meg.fif,17.166,257.726,240.56,0.064,1000.0,False,0.0395,10.65
09,31,31,stimuli/audio/story_31.wav,379.232,derivatives/preprocessed_data/sub-09/MEG/sub-09_task-RDR_run-31_events.tsv,derivatives/preprocessed_data/sub-09/MEG/sub-09_task-RDR_run-31_meg.json,derivatives/preprocessed_data/sub-09/MEG/sub-09_task-RDR_run-31_meg.fif,6.388,385.616,379.228,0.004,1000.0,False,0.0395,10.65
09,32,32,stimuli/audio/story_32.wav,335.84,derivatives/preprocessed_data/sub-09/MEG/sub-09_task-RDR_run-32_events.tsv,derivatives/preprocessed_data/sub-09/MEG/sub-09_task-RDR_run-32_meg.json,derivatives/preprocessed_data/sub-09/MEG/sub-09_task-RDR_run-32_meg.fif,5.982,341.799,335.817,0.023,1000.0,False,0.0395,10.65
09,33,33,stimuli/audio/story_33.wav,321.6,derivatives/preprocessed_data/sub-09/MEG/sub-09_task-RDR_run-33_events.tsv,derivatives/preprocessed_data/sub-09/MEG/sub-09_task-RDR_run-33_meg.json,derivatives/preprocessed_data/sub-09/MEG/sub-09_task-RDR_run-33_meg.fif,9.546,331.136,321.59,0.01,1000.0,False,0.0395,10.65
09,34,34,stimuli/audio/story_34.wav,310.832,derivatives/preprocessed_data/sub-09/MEG/sub-09_task-RDR_run-34_events.tsv,derivatives/preprocessed_data/sub-09/MEG/sub-09_task-RDR_run-34_meg.json,derivatives/preprocessed_data/sub-09/MEG/sub-09_task-RDR_run-34_meg.fif,6.909,317.723,310.814,0.018,1000.0,False,0.0395,10.65
09,35,35,stimuli/audio/story_35.wav,304.816,derivatives/preprocessed_data/sub-09/MEG/sub-09_task-RDR_run-35_events.tsv,derivatives/preprocessed_data/sub-09/MEG/sub-09_task-RDR_run-35_meg.json,derivatives/preprocessed_data/sub-09/MEG/sub-09_task-RDR_run-35_meg.fif,10.184,314.966,304.782,0.034,1000.0,False,0.0395,10.65
09,36,36,stimuli/audio/story_36.wav,296.432,derivatives/preprocessed_data/sub-09/MEG/sub-09_task-RDR_run-36_events.tsv,derivatives/preprocessed_data/sub-09/MEG/sub-09_task-RDR_run-36_meg.json,derivatives/preprocessed_data/sub-09/MEG/sub-09_task-RDR_run-36_meg.fif,10.376,306.784,296.408,0.024,1000.0,False,0.0395,10.65
09,37,37,stimuli/audio/story_37.wav,288.416,derivatives/preprocessed_data/sub-09/MEG/sub-09_task-RDR_run-37_events.tsv,derivatives/preprocessed_data/sub-09/MEG/sub-09_task-RDR_run-37_meg.json,derivatives/preprocessed_data/sub-09/MEG/sub-09_task-RDR_run-37_meg.fif,6.519,294.893,288.374,0.042,1000.0,False,0.0395,10.65
09,38,38,stimuli/audio/story_38.wav,275.632,derivatives/preprocessed_data/sub-09/MEG/sub-09_task-RDR_run-38_events.tsv,derivatives/preprocessed_data/sub-09/MEG/sub-09_task-RDR_run-38_meg.json,derivatives/preprocessed_data/sub-09/MEG/sub-09_task-RDR_run-38_meg.fif,7.151,282.748,275.597,0.035,1000.0,False,0.0395,10.65
09,39,39,stimuli/audio/story_39.wav,269.728,derivatives/preprocessed_data/sub-09/MEG/sub-09_task-RDR_run-39_events.tsv,derivatives/preprocessed_data/sub-09/MEG/sub-09_task-RDR_run-39_meg.json,derivatives/preprocessed_data/sub-09/MEG/sub-09_task-RDR_run-39_meg.fif,17.841,287.535,269.694,0.034,1000.0,False,0.0395,10.65
09,3,03,stimuli/audio/story_3.wav,320.0,derivatives/preprocessed_data/sub-09/MEG/sub-09_task-RDR_run-3_events.tsv,derivatives/preprocessed_data/sub-09/MEG/sub-09_task-RDR_run-3_meg.json,derivatives/preprocessed_data/sub-09/MEG/sub-09_task-RDR_run-3_meg.fif,6.72,326.7,319.98,0.02,1000.0,False,0.0395,10.65
09,40,40,stimuli/audio/story_40.wav,255.552,derivatives/preprocessed_data/sub-09/MEG/sub-09_task-RDR_run-40_events.tsv,derivatives/preprocessed_data/sub-09/MEG/sub-09_task-RDR_run-40_meg.json,derivatives/preprocessed_data/sub-09/MEG/sub-09_task-RDR_run-40_meg.fif,18.303,273.79,255.487,0.065,1000.0,False,0.0395,10.65
09,41,41,stimuli/audio/story_41.wav,368.0,derivatives/preprocessed_data/sub-09/MEG/sub-09_task-RDR_run-41_events.tsv,derivatives/preprocessed_data/sub-09/MEG/sub-09_task-RDR_run-41_meg.json,derivatives/preprocessed_data/sub-09/MEG/sub-09_task-RDR_run-41_meg.fif,7.56,375.552,367.992,0.008,1000.0,False,0.0395,10.65
09,42,42,stimuli/audio/story_42.wav,332.304,derivatives/preprocessed_data/sub-09/MEG/sub-09_task-RDR_run-42_events.tsv,derivatives/preprocessed_data/sub-09/MEG/sub-09_task-RDR_run-42_meg.json,derivatives/preprocessed_data/sub-09/MEG/sub-09_task-RDR_run-42_meg.fif,7.077,339.352,332.275,0.029,1000.0,False,0.0395,10.65
09,43,43,stimuli/audio/story_43.wav,320.192,derivatives/preprocessed_data/sub-09/MEG/sub-09_task-RDR_run-43_events.tsv,derivatives/preprocessed_data/sub-09/MEG/sub-09_task-RDR_run-43_meg.json,derivatives/preprocessed_data/sub-09/MEG/sub-09_task-RDR_run-43_meg.fif,9.531,329.71,320.179,0.013,1000.0,False,0.0395,10.65
09,44,44,stimuli/audio/story_44.wav,308.976,derivatives/preprocessed_data/sub-09/MEG/sub-09_task-RDR_run-44_events.tsv,derivatives/preprocessed_data/sub-09/MEG/sub-09_task-RDR_run-44_meg.json,derivatives/preprocessed_data/sub-09/MEG/sub-09_task-RDR_run-44_meg.fif,7.054,315.998,308.944,0.032,1000.0,False,0.0395,10.65
09,45,45,stimuli/audio/story_45.wav,301.264,derivatives/preprocessed_data/sub-09/MEG/sub-09_task-RDR_run-45_events.tsv,derivatives/preprocessed_data/sub-09/MEG/sub-09_task-RDR_run-45_meg.json,derivatives/preprocessed_data/sub-09/MEG/sub-09_task-RDR_run-45_meg.fif,7.428,308.678,301.25,0.014,1000.0,False,0.0395,10.65
09,46,46,stimuli/audio/story_46.wav,298.4,derivatives/preprocessed_data/sub-09/MEG/sub-09_task-RDR_run-46_events.tsv,derivatives/preprocessed_data/sub-09/MEG/sub-09_task-RDR_run-46_meg.json,derivatives/preprocessed_data/sub-09/MEG/sub-09_task-RDR_run-46_meg.fif,5.531,303.89,298.359,0.041,1000.0,False,0.0395,10.65
09,47,47,stimuli/audio/story_47.wav,288.976,derivatives/preprocessed_data/sub-09/MEG/sub-09_task-RDR_run-47_events.tsv,derivatives/preprocessed_data/sub-09/MEG/sub-09_task-RDR_run-47_meg.json,derivatives/preprocessed_data/sub-09/MEG/sub-09_task-RDR_run-47_meg.fif,5.777,294.721,288.944,0.032,1000.0,False,0.0395,10.65
09,48,48,stimuli/audio/story_48.wav,275.76,derivatives/preprocessed_data/sub-09/MEG/sub-09_task-RDR_run-48_events.tsv,derivatives/preprocessed_data/sub-09/MEG/sub-09_task-RDR_run-48_meg.json,derivatives/preprocessed_data/sub-09/MEG/sub-09_task-RDR_run-48_meg.fif,10.227,285.954,275.727,0.033,1000.0,False,0.0395,10.65
09,49,49,stimuli/audio/story_49.wav,273.392,derivatives/preprocessed_data/sub-09/MEG/sub-09_task-RDR_run-49_events.tsv,derivatives/preprocessed_data/sub-09/MEG/sub-09_task-RDR_run-49_meg.json,derivatives/preprocessed_data/sub-09/MEG/sub-09_task-RDR_run-49_meg.fif,10.491,283.847,273.356,0.036,1000.0,False,0.0395,10.65
09,4,04,stimuli/audio/story_4.wav,319.184,derivatives/preprocessed_data/sub-09/MEG/sub-09_task-RDR_run-4_events.tsv,derivatives/preprocessed_data/sub-09/MEG/sub-09_task-RDR_run-4_meg.json,derivatives/preprocessed_data/sub-09/MEG/sub-09_task-RDR_run-4_meg.fif,10.663,329.832,319.169,0.015,1000.0,False,0.0395,10.65
09,50,50,stimuli/audio/story_50.wav,256.272,derivatives/preprocessed_data/sub-09/MEG/sub-09_task-RDR_run-50_events.tsv,derivatives/preprocessed_data/sub-09/MEG/sub-09_task-RDR_run-50_meg.json,derivatives/preprocessed_data/sub-09/MEG/sub-09_task-RDR_run-50_meg.fif,10.319,266.537,256.218,0.054,1000.0,False,0.0395,10.65
09,51,51,stimuli/audio/story_51.wav,352.608,derivatives/preprocessed_data/sub-09/MEG/sub-09_task-RDR_run-51_events.tsv,derivatives/preprocessed_data/sub-09/MEG/sub-09_task-RDR_run-51_meg.json,derivatives/preprocessed_data/sub-09/MEG/sub-09_task-RDR_run-51_meg.fif,6.032,358.626,352.594,0.014,1000.0,False,0.0395,10.65
09,52,52,stimuli/audio/story_52.wav,323.088,derivatives/preprocessed_data/sub-09/MEG/sub-09_task-RDR_run-52_events.tsv,derivatives/preprocessed_data/sub-09/MEG/sub-09_task-RDR_run-52_meg.json,derivatives/preprocessed_data/sub-09/MEG/sub-09_task-RDR_run-52_meg.fif,7.416,330.486,323.07,0.018,1000.0,False,0.0395,10.65
09,53,53,stimuli/audio/story_53.wav,324.608,derivatives/preprocessed_data/sub-09/MEG/sub-09_task-RDR_run-53_events.tsv,derivatives/preprocessed_data/sub-09/MEG/sub-09_task-RDR_run-53_meg.json,derivatives/preprocessed_data/sub-09/MEG/sub-09_task-RDR_run-53_meg.fif,10.908,335.489,324.581,0.027,1000.0,False,0.0395,10.65
09,54,54,stimuli/audio/story_54.wav,308.4,derivatives/preprocessed_data/sub-09/MEG/sub-09_task-RDR_run-54_events.tsv,derivatives/preprocessed_data/sub-09/MEG/sub-09_task-RDR_run-54_meg.json,derivatives/preprocessed_data/sub-09/MEG/sub-09_task-RDR_run-54_meg.fif,6.408,314.781,308.373,0.027,1000.0,False,0.0395,10.65
09,55,55,stimuli/audio/story_55.wav,300.672,derivatives/preprocessed_data/sub-09/MEG/sub-09_task-RDR_run-55_events.tsv,derivatives/preprocessed_data/sub-09/MEG/sub-09_task-RDR_run-55_meg.json,derivatives/preprocessed_data/sub-09/MEG/sub-09_task-RDR_run-55_meg.fif,11.867,312.517,300.65,0.022,1000.0,False,0.0395,10.65
09,56,56,stimuli/audio/story_56.wav,298.88,derivatives/preprocessed_data/sub-09/MEG/sub-09_task-RDR_run-56_events.tsv,derivatives/preprocessed_data/sub-09/MEG/sub-09_task-RDR_run-56_meg.json,derivatives/preprocessed_data/sub-09/MEG/sub-09_task-RDR_run-56_meg.fif,7.541,306.389,298.848,0.032,1000.0,False,0.0395,10.65
09,57,57,stimuli/audio/story_57.wav,290.0,derivatives/preprocessed_data/sub-09/MEG/sub-09_task-RDR_run-57_events.tsv,derivatives/preprocessed_data/sub-09/MEG/sub-09_task-RDR_run-57_meg.json,derivatives/preprocessed_data/sub-09/MEG/sub-09_task-RDR_run-57_meg.fif,17.179,307.133,289.954,0.046,1000.0,False,0.0395,10.65
09,58,58,stimuli/audio/story_58.wav,276.976,derivatives/preprocessed_data/sub-09/MEG/sub-09_task-RDR_run-58_events.tsv,derivatives/preprocessed_data/sub-09/MEG/sub-09_task-RDR_run-58_meg.json,derivatives/preprocessed_data/sub-09/MEG/sub-09_task-RDR_run-58_meg.fif,11.234,288.162,276.928,0.048,1000.0,False,0.0395,10.65
09,59,59,stimuli/audio/story_59.wav,273.44,derivatives/preprocessed_data/sub-09/MEG/sub-09_task-RDR_run-59_events.tsv,derivatives/preprocessed_data/sub-09/MEG/sub-09_task-RDR_run-59_meg.json,derivatives/preprocessed_data/sub-09/MEG/sub-09_task-RDR_run-59_meg.fif,8.749,282.136,273.387,0.053,1000.0,False,0.0395,10.65
09,5,05,stimuli/audio/story_5.wav,307.584,derivatives/preprocessed_data/sub-09/MEG/sub-09_task-RDR_run-5_events.tsv,derivatives/preprocessed_data/sub-09/MEG/sub-09_task-RDR_run-5_meg.json,derivatives/preprocessed_data/sub-09/MEG/sub-09_task-RDR_run-5_meg.fif,11.518,319.081,307.563,0.021,1000.0,False,0.0395,10.65
09,60,60,stimuli/audio/story_60.wav,256.384,derivatives/preprocessed_data/sub-09/MEG/sub-09_task-RDR_run-60_events.tsv,derivatives/preprocessed_data/sub-09/MEG/sub-09_task-RDR_run-60_meg.json,derivatives/preprocessed_data/sub-09/MEG/sub-09_task-RDR_run-60_meg.fif,7.74,264.058,256.318,0.066,1000.0,False,0.0395,10.65
09,6,06,stimuli/audio/story_6.wav,290.96,derivatives/preprocessed_data/sub-09/MEG/sub-09_task-RDR_run-6_events.tsv,derivatives/preprocessed_data/sub-09/MEG/sub-09_task-RDR_run-6_meg.json,derivatives/preprocessed_data/sub-09/MEG/sub-09_task-RDR_run-6_meg.fif,6.176,297.092,290.916,0.044,1000.0,False,0.0395,10.65
09,7,07,stimuli/audio/story_7.wav,280.0,derivatives/preprocessed_data/sub-09/MEG/sub-09_task-RDR_run-7_events.tsv,derivatives/preprocessed_data/sub-09/MEG/sub-09_task-RDR_run-7_meg.json,derivatives/preprocessed_data/sub-09/MEG/sub-09_task-RDR_run-7_meg.fif,-0.013,279.987,280.0,0.0,1000.0,True,0.0395,10.65
09,8,08,stimuli/audio/story_8.wav,273.44,derivatives/preprocessed_data/sub-09/MEG/sub-09_task-RDR_run-8_events.tsv,derivatives/preprocessed_data/sub-09/MEG/sub-09_task-RDR_run-8_meg.json,derivatives/preprocessed_data/sub-09/MEG/sub-09_task-RDR_run-8_meg.fif,9.345,282.731,273.386,0.054,1000.0,False,0.0395,10.65
09,9,09,stimuli/audio/story_9.wav,258.768,derivatives/preprocessed_data/sub-09/MEG/sub-09_task-RDR_run-9_events.tsv,derivatives/preprocessed_data/sub-09/MEG/sub-09_task-RDR_run-9_meg.json,derivatives/preprocessed_data/sub-09/MEG/sub-09_task-RDR_run-9_meg.fif,19.516,278.236,258.72,0.048,1000.0,False,0.0395,10.65
10,10,10,stimuli/audio/story_10.wav,240.0,derivatives/preprocessed_data/sub-10/MEG/sub-10_task-RDR_run-10_events.tsv,derivatives/preprocessed_data/sub-10/MEG/sub-10_task-RDR_run-10_meg.json,derivatives/preprocessed_data/sub-10/MEG/sub-10_task-RDR_run-10_meg.fif,5.317,245.247,239.93,0.07,1000.0,False,0.0395,10.65
10,11,11,stimuli/audio/story_11.wav,398.336,derivatives/preprocessed_data/sub-10/MEG/sub-10_task-RDR_run-11_events.tsv,derivatives/preprocessed_data/sub-10/MEG/sub-10_task-RDR_run-11_meg.json,derivatives/preprocessed_data/sub-10/MEG/sub-10_task-RDR_run-11_meg.fif,7.098,405.446,398.348,-0.012,1000.0,False,0.0395,10.65
10,12,12,stimuli/audio/story_12.wav,351.712,derivatives/preprocessed_data/sub-10/MEG/sub-10_task-RDR_run-12_events.tsv,derivatives/preprocessed_data/sub-10/MEG/sub-10_task-RDR_run-12_meg.json,derivatives/preprocessed_data/sub-10/MEG/sub-10_task-RDR_run-12_meg.fif,5.22,356.925,351.705,0.007,1000.0,False,0.0395,10.65
10,13,13,stimuli/audio/story_13.wav,323.744,derivatives/preprocessed_data/sub-10/MEG/sub-10_task-RDR_run-13_events.tsv,derivatives/preprocessed_data/sub-10/MEG/sub-10_task-RDR_run-13_meg.json,derivatives/preprocessed_data/sub-10/MEG/sub-10_task-RDR_run-13_meg.fif,7.554,331.274,323.72,0.024,1000.0,False,0.0395,10.65
10,14,14,stimuli/audio/story_14.wav,318.992,derivatives/preprocessed_data/sub-10/MEG/sub-10_task-RDR_run-14_events.tsv,derivatives/preprocessed_data/sub-10/MEG/sub-10_task-RDR_run-14_meg.json,derivatives/preprocessed_data/sub-10/MEG/sub-10_task-RDR_run-14_meg.fif,14.336,333.296,318.96,0.032,1000.0,False,0.0395,10.65
10,15,15,stimuli/audio/story_15.wav,307.712,derivatives/preprocessed_data/sub-10/MEG/sub-10_task-RDR_run-15_events.tsv,derivatives/preprocessed_data/sub-10/MEG/sub-10_task-RDR_run-15_meg.json,derivatives/preprocessed_data/sub-10/MEG/sub-10_task-RDR_run-15_meg.fif,10.653,318.346,307.693,0.019,1000.0,False,0.0395,10.65
10,16,16,stimuli/audio/story_16.wav,294.496,derivatives/preprocessed_data/sub-10/MEG/sub-10_task-RDR_run-16_events.tsv,derivatives/preprocessed_data/sub-10/MEG/sub-10_task-RDR_run-16_meg.json,derivatives/preprocessed_data/sub-10/MEG/sub-10_task-RDR_run-16_meg.fif,8.042,302.498,294.456,0.04,1000.0,False,0.0395,10.65
10,17,17,stimuli/audio/story_17.wav,280.0,derivatives/preprocessed_data/sub-10/MEG/sub-10_task-RDR_run-17_events.tsv,derivatives/preprocessed_data/sub-10/MEG/sub-10_task-RDR_run-17_meg.json,derivatives/preprocessed_data/sub-10/MEG/sub-10_task-RDR_run-17_meg.fif,13.202,293.172,279.97,0.03,1000.0,False,0.0395,10.65
10,18,18,stimuli/audio/story_18.wav,274.48,derivatives/preprocessed_data/sub-10/MEG/sub-10_task-RDR_run-18_events.tsv,derivatives/preprocessed_data/sub-10/MEG/sub-10_task-RDR_run-18_meg.json,derivatives/preprocessed_data/sub-10/MEG/sub-10_task-RDR_run-18_meg.fif,5.855,280.283,274.428,0.052,1000.0,False,0.0395,10.65
10,19,19,stimuli/audio/story_19.wav,263.648,derivatives/preprocessed_data/sub-10/MEG/sub-10_task-RDR_run-19_events.tsv,derivatives/preprocessed_data/sub-10/MEG/sub-10_task-RDR_run-19_meg.json,derivatives/preprocessed_data/sub-10/MEG/sub-10_task-RDR_run-19_meg.fif,6.232,269.833,263.601,0.047,1000.0,False,0.0395,10.65
10,1,01,stimuli/audio/story_1.wav,406.416,derivatives/preprocessed_data/sub-10/MEG/sub-10_task-RDR_run-1_events.tsv,derivatives/preprocessed_data/sub-10/MEG/sub-10_task-RDR_run-1_meg.json,derivatives/preprocessed_data/sub-10/MEG/sub-10_task-RDR_run-1_meg.fif,6.113,412.556,406.443,-0.027,1000.0,False,0.0395,10.65
10,20,20,stimuli/audio/story_20.wav,240.224,derivatives/preprocessed_data/sub-10/MEG/sub-10_task-RDR_run-20_events.tsv,derivatives/preprocessed_data/sub-10/MEG/sub-10_task-RDR_run-20_meg.json,derivatives/preprocessed_data/sub-10/MEG/sub-10_task-RDR_run-20_meg.fif,19.559,259.729,240.17,0.054,1000.0,False,0.0395,10.65
10,21,21,stimuli/audio/story_21.wav,393.488,derivatives/preprocessed_data/sub-10/MEG/sub-10_task-RDR_run-21_events.tsv,derivatives/preprocessed_data/sub-10/MEG/sub-10_task-RDR_run-21_meg.json,derivatives/preprocessed_data/sub-10/MEG/sub-10_task-RDR_run-21_meg.fif,20.083,413.598,393.515,-0.027,1000.0,False,0.0395,10.65
10,22,22,stimuli/audio/story_22.wav,345.232,derivatives/preprocessed_data/sub-10/MEG/sub-10_task-RDR_run-22_events.tsv,derivatives/preprocessed_data/sub-10/MEG/sub-10_task-RDR_run-22_meg.json,derivatives/preprocessed_data/sub-10/MEG/sub-10_task-RDR_run-22_meg.fif,37.89,383.121,345.231,0.001,1000.0,False,0.0395,10.65
10,23,23,stimuli/audio/story_23.wav,322.608,derivatives/preprocessed_data/sub-10/MEG/sub-10_task-RDR_run-23_events.tsv,derivatives/preprocessed_data/sub-10/MEG/sub-10_task-RDR_run-23_meg.json,derivatives/preprocessed_data/sub-10/MEG/sub-10_task-RDR_run-23_meg.fif,4.877,327.448,322.571,0.037,1000.0,False,0.0395,10.65
10,24,24,stimuli/audio/story_24.wav,315.68,derivatives/preprocessed_data/sub-10/MEG/sub-10_task-RDR_run-24_events.tsv,derivatives/preprocessed_data/sub-10/MEG/sub-10_task-RDR_run-24_meg.json,derivatives/preprocessed_data/sub-10/MEG/sub-10_task-RDR_run-24_meg.fif,41.316,356.973,315.657,0.023,1000.0,False,0.0395,10.65
10,25,25,stimuli/audio/story_25.wav,304.896,derivatives/preprocessed_data/sub-10/MEG/sub-10_task-RDR_run-25_events.tsv,derivatives/preprocessed_data/sub-10/MEG/sub-10_task-RDR_run-25_meg.json,derivatives/preprocessed_data/sub-10/MEG/sub-10_task-RDR_run-25_meg.fif,11.21,316.072,304.862,0.034,1000.0,False,0.0395,10.65
10,26,26,stimuli/audio/story_26.wav,295.024,derivatives/preprocessed_data/sub-10/MEG/sub-10_task-RDR_run-26_events.tsv,derivatives/preprocessed_data/sub-10/MEG/sub-10_task-RDR_run-26_meg.json,derivatives/preprocessed_data/sub-10/MEG/sub-10_task-RDR_run-26_meg.fif,7.495,302.502,295.007,0.017,1000.0,False,0.0395,10.65
10,27,27,stimuli/audio/story_27.wav,284.848,derivatives/preprocessed_data/sub-10/MEG/sub-10_task-RDR_run-27_events.tsv,derivatives/preprocessed_data/sub-10/MEG/sub-10_task-RDR_run-27_meg.json,derivatives/preprocessed_data/sub-10/MEG/sub-10_task-RDR_run-27_meg.fif,9.801,294.602,284.801,0.047,1000.0,False,0.0395,10.65
10,28,28,stimuli/audio/story_28.wav,274.928,derivatives/preprocessed_data/sub-10/MEG/sub-10_task-RDR_run-28_events.tsv,derivatives/preprocessed_data/sub-10/MEG/sub-10_task-RDR_run-28_meg.json,derivatives/preprocessed_data/sub-10/MEG/sub-10_task-RDR_run-28_meg.fif,7.719,282.616,274.897,0.031,1000.0,False,0.0395,10.65
10,29,29,stimuli/audio/story_29.wav,265.504,derivatives/preprocessed_data/sub-10/MEG/sub-10_task-RDR_run-29_events.tsv,derivatives/preprocessed_data/sub-10/MEG/sub-10_task-RDR_run-29_meg.json,derivatives/preprocessed_data/sub-10/MEG/sub-10_task-RDR_run-29_meg.fif,6.81,272.262,265.452,0.052,1000.0,False,0.0395,10.65
10,2,02,stimuli/audio/story_2.wav,352.576,derivatives/preprocessed_data/sub-10/MEG/sub-10_task-RDR_run-2_events.tsv,derivatives/preprocessed_data/sub-10/MEG/sub-10_task-RDR_run-2_meg.json,derivatives/preprocessed_data/sub-10/MEG/sub-10_task-RDR_run-2_meg.fif,5.034,357.599,352.565,0.011,1000.0,False,0.0395,10.65
10,30,30,stimuli/audio/story_30.wav,240.624,derivatives/preprocessed_data/sub-10/MEG/sub-10_task-RDR_run-30_events.tsv,derivatives/preprocessed_data/sub-10/MEG/sub-10_task-RDR_run-30_meg.json,derivatives/preprocessed_data/sub-10/MEG/sub-10_task-RDR_run-30_meg.fif,7.214,247.774,240.56,0.064,1000.0,False,0.0395,10.65
10,31,31,stimuli/audio/story_31.wav,379.232,derivatives/preprocessed_data/sub-10/MEG/sub-10_task-RDR_run-31_events.tsv,derivatives/preprocessed_data/sub-10/MEG/sub-10_task-RDR_run-31_meg.json,derivatives/preprocessed_data/sub-10/MEG/sub-10_task-RDR_run-31_meg.fif,6.432,385.66,379.228,0.004,1000.0,False,0.0395,10.65
10,32,32,stimuli/audio/story_32.wav,335.84,derivatives/preprocessed_data/sub-10/MEG/sub-10_task-RDR_run-32_events.tsv,derivatives/preprocessed_data/sub-10/MEG/sub-10_task-RDR_run-32_meg.json,derivatives/preprocessed_data/sub-10/MEG/sub-10_task-RDR_run-32_meg.fif,5.239,341.056,335.817,0.023,1000.0,False,0.0395,10.65
10,33,33,stimuli/audio/story_33.wav,321.6,derivatives/preprocessed_data/sub-10/MEG/sub-10_task-RDR_run-33_events.tsv,derivatives/preprocessed_data/sub-10/MEG/sub-10_task-RDR_run-33_meg.json,derivatives/preprocessed_data/sub-10/MEG/sub-10_task-RDR_run-33_meg.fif,6.086,327.677,321.591,0.009,1000.0,False,0.0395,10.65
10,34,34,stimuli/audio/story_34.wav,310.832,derivatives/preprocessed_data/sub-10/MEG/sub-10_task-RDR_run-34_events.tsv,derivatives/preprocessed_data/sub-10/MEG/sub-10_task-RDR_run-34_meg.json,derivatives/preprocessed_data/sub-10/MEG/sub-10_task-RDR_run-34_meg.fif,6.412,317.226,310.814,0.018,1000.0,False,0.0395,10.65
10,35,35,stimuli/audio/story_35.wav,304.816,derivatives/preprocessed_data/sub-10/MEG/sub-10_task-RDR_run-35_events.tsv,derivatives/preprocessed_data/sub-10/MEG/sub-10_task-RDR_run-35_meg.json,derivatives/preprocessed_data/sub-10/MEG/sub-10_task-RDR_run-35_meg.fif,7.345,312.127,304.782,0.034,1000.0,False,0.0395,10.65
10,36,36,stimuli/audio/story_36.wav,296.432,derivatives/preprocessed_data/sub-10/MEG/sub-10_task-RDR_run-36_events.tsv,derivatives/preprocessed_data/sub-10/MEG/sub-10_task-RDR_run-36_meg.json,derivatives/preprocessed_data/sub-10/MEG/sub-10_task-RDR_run-36_meg.fif,6.724,303.132,296.408,0.024,1000.0,False,0.0395,10.65
10,37,37,stimuli/audio/story_37.wav,288.416,derivatives/preprocessed_data/sub-10/MEG/sub-10_task-RDR_run-37_events.tsv,derivatives/preprocessed_data/sub-10/MEG/sub-10_task-RDR_run-37_meg.json,derivatives/preprocessed_data/sub-10/MEG/sub-10_task-RDR_run-37_meg.fif,4.808,293.182,288.374,0.042,1000.0,False,0.0395,10.65
10,38,38,stimuli/audio/story_38.wav,275.632,derivatives/preprocessed_data/sub-10/MEG/sub-10_task-RDR_run-38_events.tsv,derivatives/preprocessed_data/sub-10/MEG/sub-10_task-RDR_run-38_meg.json,derivatives/preprocessed_data/sub-10/MEG/sub-10_task-RDR_run-38_meg.fif,9.005,284.602,275.597,0.035,1000.0,False,0.0395,10.65
10,39,39,stimuli/audio/story_39.wav,269.728,derivatives/preprocessed_data/sub-10/MEG/sub-10_task-RDR_run-39_events.tsv,derivatives/preprocessed_data/sub-10/MEG/sub-10_task-RDR_run-39_meg.json,derivatives/preprocessed_data/sub-10/MEG/sub-10_task-RDR_run-39_meg.fif,6.86,276.554,269.694,0.034,1000.0,False,0.0395,10.65
10,3,03,stimuli/audio/story_3.wav,320.0,derivatives/preprocessed_data/sub-10/MEG/sub-10_task-RDR_run-3_events.tsv,derivatives/preprocessed_data/sub-10/MEG/sub-10_task-RDR_run-3_meg.json,derivatives/preprocessed_data/sub-10/MEG/sub-10_task-RDR_run-3_meg.fif,6.612,326.582,319.97,0.03,1000.0,False,0.0395,10.65
10,40,40,stimuli/audio/story_40.wav,255.552,derivatives/preprocessed_data/sub-10/MEG/sub-10_task-RDR_run-40_events.tsv,derivatives/preprocessed_data/sub-10/MEG/sub-10_task-RDR_run-40_meg.json,derivatives/preprocessed_data/sub-10/MEG/sub-10_task-RDR_run-40_meg.fif,7.314,262.801,255.487,0.065,1000.0,False,0.0395,10.65
10,41,41,stimuli/audio/story_41.wav,368.0,derivatives/preprocessed_data/sub-10/MEG/sub-10_task-RDR_run-41_events.tsv,derivatives/preprocessed_data/sub-10/MEG/sub-10_task-RDR_run-41_meg.json,derivatives/preprocessed_data/sub-10/MEG/sub-10_task-RDR_run-41_meg.fif,7.43,375.422,367.992,0.008,1000.0,False,0.0395,10.65
10,42,42,stimuli/audio/story_42.wav,332.304,derivatives/preprocessed_data/sub-10/MEG/sub-10_task-RDR_run-42_events.tsv,derivatives/preprocessed_data/sub-10/MEG/sub-10_task-RDR_run-42_meg.json,derivatives/preprocessed_data/sub-10/MEG/sub-10_task-RDR_run-42_meg.fif,15.013,347.289,332.276,0.028,1000.0,False,0.0395,10.65
10,43,43,stimuli/audio/story_43.wav,320.192,derivatives/preprocessed_data/sub-10/MEG/sub-10_task-RDR_run-43_events.tsv,derivatives/preprocessed_data/sub-10/MEG/sub-10_task-RDR_run-43_meg.json,derivatives/preprocessed_data/sub-10/MEG/sub-10_task-RDR_run-43_meg.fif,6.951,327.131,320.18,0.012,1000.0,False,0.0395,10.65
10,44,44,stimuli/audio/story_44.wav,308.976,derivatives/preprocessed_data/sub-10/MEG/sub-10_task-RDR_run-44_events.tsv,derivatives/preprocessed_data/sub-10/MEG/sub-10_task-RDR_run-44_meg.json,derivatives/preprocessed_data/sub-10/MEG/sub-10_task-RDR_run-44_meg.fif,21.511,330.455,308.944,0.032,1000.0,False,0.0395,10.65
10,45,45,stimuli/audio/story_45.wav,301.264,derivatives/preprocessed_data/sub-10/MEG/sub-10_task-RDR_run-45_events.tsv,derivatives/preprocessed_data/sub-10/MEG/sub-10_task-RDR_run-45_meg.json,derivatives/preprocessed_data/sub-10/MEG/sub-10_task-RDR_run-45_meg.fif,19.222,320.462,301.24,0.024,1000.0,False,0.0395,10.65
10,46,46,stimuli/audio/story_46.wav,298.4,derivatives/preprocessed_data/sub-10/MEG/sub-10_task-RDR_run-46_events.tsv,derivatives/preprocessed_data/sub-10/MEG/sub-10_task-RDR_run-46_meg.json,derivatives/preprocessed_data/sub-10/MEG/sub-10_task-RDR_run-46_meg.fif,5.647,304.006,298.359,0.041,1000.0,False,0.0395,10.65
10,47,47,stimuli/audio/story_47.wav,288.976,derivatives/preprocessed_data/sub-10/MEG/sub-10_task-RDR_run-47_events.tsv,derivatives/preprocessed_data/sub-10/MEG/sub-10_task-RDR_run-47_meg.json,derivatives/preprocessed_data/sub-10/MEG/sub-10_task-RDR_run-47_meg.fif,12.521,301.465,288.944,0.032,1000.0,False,0.0395,10.65
10,48,48,stimuli/audio/story_48.wav,275.76,derivatives/preprocessed_data/sub-10/MEG/sub-10_task-RDR_run-48_events.tsv,derivatives/preprocessed_data/sub-10/MEG/sub-10_task-RDR_run-48_meg.json,derivatives/preprocessed_data/sub-10/MEG/sub-10_task-RDR_run-48_meg.fif,6.927,282.655,275.728,0.032,1000.0,False,0.0395,10.65
10,49,49,stimuli/audio/story_49.wav,273.392,derivatives/preprocessed_data/sub-10/MEG/sub-10_task-RDR_run-49_events.tsv,derivatives/preprocessed_data/sub-10/MEG/sub-10_task-RDR_run-49_meg.json,derivatives/preprocessed_data/sub-10/MEG/sub-10_task-RDR_run-49_meg.fif,5.982,279.338,273.356,0.036,1000.0,False,0.0395,10.65
10,4,04,stimuli/audio/story_4.wav,319.184,derivatives/preprocessed_data/sub-10/MEG/sub-10_task-RDR_run-4_events.tsv,derivatives/preprocessed_data/sub-10/MEG/sub-10_task-RDR_run-4_meg.json,derivatives/preprocessed_data/sub-10/MEG/sub-10_task-RDR_run-4_meg.fif,7.093,326.263,319.17,0.014,1000.0,False,0.0395,10.65
10,50,50,stimuli/audio/story_50.wav,256.272,derivatives/preprocessed_data/sub-10/MEG/sub-10_task-RDR_run-50_events.tsv,derivatives/preprocessed_data/sub-10/MEG/sub-10_task-RDR_run-50_meg.json,derivatives/preprocessed_data/sub-10/MEG/sub-10_task-RDR_run-50_meg.fif,15.32,271.538,256.218,0.054,1000.0,False,0.0395,10.65
10,51,51,stimuli/audio/story_51.wav,352.608,derivatives/preprocessed_data/sub-10/MEG/sub-10_task-RDR_run-51_events.tsv,derivatives/preprocessed_data/sub-10/MEG/sub-10_task-RDR_run-51_meg.json,derivatives/preprocessed_data/sub-10/MEG/sub-10_task-RDR_run-51_meg.fif,6.577,359.173,352.596,0.012,1000.0,False,0.0395,10.65
10,52,52,stimuli/audio/story_52.wav,323.088,derivatives/preprocessed_data/sub-10/MEG/sub-10_task-RDR_run-52_events.tsv,derivatives/preprocessed_data/sub-10/MEG/sub-10_task-RDR_run-52_meg.json,derivatives/preprocessed_data/sub-10/MEG/sub-10_task-RDR_run-52_meg.fif,6.491,329.561,323.07,0.018,1000.0,False,0.0395,10.65
10,53,53,stimuli/audio/story_53.wav,324.608,derivatives/preprocessed_data/sub-10/MEG/sub-10_task-RDR_run-53_events.tsv,derivatives/preprocessed_data/sub-10/MEG/sub-10_task-RDR_run-53_meg.json,derivatives/preprocessed_data/sub-10/MEG/sub-10_task-RDR_run-53_meg.fif,18.164,342.746,324.582,0.026,1000.0,False,0.0395,10.65
10,54,54,stimuli/audio/story_54.wav,308.4,derivatives/preprocessed_data/sub-10/MEG/sub-10_task-RDR_run-54_events.tsv,derivatives/preprocessed_data/sub-10/MEG/sub-10_task-RDR_run-54_meg.json,derivatives/preprocessed_data/sub-10/MEG/sub-10_task-RDR_run-54_meg.fif,6.637,315.011,308.374,0.026,1000.0,False,0.0395,10.65
10,55,55,stimuli/audio/story_55.wav,300.672,derivatives/preprocessed_data/sub-10/MEG/sub-10_task-RDR_run-55_events.tsv,derivatives/preprocessed_data/sub-10/MEG/sub-10_task-RDR_run-55_meg.json,derivatives/preprocessed_data/sub-10/MEG/sub-10_task-RDR_run-55_meg.fif,9.982,310.632,300.65,0.022,1000.0,False,0.0395,10.65
10,56,56,stimuli/audio/story_56.wav,298.88,derivatives/preprocessed_data/sub-10/MEG/sub-10_task-RDR_run-56_events.tsv,derivatives/preprocessed_data/sub-10/MEG/sub-10_task-RDR_run-56_meg.json,derivatives/preprocessed_data/sub-10/MEG/sub-10_task-RDR_run-56_meg.fif,6.069,304.918,298.849,0.031,1000.0,False,0.0395,10.65
10,57,57,stimuli/audio/story_57.wav,290.0,derivatives/preprocessed_data/sub-10/MEG/sub-10_task-RDR_run-57_events.tsv,derivatives/preprocessed_data/sub-10/MEG/sub-10_task-RDR_run-57_meg.json,derivatives/preprocessed_data/sub-10/MEG/sub-10_task-RDR_run-57_meg.fif,6.138,296.093,289.955,0.045,1000.0,False,0.0395,10.65
10,58,58,stimuli/audio/story_58.wav,276.976,derivatives/preprocessed_data/sub-10/MEG/sub-10_task-RDR_run-58_events.tsv,derivatives/preprocessed_data/sub-10/MEG/sub-10_task-RDR_run-58_meg.json,derivatives/preprocessed_data/sub-10/MEG/sub-10_task-RDR_run-58_meg.fif,6.86,283.788,276.928,0.048,1000.0,False,0.0395,10.65
10,59,59,stimuli/audio/story_59.wav,273.44,derivatives/preprocessed_data/sub-10/MEG/sub-10_task-RDR_run-59_events.tsv,derivatives/preprocessed_data/sub-10/MEG/sub-10_task-RDR_run-59_meg.json,derivatives/preprocessed_data/sub-10/MEG/sub-10_task-RDR_run-59_meg.fif,6.503,279.889,273.386,0.054,1000.0,False,0.0395,10.65
10,5,05,stimuli/audio/story_5.wav,307.584,derivatives/preprocessed_data/sub-10/MEG/sub-10_task-RDR_run-5_events.tsv,derivatives/preprocessed_data/sub-10/MEG/sub-10_task-RDR_run-5_meg.json,derivatives/preprocessed_data/sub-10/MEG/sub-10_task-RDR_run-5_meg.fif,8.121,315.683,307.562,0.022,1000.0,False,0.0395,10.65
10,60,60,stimuli/audio/story_60.wav,256.384,derivatives/preprocessed_data/sub-10/MEG/sub-10_task-RDR_run-60_events.tsv,derivatives/preprocessed_data/sub-10/MEG/sub-10_task-RDR_run-60_meg.json,derivatives/preprocessed_data/sub-10/MEG/sub-10_task-RDR_run-60_meg.fif,8.555,264.873,256.318,0.066,1000.0,False,0.0395,10.65
10,6,06,stimuli/audio/story_6.wav,290.96,derivatives/preprocessed_data/sub-10/MEG/sub-10_task-RDR_run-6_events.tsv,derivatives/preprocessed_data/sub-10/MEG/sub-10_task-RDR_run-6_meg.json,derivatives/preprocessed_data/sub-10/MEG/sub-10_task-RDR_run-6_meg.fif,6.59,297.505,290.915,0.045,1000.0,False,0.0395,10.65
10,7,07,stimuli/audio/story_7.wav,280.0,derivatives/preprocessed_data/sub-10/MEG/sub-10_task-RDR_run-7_events.tsv,derivatives/preprocessed_data/sub-10/MEG/sub-10_task-RDR_run-7_meg.json,derivatives/preprocessed_data/sub-10/MEG/sub-10_task-RDR_run-7_meg.fif,17.817,297.786,279.969,0.031,1000.0,False,0.0395,10.65
10,8,08,stimuli/audio/story_8.wav,273.44,derivatives/preprocessed_data/sub-10/MEG/sub-10_task-RDR_run-8_events.tsv,derivatives/preprocessed_data/sub-10/MEG/sub-10_task-RDR_run-8_meg.json,derivatives/preprocessed_data/sub-10/MEG/sub-10_task-RDR_run-8_meg.fif,5.337,278.724,273.387,0.053,1000.0,False,0.0395,10.65
10,9,09,stimuli/audio/story_9.wav,258.768,derivatives/preprocessed_data/sub-10/MEG/sub-10_task-RDR_run-9_events.tsv,derivatives/preprocessed_data/sub-10/MEG/sub-10_task-RDR_run-9_meg.json,derivatives/preprocessed_data/sub-10/MEG/sub-10_task-RDR_run-9_meg.fif,7.575,266.284,258.709,0.059,1000.0,False,0.0395,10.65
11,10,10,stimuli/audio/story_10.wav,240.0,derivatives/preprocessed_data/sub-11/MEG/sub-11_task-RDR_run-10_events.tsv,derivatives/preprocessed_data/sub-11/MEG/sub-11_task-RDR_run-10_meg.json,derivatives/preprocessed_data/sub-11/MEG/sub-11_task-RDR_run-10_meg.fif,12.478,252.408,239.93,0.07,1000.0,False,0.0395,10.65
11,11,11,stimuli/audio/story_11.wav,398.336,derivatives/preprocessed_data/sub-11/MEG/sub-11_task-RDR_run-11_events.tsv,derivatives/preprocessed_data/sub-11/MEG/sub-11_task-RDR_run-11_meg.json,derivatives/preprocessed_data/sub-11/MEG/sub-11_task-RDR_run-11_meg.fif,6.492,404.839,398.347,-0.011,1000.0,False,0.0395,10.65
11,12,12,stimuli/audio/story_12.wav,351.712,derivatives/preprocessed_data/sub-11/MEG/sub-11_task-RDR_run-12_events.tsv,derivatives/preprocessed_data/sub-11/MEG/sub-11_task-RDR_run-12_meg.json,derivatives/preprocessed_data/sub-11/MEG/sub-11_task-RDR_run-12_meg.fif,8.956,360.661,351.705,0.007,1000.0,False,0.0395,10.65
11,13,13,stimuli/audio/story_13.wav,323.744,derivatives/preprocessed_data/sub-11/MEG/sub-11_task-RDR_run-13_events.tsv,derivatives/preprocessed_data/sub-11/MEG/sub-11_task-RDR_run-13_meg.json,derivatives/preprocessed_data/sub-11/MEG/sub-11_task-RDR_run-13_meg.fif,24.346,348.067,323.721,0.023,1000.0,False,0.0395,10.65
11,14,14,stimuli/audio/story_14.wav,318.992,derivatives/preprocessed_data/sub-11/MEG/sub-11_task-RDR_run-14_events.tsv,derivatives/preprocessed_data/sub-11/MEG/sub-11_task-RDR_run-14_meg.json,derivatives/preprocessed_data/sub-11/MEG/sub-11_task-RDR_run-14_meg.fif,22.714,341.672,318.958,0.034,1000.0,False,0.0395,10.65
11,15,15,stimuli/audio/story_15.wav,307.712,derivatives/preprocessed_data/sub-11/MEG/sub-11_task-RDR_run-15_events.tsv,derivatives/preprocessed_data/sub-11/MEG/sub-11_task-RDR_run-15_meg.json,derivatives/preprocessed_data/sub-11/MEG/sub-11_task-RDR_run-15_meg.fif,20.442,328.135,307.693,0.019,1000.0,False,0.0395,10.65
11,16,16,stimuli/audio/story_16.wav,294.496,derivatives/preprocessed_data/sub-11/MEG/sub-11_task-RDR_run-16_events.tsv,derivatives/preprocessed_data/sub-11/MEG/sub-11_task-RDR_run-16_meg.json,derivatives/preprocessed_data/sub-11/MEG/sub-11_task-RDR_run-16_meg.fif,6.472,300.928,294.456,0.04,1000.0,False,0.0395,10.65
11,17,17,stimuli/audio/story_17.wav,280.0,derivatives/preprocessed_data/sub-11/MEG/sub-11_task-RDR_run-17_events.tsv,derivatives/preprocessed_data/sub-11/MEG/sub-11_task-RDR_run-17_meg.json,derivatives/preprocessed_data/sub-11/MEG/sub-11_task-RDR_run-17_meg.fif,10.082,290.051,279.969,0.031,1000.0,False,0.0395,10.65
11,18,18,stimuli/audio/story_18.wav,274.48,derivatives/preprocessed_data/sub-11/MEG/sub-11_task-RDR_run-18_events.tsv,derivatives/preprocessed_data/sub-11/MEG/sub-11_task-RDR_run-18_meg.json,derivatives/preprocessed_data/sub-11/MEG/sub-11_task-RDR_run-18_meg.fif,22.256,296.682,274.426,0.054,1000.0,False,0.0395,10.65
11,19,19,stimuli/audio/story_19.wav,263.648,derivatives/preprocessed_data/sub-11/MEG/sub-11_task-RDR_run-19_events.tsv,derivatives/preprocessed_data/sub-11/MEG/sub-11_task-RDR_run-19_meg.json,derivatives/preprocessed_data/sub-11/MEG/sub-11_task-RDR_run-19_meg.fif,6.343,269.944,263.601,0.047,1000.0,False,0.0395,10.65
11,1,01,stimuli/audio/story_1.wav,406.416,derivatives/preprocessed_data/sub-11/MEG/sub-11_task-RDR_run-1_events.tsv,derivatives/preprocessed_data/sub-11/MEG/sub-11_task-RDR_run-1_meg.json,derivatives/preprocessed_data/sub-11/MEG/sub-11_task-RDR_run-1_meg.fif,16.939,423.381,406.442,-0.026,1000.0,False,0.0395,10.65
11,20,20,stimuli/audio/story_20.wav,240.224,derivatives/preprocessed_data/sub-11/MEG/sub-11_task-RDR_run-20_events.tsv,derivatives/preprocessed_data/sub-11/MEG/sub-11_task-RDR_run-20_meg.json,derivatives/preprocessed_data/sub-11/MEG/sub-11_task-RDR_run-20_meg.fif,18.488,258.657,240.169,0.055,1000.0,False,0.0395,10.65
11,21,21,stimuli/audio/story_21.wav,393.488,derivatives/preprocessed_data/sub-11/MEG/sub-11_task-RDR_run-21_events.tsv,derivatives/preprocessed_data/sub-11/MEG/sub-11_task-RDR_run-21_meg.json,derivatives/preprocessed_data/sub-11/MEG/sub-11_task-RDR_run-21_meg.fif,11.796,405.312,393.516,-0.028,1000.0,False,0.0395,10.65
11,22,22,stimuli/audio/story_22.wav,345.232,derivatives/preprocessed_data/sub-11/MEG/sub-11_task-RDR_run-22_events.tsv,derivatives/preprocessed_data/sub-11/MEG/sub-11_task-RDR_run-22_meg.json,derivatives/preprocessed_data/sub-11/MEG/sub-11_task-RDR_run-22_meg.fif,13.987,359.218,345.231,0.001,1000.0,False,0.0395,10.65
11,23,23,stimuli/audio/story_23.wav,322.608,derivatives/preprocessed_data/sub-11/MEG/sub-11_task-RDR_run-23_events.tsv,derivatives/preprocessed_data/sub-11/MEG/sub-11_task-RDR_run-23_meg.json,derivatives/preprocessed_data/sub-11/MEG/sub-11_task-RDR_run-23_meg.fif,6.722,329.302,322.58,0.028,1000.0,False,0.0395,10.65
11,24,24,stimuli/audio/story_24.wav,315.68,derivatives/preprocessed_data/sub-11/MEG/sub-11_task-RDR_run-24_events.tsv,derivatives/preprocessed_data/sub-11/MEG/sub-11_task-RDR_run-24_meg.json,derivatives/preprocessed_data/sub-11/MEG/sub-11_task-RDR_run-24_meg.fif,6.447,322.104,315.657,0.023,1000.0,False,0.0395,10.65
11,25,25,stimuli/audio/story_25.wav,304.896,derivatives/preprocessed_data/sub-11/MEG/sub-11_task-RDR_run-25_events.tsv,derivatives/preprocessed_data/sub-11/MEG/sub-11_task-RDR_run-25_meg.json,derivatives/preprocessed_data/sub-11/MEG/sub-11_task-RDR_run-25_meg.fif,6.215,311.077,304.862,0.034,1000.0,False,0.0395,10.65
11,26,26,stimuli/audio/story_26.wav,295.024,derivatives/preprocessed_data/sub-11/MEG/sub-11_task-RDR_run-26_events.tsv,derivatives/preprocessed_data/sub-11/MEG/sub-11_task-RDR_run-26_meg.json,derivatives/preprocessed_data/sub-11/MEG/sub-11_task-RDR_run-26_meg.fif,7.524,302.521,294.997,0.027,1000.0,False,0.0395,10.65
11,27,27,stimuli/audio/story_27.wav,284.848,derivatives/preprocessed_data/sub-11/MEG/sub-11_task-RDR_run-27_events.tsv,derivatives/preprocessed_data/sub-11/MEG/sub-11_task-RDR_run-27_meg.json,derivatives/preprocessed_data/sub-11/MEG/sub-11_task-RDR_run-27_meg.fif,6.153,290.955,284.802,0.046,1000.0,False,0.0395,10.65
11,28,28,stimuli/audio/story_28.wav,274.928,derivatives/preprocessed_data/sub-11/MEG/sub-11_task-RDR_run-28_events.tsv,derivatives/preprocessed_data/sub-11/MEG/sub-11_task-RDR_run-28_meg.json,derivatives/preprocessed_data/sub-11/MEG/sub-11_task-RDR_run-28_meg.fif,17.981,292.877,274.896,0.032,1000.0,False,0.0395,10.65
11,29,29,stimuli/audio/story_29.wav,265.504,derivatives/preprocessed_data/sub-11/MEG/sub-11_task-RDR_run-29_events.tsv,derivatives/preprocessed_data/sub-11/MEG/sub-11_task-RDR_run-29_meg.json,derivatives/preprocessed_data/sub-11/MEG/sub-11_task-RDR_run-29_meg.fif,8.697,274.149,265.452,0.052,1000.0,False,0.0395,10.65
11,2,02,stimuli/audio/story_2.wav,352.576,derivatives/preprocessed_data/sub-11/MEG/sub-11_task-RDR_run-2_events.tsv,derivatives/preprocessed_data/sub-11/MEG/sub-11_task-RDR_run-2_meg.json,derivatives/preprocessed_data/sub-11/MEG/sub-11_task-RDR_run-2_meg.fif,5.651,358.216,352.565,0.011,1000.0,False,0.0395,10.65
11,30,30,stimuli/audio/story_30.wav,240.624,derivatives/preprocessed_data/sub-11/MEG/sub-11_task-RDR_run-30_events.tsv,derivatives/preprocessed_data/sub-11/MEG/sub-11_task-RDR_run-30_meg.json,derivatives/preprocessed_data/sub-11/MEG/sub-11_task-RDR_run-30_meg.fif,18.961,259.521,240.56,0.064,1000.0,False,0.0395,10.65
11,31,31,stimuli/audio/story_31.wav,379.232,derivatives/preprocessed_data/sub-11/MEG/sub-11_task-RDR_run-31_events.tsv,derivatives/preprocessed_data/sub-11/MEG/sub-11_task-RDR_run-31_meg.json,derivatives/preprocessed_data/sub-11/MEG/sub-11_task-RDR_run-31_meg.fif,10.636,389.863,379.227,0.005,1000.0,False,0.0395,10.65
11,32,32,stimuli/audio/story_32.wav,335.84,derivatives/preprocessed_data/sub-11/MEG/sub-11_task-RDR_run-32_events.tsv,derivatives/preprocessed_data/sub-11/MEG/sub-11_task-RDR_run-32_meg.json,derivatives/preprocessed_data/sub-11/MEG/sub-11_task-RDR_run-32_meg.fif,13.976,349.793,335.817,0.023,1000.0,False,0.0395,10.65
11,33,33,stimuli/audio/story_33.wav,321.6,derivatives/preprocessed_data/sub-11/MEG/sub-11_task-RDR_run-33_events.tsv,derivatives/preprocessed_data/sub-11/MEG/sub-11_task-RDR_run-33_meg.json,derivatives/preprocessed_data/sub-11/MEG/sub-11_task-RDR_run-33_meg.fif,5.851,327.441,321.59,0.01,1000.0,False,0.0395,10.65
11,34,34,stimuli/audio/story_34.wav,310.832,derivatives/preprocessed_data/sub-11/MEG/sub-11_task-RDR_run-34_events.tsv,derivatives/preprocessed_data/sub-11/MEG/sub-11_task-RDR_run-34_meg.json,derivatives/preprocessed_data/sub-11/MEG/sub-11_task-RDR_run-34_meg.fif,11.143,321.958,310.815,0.017,1000.0,False,0.0395,10.65
11,35,35,stimuli/audio/story_35.wav,304.816,derivatives/preprocessed_data/sub-11/MEG/sub-11_task-RDR_run-35_events.tsv,derivatives/preprocessed_data/sub-11/MEG/sub-11_task-RDR_run-35_meg.json,derivatives/preprocessed_data/sub-11/MEG/sub-11_task-RDR_run-35_meg.fif,6.806,311.588,304.782,0.034,1000.0,False,0.0395,10.65
11,36,36,stimuli/audio/story_36.wav,296.432,derivatives/preprocessed_data/sub-11/MEG/sub-11_task-RDR_run-36_events.tsv,derivatives/preprocessed_data/sub-11/MEG/sub-11_task-RDR_run-36_meg.json,derivatives/preprocessed_data/sub-11/MEG/sub-11_task-RDR_run-36_meg.fif,15.275,311.683,296.408,0.024,1000.0,False,0.0395,10.65
11,37,37,stimuli/audio/story_37.wav,288.416,derivatives/preprocessed_data/sub-11/MEG/sub-11_task-RDR_run-37_events.tsv,derivatives/preprocessed_data/sub-11/MEG/sub-11_task-RDR_run-37_meg.json,derivatives/preprocessed_data/sub-11/MEG/sub-11_task-RDR_run-37_meg.fif,9.011,297.384,288.373,0.043,1000.0,False,0.0395,10.65
11,38,38,stimuli/audio/story_38.wav,275.632,derivatives/preprocessed_data/sub-11/MEG/sub-11_task-RDR_run-38_events.tsv,derivatives/preprocessed_data/sub-11/MEG/sub-11_task-RDR_run-38_meg.json,derivatives/preprocessed_data/sub-11/MEG/sub-11_task-RDR_run-38_meg.fif,7.446,283.043,275.597,0.035,1000.0,False,0.0395,10.65
11,39,39,stimuli/audio/story_39.wav,269.728,derivatives/preprocessed_data/sub-11/MEG/sub-11_task-RDR_run-39_events.tsv,derivatives/preprocessed_data/sub-11/MEG/sub-11_task-RDR_run-39_meg.json,derivatives/preprocessed_data/sub-11/MEG/sub-11_task-RDR_run-39_meg.fif,7.775,277.47,269.695,0.033,1000.0,False,0.0395,10.65
11,3,03,stimuli/audio/story_3.wav,320.0,derivatives/preprocessed_data/sub-11/MEG/sub-11_task-RDR_run-3_events.tsv,derivatives/preprocessed_data/sub-11/MEG/sub-11_task-RDR_run-3_meg.json,derivatives/preprocessed_data/sub-11/MEG/sub-11_task-RDR_run-3_meg.fif,6.718,326.688,319.97,0.03,1000.0,False,0.0395,10.65
11,40,40,stimuli/audio/story_40.wav,255.552,derivatives/preprocessed_data/sub-11/MEG/sub-11_task-RDR_run-40_events.tsv,derivatives/preprocessed_data/sub-11/MEG/sub-11_task-RDR_run-40_meg.json,derivatives/preprocessed_data/sub-11/MEG/sub-11_task-RDR_run-40_meg.fif,13.294,268.782,255.488,0.064,1000.0,False,0.0395,10.65
11,41,41,stimuli/audio/story_41.wav,368.0,derivatives/preprocessed_data/sub-11/MEG/sub-11_task-RDR_run-41_events.tsv,derivatives/preprocessed_data/sub-11/MEG/sub-11_task-RDR_run-41_meg.json,derivatives/preprocessed_data/sub-11/MEG/sub-11_task-RDR_run-41_meg.fif,5.901,373.893,367.992,0.008,1000.0,False,0.0395,10.65
11,42,42,stimuli/audio/story_42.wav,332.304,derivatives/preprocessed_data/sub-11/MEG/sub-11_task-RDR_run-42_events.tsv,derivatives/preprocessed_data/sub-11/MEG/sub-11_task-RDR_run-42_meg.json,derivatives/preprocessed_data/sub-11/MEG/sub-11_task-RDR_run-42_meg.fif,10.281,342.556,332.275,0.029,1000.0,False,0.0395,10.65
11,43,43,stimuli/audio/story_43.wav,320.192,derivatives/preprocessed_data/sub-11/MEG/sub-11_task-RDR_run-43_events.tsv,derivatives/preprocessed_data/sub-11/MEG/sub-11_task-RDR_run-43_meg.json,derivatives/preprocessed_data/sub-11/MEG/sub-11_task-RDR_run-43_meg.fif,6.901,327.08,320.179,0.013,1000.0,False,0.0395,10.65
11,44,44,stimuli/audio/story_44.wav,308.976,derivatives/preprocessed_data/sub-11/MEG/sub-11_task-RDR_run-44_events.tsv,derivatives/preprocessed_data/sub-11/MEG/sub-11_task-RDR_run-44_meg.json,derivatives/preprocessed_data/sub-11/MEG/sub-11_task-RDR_run-44_meg.fif,7.529,316.473,308.944,0.032,1000.0,False,0.0395,10.65
11,45,45,stimuli/audio/story_45.wav,301.264,derivatives/preprocessed_data/sub-11/MEG/sub-11_task-RDR_run-45_events.tsv,derivatives/preprocessed_data/sub-11/MEG/sub-11_task-RDR_run-45_meg.json,derivatives/preprocessed_data/sub-11/MEG/sub-11_task-RDR_run-45_meg.fif,10.983,312.232,301.249,0.015,1000.0,False,0.0395,10.65
11,46,46,stimuli/audio/story_46.wav,298.4,derivatives/preprocessed_data/sub-11/MEG/sub-11_task-RDR_run-46_events.tsv,derivatives/preprocessed_data/sub-11/MEG/sub-11_task-RDR_run-46_meg.json,derivatives/preprocessed_data/sub-11/MEG/sub-11_task-RDR_run-46_meg.fif,8.247,306.605,298.358,0.042,1000.0,False,0.0395,10.65
11,47,47,stimuli/audio/story_47.wav,288.976,derivatives/preprocessed_data/sub-11/MEG/sub-11_task-RDR_run-47_events.tsv,derivatives/preprocessed_data/sub-11/MEG/sub-11_task-RDR_run-47_meg.json,derivatives/preprocessed_data/sub-11/MEG/sub-11_task-RDR_run-47_meg.fif,9.25,298.194,288.944,0.032,1000.0,False,0.0395,10.65
11,48,48,stimuli/audio/story_48.wav,275.76,derivatives/preprocessed_data/sub-11/MEG/sub-11_task-RDR_run-48_events.tsv,derivatives/preprocessed_data/sub-11/MEG/sub-11_task-RDR_run-48_meg.json,derivatives/preprocessed_data/sub-11/MEG/sub-11_task-RDR_run-48_meg.fif,8.156,283.884,275.728,0.032,1000.0,False,0.0395,10.65
11,49,49,stimuli/audio/story_49.wav,273.392,derivatives/preprocessed_data/sub-11/MEG/sub-11_task-RDR_run-49_events.tsv,derivatives/preprocessed_data/sub-11/MEG/sub-11_task-RDR_run-49_meg.json,derivatives/preprocessed_data/sub-11/MEG/sub-11_task-RDR_run-49_meg.fif,36.209,309.566,273.357,0.035,1000.0,False,0.0395,10.65
11,4,04,stimuli/audio/story_4.wav,319.184,derivatives/preprocessed_data/sub-11/MEG/sub-11_task-RDR_run-4_events.tsv,derivatives/preprocessed_data/sub-11/MEG/sub-11_task-RDR_run-4_meg.json,derivatives/preprocessed_data/sub-11/MEG/sub-11_task-RDR_run-4_meg.fif,12.6,331.769,319.169,0.015,1000.0,False,0.0395,10.65
11,50,50,stimuli/audio/story_50.wav,256.272,derivatives/preprocessed_data/sub-11/MEG/sub-11_task-RDR_run-50_events.tsv,derivatives/preprocessed_data/sub-11/MEG/sub-11_task-RDR_run-50_meg.json,derivatives/preprocessed_data/sub-11/MEG/sub-11_task-RDR_run-50_meg.fif,19.423,275.641,256.218,0.054,1000.0,False,0.0395,10.65
11,51,51,stimuli/audio/story_51.wav,352.608,derivatives/preprocessed_data/sub-11/MEG/sub-11_task-RDR_run-51_events.tsv,derivatives/preprocessed_data/sub-11/MEG/sub-11_task-RDR_run-51_meg.json,derivatives/preprocessed_data/sub-11/MEG/sub-11_task-RDR_run-51_meg.fif,5.529,358.124,352.595,0.013,1000.0,False,0.0395,10.65
11,52,52,stimuli/audio/story_52.wav,323.088,derivatives/preprocessed_data/sub-11/MEG/sub-11_task-RDR_run-52_events.tsv,derivatives/preprocessed_data/sub-11/MEG/sub-11_task-RDR_run-52_meg.json,derivatives/preprocessed_data/sub-11/MEG/sub-11_task-RDR_run-52_meg.fif,8.066,331.137,323.071,0.017,1000.0,False,0.0395,10.65
11,53,53,stimuli/audio/story_53.wav,324.608,derivatives/preprocessed_data/sub-11/MEG/sub-11_task-RDR_run-53_events.tsv,derivatives/preprocessed_data/sub-11/MEG/sub-11_task-RDR_run-53_meg.json,derivatives/preprocessed_data/sub-11/MEG/sub-11_task-RDR_run-53_meg.fif,7.585,332.167,324.582,0.026,1000.0,False,0.0395,10.65
11,54,54,stimuli/audio/story_54.wav,308.4,derivatives/preprocessed_data/sub-11/MEG/sub-11_task-RDR_run-54_events.tsv,derivatives/preprocessed_data/sub-11/MEG/sub-11_task-RDR_run-54_meg.json,derivatives/preprocessed_data/sub-11/MEG/sub-11_task-RDR_run-54_meg.fif,7.618,315.991,308.373,0.027,1000.0,False,0.0395,10.65
11,55,55,stimuli/audio/story_55.wav,300.672,derivatives/preprocessed_data/sub-11/MEG/sub-11_task-RDR_run-55_events.tsv,derivatives/preprocessed_data/sub-11/MEG/sub-11_task-RDR_run-55_meg.json,derivatives/preprocessed_data/sub-11/MEG/sub-11_task-RDR_run-55_meg.fif,6.132,306.782,300.65,0.022,1000.0,False,0.0395,10.65
11,56,56,stimuli/audio/story_56.wav,298.88,derivatives/preprocessed_data/sub-11/MEG/sub-11_task-RDR_run-56_events.tsv,derivatives/preprocessed_data/sub-11/MEG/sub-11_task-RDR_run-56_meg.json,derivatives/preprocessed_data/sub-11/MEG/sub-11_task-RDR_run-56_meg.fif,11.555,310.404,298.849,0.031,1000.0,False,0.0395,10.65
11,57,57,stimuli/audio/story_57.wav,290.0,derivatives/preprocessed_data/sub-11/MEG/sub-11_task-RDR_run-57_events.tsv,derivatives/preprocessed_data/sub-11/MEG/sub-11_task-RDR_run-57_meg.json,derivatives/preprocessed_data/sub-11/MEG/sub-11_task-RDR_run-57_meg.fif,7.962,297.917,289.955,0.045,1000.0,False,0.0395,10.65
11,58,58,stimuli/audio/story_58.wav,276.976,derivatives/preprocessed_data/sub-11/MEG/sub-11_task-RDR_run-58_events.tsv,derivatives/preprocessed_data/sub-11/MEG/sub-11_task-RDR_run-58_meg.json,derivatives/preprocessed_data/sub-11/MEG/sub-11_task-RDR_run-58_meg.fif,6.9,283.829,276.929,0.047,1000.0,False,0.0395,10.65
11,59,59,stimuli/audio/story_59.wav,273.44,derivatives/preprocessed_data/sub-11/MEG/sub-11_task-RDR_run-59_events.tsv,derivatives/preprocessed_data/sub-11/MEG/sub-11_task-RDR_run-59_meg.json,derivatives/preprocessed_data/sub-11/MEG/sub-11_task-RDR_run-59_meg.fif,7.346,280.732,273.386,0.054,1000.0,False,0.0395,10.65
11,5,05,stimuli/audio/story_5.wav,307.584,derivatives/preprocessed_data/sub-11/MEG/sub-11_task-RDR_run-5_events.tsv,derivatives/preprocessed_data/sub-11/MEG/sub-11_task-RDR_run-5_meg.json,derivatives/preprocessed_data/sub-11/MEG/sub-11_task-RDR_run-5_meg.fif,7.022,314.585,307.563,0.021,1000.0,False,0.0395,10.65
11,60,60,stimuli/audio/story_60.wav,256.384,derivatives/preprocessed_data/sub-11/MEG/sub-11_task-RDR_run-60_events.tsv,derivatives/preprocessed_data/sub-11/MEG/sub-11_task-RDR_run-60_meg.json,derivatives/preprocessed_data/sub-11/MEG/sub-11_task-RDR_run-60_meg.fif,18.615,274.933,256.318,0.066,1000.0,False,0.0395,10.65
11,6,06,stimuli/audio/story_6.wav,290.96,derivatives/preprocessed_data/sub-11/MEG/sub-11_task-RDR_run-6_events.tsv,derivatives/preprocessed_data/sub-11/MEG/sub-11_task-RDR_run-6_meg.json,derivatives/preprocessed_data/sub-11/MEG/sub-11_task-RDR_run-6_meg.fif,6.295,297.209,290.914,0.046,1000.0,False,0.0395,10.65
11,7,07,stimuli/audio/story_7.wav,280.0,derivatives/preprocessed_data/sub-11/MEG/sub-11_task-RDR_run-7_events.tsv,derivatives/preprocessed_data/sub-11/MEG/sub-11_task-RDR_run-7_meg.json,derivatives/preprocessed_data/sub-11/MEG/sub-11_task-RDR_run-7_meg.fif,19.752,299.722,279.97,0.03,1000.0,False,0.0395,10.65
11,8,08,stimuli/audio/story_8.wav,273.44,derivatives/preprocessed_data/sub-11/MEG/sub-11_task-RDR_run-8_events.tsv,derivatives/preprocessed_data/sub-11/MEG/sub-11_task-RDR_run-8_meg.json,derivatives/preprocessed_data/sub-11/MEG/sub-11_task-RDR_run-8_meg.fif,8.176,281.563,273.387,0.053,1000.0,False,0.0395,10.65
11,9,09,stimuli/audio/story_9.wav,258.768,derivatives/preprocessed_data/sub-11/MEG/sub-11_task-RDR_run-9_events.tsv,derivatives/preprocessed_data/sub-11/MEG/sub-11_task-RDR_run-9_meg.json,derivatives/preprocessed_data/sub-11/MEG/sub-11_task-RDR_run-9_meg.fif,24.276,282.995,258.719,0.049,1000.0,False,0.0395,10.65
12,10,10,stimuli/audio/story_10.wav,240.0,derivatives/preprocessed_data/sub-12/MEG/sub-12_task-RDR_run-10_events.tsv,derivatives/preprocessed_data/sub-12/MEG/sub-12_task-RDR_run-10_meg.json,derivatives/preprocessed_data/sub-12/MEG/sub-12_task-RDR_run-10_meg.fif,17.921,257.852,239.931,0.069,1000.0,False,0.0395,10.65
12,11,11,stimuli/audio/story_11.wav,398.336,derivatives/preprocessed_data/sub-12/MEG/sub-12_task-RDR_run-11_events.tsv,derivatives/preprocessed_data/sub-12/MEG/sub-12_task-RDR_run-11_meg.json,derivatives/preprocessed_data/sub-12/MEG/sub-12_task-RDR_run-11_meg.fif,7.43,405.777,398.347,-0.011,1000.0,False,0.0395,10.65
12,12,12,stimuli/audio/story_12.wav,351.712,derivatives/preprocessed_data/sub-12/MEG/sub-12_task-RDR_run-12_events.tsv,derivatives/preprocessed_data/sub-12/MEG/sub-12_task-RDR_run-12_meg.json,derivatives/preprocessed_data/sub-12/MEG/sub-12_task-RDR_run-12_meg.fif,31.782,383.487,351.705,0.007,1000.0,False,0.0395,10.65
12,13,13,stimuli/audio/story_13.wav,323.744,derivatives/preprocessed_data/sub-12/MEG/sub-12_task-RDR_run-13_events.tsv,derivatives/preprocessed_data/sub-12/MEG/sub-12_task-RDR_run-13_meg.json,derivatives/preprocessed_data/sub-12/MEG/sub-12_task-RDR_run-13_meg.fif,8.458,332.178,323.72,0.024,1000.0,False,0.0395,10.65
12,14,14,stimuli/audio/story_14.wav,318.992,derivatives/preprocessed_data/sub-12/MEG/sub-12_task-RDR_run-14_events.tsv,derivatives/preprocessed_data/sub-12/MEG/sub-12_task-RDR_run-14_meg.json,derivatives/preprocessed_data/sub-12/MEG/sub-12_task-RDR_run-14_meg.fif,7.041,325.999,318.958,0.034,1000.0,False,0.0395,10.65
12,15,15,stimuli/audio/story_15.wav,307.712,derivatives/preprocessed_data/sub-12/MEG/sub-12_task-RDR_run-15_events.tsv,derivatives/preprocessed_data/sub-12/MEG/sub-12_task-RDR_run-15_meg.json,derivatives/preprocessed_data/sub-12/MEG/sub-12_task-RDR_run-15_meg.fif,28.858,336.551,307.693,0.019,1000.0,False,0.0395,10.65
12,16,16,stimuli/audio/story_16.wav,294.496,derivatives/preprocessed_data/sub-12/MEG/sub-12_task-RDR_run-16_events.tsv,derivatives/preprocessed_data/sub-12/MEG/sub-12_task-RDR_run-16_meg.json,derivatives/preprocessed_data/sub-12/MEG/sub-12_task-RDR_run-16_meg.fif,5.534,299.991,294.457,0.039,1000.0,False,0.0395,10.65
12,17,17,stimuli/audio/story_17.wav,280.0,derivatives/preprocessed_data/sub-12/MEG/sub-12_task-RDR_run-17_events.tsv,derivatives/preprocessed_data/sub-12/MEG/sub-12_task-RDR_run-17_meg.json,derivatives/preprocessed_data/sub-12/MEG/sub-12_task-RDR_run-17_meg.fif,5.206,285.175,279.969,0.031,1000.0,False,0.0395,10.65
12,18,18,stimuli/audio/story_18.wav,274.48,derivatives/preprocessed_data/sub-12/MEG/sub-12_task-RDR_run-18_events.tsv,derivatives/preprocessed_data/sub-12/MEG/sub-12_task-RDR_run-18_meg.json,derivatives/preprocessed_data/sub-12/MEG/sub-12_task-RDR_run-18_meg.fif,7.681,282.108,274.427,0.053,1000.0,False,0.0395,10.65
12,19,19,stimuli/audio/story_19.wav,263.648,derivatives/preprocessed_data/sub-12/MEG/sub-12_task-RDR_run-19_events.tsv,derivatives/preprocessed_data/sub-12/MEG/sub-12_task-RDR_run-19_meg.json,derivatives/preprocessed_data/sub-12/MEG/sub-12_task-RDR_run-19_meg.fif,20.87,284.472,263.602,0.046,1000.0,False,0.0395,10.65
12,1,01,stimuli/audio/story_1.wav,406.416,derivatives/preprocessed_data/sub-12/MEG/sub-12_task-RDR_run-1_events.tsv,derivatives/preprocessed_data/sub-12/MEG/sub-12_task-RDR_run-1_meg.json,derivatives/preprocessed_data/sub-12/MEG/sub-12_task-RDR_run-1_meg.fif,6.891,413.333,406.442,-0.026,1000.0,False,0.0395,10.65
12,20,20,stimuli/audio/story_20.wav,240.224,derivatives/preprocessed_data/sub-12/MEG/sub-12_task-RDR_run-20_events.tsv,derivatives/preprocessed_data/sub-12/MEG/sub-12_task-RDR_run-20_meg.json,derivatives/preprocessed_data/sub-12/MEG/sub-12_task-RDR_run-20_meg.fif,7.857,248.028,240.171,0.053,1000.0,False,0.0395,10.65
12,21,21,stimuli/audio/story_21.wav,393.488,derivatives/preprocessed_data/sub-12/MEG/sub-12_task-RDR_run-21_events.tsv,derivatives/preprocessed_data/sub-12/MEG/sub-12_task-RDR_run-21_meg.json,derivatives/preprocessed_data/sub-12/MEG/sub-12_task-RDR_run-21_meg.fif,5.736,399.251,393.515,-0.027,1000.0,False,0.0395,10.65
12,22,22,stimuli/audio/story_22.wav,345.232,derivatives/preprocessed_data/sub-12/MEG/sub-12_task-RDR_run-22_events.tsv,derivatives/preprocessed_data/sub-12/MEG/sub-12_task-RDR_run-22_meg.json,derivatives/preprocessed_data/sub-12/MEG/sub-12_task-RDR_run-22_meg.fif,61.314,406.545,345.231,0.001,1000.0,False,0.0395,10.65
12,23,23,stimuli/audio/story_23.wav,322.608,derivatives/preprocessed_data/sub-12/MEG/sub-12_task-RDR_run-23_events.tsv,derivatives/preprocessed_data/sub-12/MEG/sub-12_task-RDR_run-23_meg.json,derivatives/preprocessed_data/sub-12/MEG/sub-12_task-RDR_run-23_meg.fif,7.821,330.401,322.58,0.028,1000.0,False,0.0395,10.65
12,24,24,stimuli/audio/story_24.wav,315.68,derivatives/preprocessed_data/sub-12/MEG/sub-12_task-RDR_run-24_events.tsv,derivatives/preprocessed_data/sub-12/MEG/sub-12_task-RDR_run-24_meg.json,derivatives/preprocessed_data/sub-12/MEG/sub-12_task-RDR_run-24_meg.fif,6.945,322.602,315.657,0.023,1000.0,False,0.0395,10.65
12,25,25,stimuli/audio/story_25.wav,304.896,derivatives/preprocessed_data/sub-12/MEG/sub-12_task-RDR_run-25_events.tsv,derivatives/preprocessed_data/sub-12/MEG/sub-12_task-RDR_run-25_meg.json,derivatives/preprocessed_data/sub-12/MEG/sub-12_task-RDR_run-25_meg.fif,14.682,319.543,304.861,0.035,1000.0,False,0.0395,10.65
12,26,26,stimuli/audio/story_26.wav,295.024,derivatives/preprocessed_data/sub-12/MEG/sub-12_task-RDR_run-26_events.tsv,derivatives/preprocessed_data/sub-12/MEG/sub-12_task-RDR_run-26_meg.json,derivatives/preprocessed_data/sub-12/MEG/sub-12_task-RDR_run-26_meg.fif,5.156,300.163,295.007,0.017,1000.0,False,0.0395,10.65
12,27,27,stimuli/audio/story_27.wav,284.848,derivatives/preprocessed_data/sub-12/MEG/sub-12_task-RDR_run-27_events.tsv,derivatives/preprocessed_data/sub-12/MEG/sub-12_task-RDR_run-27_meg.json,derivatives/preprocessed_data/sub-12/MEG/sub-12_task-RDR_run-27_meg.fif,5.63,290.432,284.802,0.046,1000.0,False,0.0395,10.65
12,28,28,stimuli/audio/story_28.wav,274.928,derivatives/preprocessed_data/sub-12/MEG/sub-12_task-RDR_run-28_events.tsv,derivatives/preprocessed_data/sub-12/MEG/sub-12_task-RDR_run-28_meg.json,derivatives/preprocessed_data/sub-12/MEG/sub-12_task-RDR_run-28_meg.fif,52.749,327.645,274.896,0.032,1000.0,False,0.0395,10.65
12,29,29,stimuli/audio/story_29.wav,265.504,derivatives/preprocessed_data/sub-12/MEG/sub-12_task-RDR_run-29_events.tsv,derivatives/preprocessed_data/sub-12/MEG/sub-12_task-RDR_run-29_meg.json,derivatives/preprocessed_data/sub-12/MEG/sub-12_task-RDR_run-29_meg.fif,14.145,279.597,265.452,0.052,1000.0,False,0.0395,10.65
12,2,02,stimuli/audio/story_2.wav,352.576,derivatives/preprocessed_data/sub-12/MEG/sub-12_task-RDR_run-2_events.tsv,derivatives/preprocessed_data/sub-12/MEG/sub-12_task-RDR_run-2_meg.json,derivatives/preprocessed_data/sub-12/MEG/sub-12_task-RDR_run-2_meg.fif,17.527,370.092,352.565,0.011,1000.0,False,0.0395,10.65
12,30,30,stimuli/audio/story_30.wav,240.624,derivatives/preprocessed_data/sub-12/MEG/sub-12_task-RDR_run-30_events.tsv,derivatives/preprocessed_data/sub-12/MEG/sub-12_task-RDR_run-30_meg.json,derivatives/preprocessed_data/sub-12/MEG/sub-12_task-RDR_run-30_meg.fif,6.651,247.211,240.56,0.064,1000.0,False,0.0395,10.65
12,31,31,stimuli/audio/story_31.wav,379.232,derivatives/preprocessed_data/sub-12/MEG/sub-12_task-RDR_run-31_events.tsv,derivatives/preprocessed_data/sub-12/MEG/sub-12_task-RDR_run-31_meg.json,derivatives/preprocessed_data/sub-12/MEG/sub-12_task-RDR_run-31_meg.fif,5.951,385.18,379.229,0.003,1000.0,False,0.0395,10.65
12,32,32,stimuli/audio/story_32.wav,335.84,derivatives/preprocessed_data/sub-12/MEG/sub-12_task-RDR_run-32_events.tsv,derivatives/preprocessed_data/sub-12/MEG/sub-12_task-RDR_run-32_meg.json,derivatives/preprocessed_data/sub-12/MEG/sub-12_task-RDR_run-32_meg.fif,7.078,342.894,335.816,0.024,1000.0,False,0.0395,10.65
12,33,33,stimuli/audio/story_33.wav,321.6,derivatives/preprocessed_data/sub-12/MEG/sub-12_task-RDR_run-33_events.tsv,derivatives/preprocessed_data/sub-12/MEG/sub-12_task-RDR_run-33_meg.json,derivatives/preprocessed_data/sub-12/MEG/sub-12_task-RDR_run-33_meg.fif,17.876,339.466,321.59,0.01,1000.0,False,0.0395,10.65
12,34,34,stimuli/audio/story_34.wav,310.832,derivatives/preprocessed_data/sub-12/MEG/sub-12_task-RDR_run-34_events.tsv,derivatives/preprocessed_data/sub-12/MEG/sub-12_task-RDR_run-34_meg.json,derivatives/preprocessed_data/sub-12/MEG/sub-12_task-RDR_run-34_meg.fif,19.514,330.329,310.815,0.017,1000.0,False,0.0395,10.65
12,35,35,stimuli/audio/story_35.wav,304.816,derivatives/preprocessed_data/sub-12/MEG/sub-12_task-RDR_run-35_events.tsv,derivatives/preprocessed_data/sub-12/MEG/sub-12_task-RDR_run-35_meg.json,derivatives/preprocessed_data/sub-12/MEG/sub-12_task-RDR_run-35_meg.fif,13.018,317.799,304.781,0.035,1000.0,False,0.0395,10.65
12,36,36,stimuli/audio/story_36.wav,296.432,derivatives/preprocessed_data/sub-12/MEG/sub-12_task-RDR_run-36_events.tsv,derivatives/preprocessed_data/sub-12/MEG/sub-12_task-RDR_run-36_meg.json,derivatives/preprocessed_data/sub-12/MEG/sub-12_task-RDR_run-36_meg.fif,7.326,303.733,296.407,0.025,1000.0,False,0.0395,10.65
12,37,37,stimuli/audio/story_37.wav,288.416,derivatives/preprocessed_data/sub-12/MEG/sub-12_task-RDR_run-37_events.tsv,derivatives/preprocessed_data/sub-12/MEG/sub-12_task-RDR_run-37_meg.json,derivatives/preprocessed_data/sub-12/MEG/sub-12_task-RDR_run-37_meg.fif,5.813,294.187,288.374,0.042,1000.0,False,0.0395,10.65
12,38,38,stimuli/audio/story_38.wav,275.632,derivatives/preprocessed_data/sub-12/MEG/sub-12_task-RDR_run-38_events.tsv,derivatives/preprocessed_data/sub-12/MEG/sub-12_task-RDR_run-38_meg.json,derivatives/preprocessed_data/sub-12/MEG/sub-12_task-RDR_run-38_meg.fif,32.33,307.927,275.597,0.035,1000.0,False,0.0395,10.65
12,39,39,stimuli/audio/story_39.wav,269.728,derivatives/preprocessed_data/sub-12/MEG/sub-12_task-RDR_run-39_events.tsv,derivatives/preprocessed_data/sub-12/MEG/sub-12_task-RDR_run-39_meg.json,derivatives/preprocessed_data/sub-12/MEG/sub-12_task-RDR_run-39_meg.fif,6.245,275.939,269.694,0.034,1000.0,False,0.0395,10.65
12,3,03,stimuli/audio/story_3.wav,320.0,derivatives/preprocessed_data/sub-12/MEG/sub-12_task-RDR_run-3_events.tsv,derivatives/preprocessed_data/sub-12/MEG/sub-12_task-RDR_run-3_meg.json,derivatives/preprocessed_data/sub-12/MEG/sub-12_task-RDR_run-3_meg.fif,7.078,327.057,319.979,0.021,1000.0,False,0.0395,10.65
12,40,40,stimuli/audio/story_40.wav,255.552,derivatives/preprocessed_data/sub-12/MEG/sub-12_task-RDR_run-40_events.tsv,derivatives/preprocessed_data/sub-12/MEG/sub-12_task-RDR_run-40_meg.json,derivatives/preprocessed_data/sub-12/MEG/sub-12_task-RDR_run-40_meg.fif,7.096,262.583,255.487,0.065,1000.0,False,0.0395,10.65
12,41,41,stimuli/audio/story_41.wav,368.0,derivatives/preprocessed_data/sub-12/MEG/sub-12_task-RDR_run-41_events.tsv,derivatives/preprocessed_data/sub-12/MEG/sub-12_task-RDR_run-41_meg.json,derivatives/preprocessed_data/sub-12/MEG/sub-12_task-RDR_run-41_meg.fif,9.394,377.387,367.993,0.007,1000.0,False,0.0395,10.65
12,42,42,stimuli/audio/story_42.wav,332.304,derivatives/preprocessed_data/sub-12/MEG/sub-12_task-RDR_run-42_events.tsv,derivatives/preprocessed_data/sub-12/MEG/sub-12_task-RDR_run-42_meg.json,derivatives/preprocessed_data/sub-12/MEG/sub-12_task-RDR_run-42_meg.fif,16.437,348.712,332.275,0.029,1000.0,False,0.0395,10.65
12,43,43,stimuli/audio/story_43.wav,320.192,derivatives/preprocessed_data/sub-12/MEG/sub-12_task-RDR_run-43_events.tsv,derivatives/preprocessed_data/sub-12/MEG/sub-12_task-RDR_run-43_meg.json,derivatives/preprocessed_data/sub-12/MEG/sub-12_task-RDR_run-43_meg.fif,7.556,327.736,320.18,0.012,1000.0,False,0.0395,10.65
12,44,44,stimuli/audio/story_44.wav,308.976,derivatives/preprocessed_data/sub-12/MEG/sub-12_task-RDR_run-44_events.tsv,derivatives/preprocessed_data/sub-12/MEG/sub-12_task-RDR_run-44_meg.json,derivatives/preprocessed_data/sub-12/MEG/sub-12_task-RDR_run-44_meg.fif,6.067,315.011,308.944,0.032,1000.0,False,0.0395,10.65
12,45,45,stimuli/audio/story_45.wav,301.264,derivatives/preprocessed_data/sub-12/MEG/sub-12_task-RDR_run-45_events.tsv,derivatives/preprocessed_data/sub-12/MEG/sub-12_task-RDR_run-45_meg.json,derivatives/preprocessed_data/sub-12/MEG/sub-12_task-RDR_run-45_meg.fif,7.099,308.339,301.24,0.024,1000.0,False,0.0395,10.65
12,46,46,stimuli/audio/story_46.wav,298.4,derivatives/preprocessed_data/sub-12/MEG/sub-12_task-RDR_run-46_events.tsv,derivatives/preprocessed_data/sub-12/MEG/sub-12_task-RDR_run-46_meg.json,derivatives/preprocessed_data/sub-12/MEG/sub-12_task-RDR_run-46_meg.fif,5.731,304.09,298.359,0.041,1000.0,False,0.0395,10.65
12,47,47,stimuli/audio/story_47.wav,288.976,derivatives/preprocessed_data/sub-12/MEG/sub-12_task-RDR_run-47_events.tsv,derivatives/preprocessed_data/sub-12/MEG/sub-12_task-RDR_run-47_meg.json,derivatives/preprocessed_data/sub-12/MEG/sub-12_task-RDR_run-47_meg.fif,6.27,295.213,288.943,0.033,1000.0,False,0.0395,10.65
12,48,48,stimuli/audio/story_48.wav,275.76,derivatives/preprocessed_data/sub-12/MEG/sub-12_task-RDR_run-48_events.tsv,derivatives/preprocessed_data/sub-12/MEG/sub-12_task-RDR_run-48_meg.json,derivatives/preprocessed_data/sub-12/MEG/sub-12_task-RDR_run-48_meg.fif,6.685,282.413,275.728,0.032,1000.0,False,0.0395,10.65
12,49,49,stimuli/audio/story_49.wav,273.392,derivatives/preprocessed_data/sub-12/MEG/sub-12_task-RDR_run-49_events.tsv,derivatives/preprocessed_data/sub-12/MEG/sub-12_task-RDR_run-49_meg.json,derivatives/preprocessed_data/sub-12/MEG/sub-12_task-RDR_run-49_meg.fif,18.676,292.032,273.356,0.036,1000.0,False,0.0395,10.65
12,4,04,stimuli/audio/story_4.wav,319.184,derivatives/preprocessed_data/sub-12/MEG/sub-12_task-RDR_run-4_events.tsv,derivatives/preprocessed_data/sub-12/MEG/sub-12_task-RDR_run-4_meg.json,derivatives/preprocessed_data/sub-12/MEG/sub-12_task-RDR_run-4_meg.fif,23.231,342.399,319.168,0.016,1000.0,False,0.0395,10.65
12,50,50,stimuli/audio/story_50.wav,256.272,derivatives/preprocessed_data/sub-12/MEG/sub-12_task-RDR_run-50_events.tsv,derivatives/preprocessed_data/sub-12/MEG/sub-12_task-RDR_run-50_meg.json,derivatives/preprocessed_data/sub-12/MEG/sub-12_task-RDR_run-50_meg.fif,8.506,264.724,256.218,0.054,1000.0,False,0.0395,10.65
12,51,51,stimuli/audio/story_51.wav,352.608,derivatives/preprocessed_data/sub-12/MEG/sub-12_task-RDR_run-51_events.tsv,derivatives/preprocessed_data/sub-12/MEG/sub-12_task-RDR_run-51_meg.json,derivatives/preprocessed_data/sub-12/MEG/sub-12_task-RDR_run-51_meg.fif,15.186,367.781,352.595,0.013,1000.0,False,0.0395,10.65
12,52,52,stimuli/audio/story_52.wav,323.088,derivatives/preprocessed_data/sub-12/MEG/sub-12_task-RDR_run-52_events.tsv,derivatives/preprocessed_data/sub-12/MEG/sub-12_task-RDR_run-52_meg.json,derivatives/preprocessed_data/sub-12/MEG/sub-12_task-RDR_run-52_meg.fif,6.177,329.248,323.071,0.017,1000.0,False,0.0395,10.65
12,53,53,stimuli/audio/story_53.wav,324.608,derivatives/preprocessed_data/sub-12/MEG/sub-12_task-RDR_run-53_events.tsv,derivatives/preprocessed_data/sub-12/MEG/sub-12_task-RDR_run-53_meg.json,derivatives/preprocessed_data/sub-12/MEG/sub-12_task-RDR_run-53_meg.fif,5.356,329.937,324.581,0.027,1000.0,False,0.0395,10.65
12,54,54,stimuli/audio/story_54.wav,308.4,derivatives/preprocessed_data/sub-12/MEG/sub-12_task-RDR_run-54_events.tsv,derivatives/preprocessed_data/sub-12/MEG/sub-12_task-RDR_run-54_meg.json,derivatives/preprocessed_data/sub-12/MEG/sub-12_task-RDR_run-54_meg.fif,7.533,315.906,308.373,0.027,1000.0,False,0.0395,10.65
12,55,55,stimuli/audio/story_55.wav,300.672,derivatives/preprocessed_data/sub-12/MEG/sub-12_task-RDR_run-55_events.tsv,derivatives/preprocessed_data/sub-12/MEG/sub-12_task-RDR_run-55_meg.json,derivatives/preprocessed_data/sub-12/MEG/sub-12_task-RDR_run-55_meg.fif,12.825,313.475,300.65,0.022,1000.0,False,0.0395,10.65
12,56,56,stimuli/audio/story_56.wav,298.88,derivatives/preprocessed_data/sub-12/MEG/sub-12_task-RDR_run-56_events.tsv,derivatives/preprocessed_data/sub-12/MEG/sub-12_task-RDR_run-56_meg.json,derivatives/preprocessed_data/sub-12/MEG/sub-12_task-RDR_run-56_meg.fif,13.684,312.533,298.849,0.031,1000.0,False,0.0395,10.65
12,57,57,stimuli/audio/story_57.wav,290.0,derivatives/preprocessed_data/sub-12/MEG/sub-12_task-RDR_run-57_events.tsv,derivatives/preprocessed_data/sub-12/MEG/sub-12_task-RDR_run-57_meg.json,derivatives/preprocessed_data/sub-12/MEG/sub-12_task-RDR_run-57_meg.fif,23.941,313.896,289.955,0.045,1000.0,False,0.0395,10.65
12,58,58,stimuli/audio/story_58.wav,276.976,derivatives/preprocessed_data/sub-12/MEG/sub-12_task-RDR_run-58_events.tsv,derivatives/preprocessed_data/sub-12/MEG/sub-12_task-RDR_run-58_meg.json,derivatives/preprocessed_data/sub-12/MEG/sub-12_task-RDR_run-58_meg.fif,17.655,294.583,276.928,0.048,1000.0,False,0.0395,10.65
12,59,59,stimuli/audio/story_59.wav,273.44,derivatives/preprocessed_data/sub-12/MEG/sub-12_task-RDR_run-59_events.tsv,derivatives/preprocessed_data/sub-12/MEG/sub-12_task-RDR_run-59_meg.json,derivatives/preprocessed_data/sub-12/MEG/sub-12_task-RDR_run-59_meg.fif,13.212,286.598,273.386,0.054,1000.0,False,0.0395,10.65
12,5,05,stimuli/audio/story_5.wav,307.584,derivatives/preprocessed_data/sub-12/MEG/sub-12_task-RDR_run-5_events.tsv,derivatives/preprocessed_data/sub-12/MEG/sub-12_task-RDR_run-5_meg.json,derivatives/preprocessed_data/sub-12/MEG/sub-12_task-RDR_run-5_meg.fif,7.362,314.925,307.563,0.021,1000.0,False,0.0395,10.65
12,60,60,stimuli/audio/story_60.wav,256.384,derivatives/preprocessed_data/sub-12/MEG/sub-12_task-RDR_run-60_events.tsv,derivatives/preprocessed_data/sub-12/MEG/sub-12_task-RDR_run-60_meg.json,derivatives/preprocessed_data/sub-12/MEG/sub-12_task-RDR_run-60_meg.fif,15.824,272.142,256.318,0.066,1000.0,False,0.0395,10.65
12,6,06,stimuli/audio/story_6.wav,290.96,derivatives/preprocessed_data/sub-12/MEG/sub-12_task-RDR_run-6_events.tsv,derivatives/preprocessed_data/sub-12/MEG/sub-12_task-RDR_run-6_meg.json,derivatives/preprocessed_data/sub-12/MEG/sub-12_task-RDR_run-6_meg.fif,6.305,297.22,290.915,0.045,1000.0,False,0.0395,10.65
12,7,07,stimuli/audio/story_7.wav,280.0,derivatives/preprocessed_data/sub-12/MEG/sub-12_task-RDR_run-7_events.tsv,derivatives/preprocessed_data/sub-12/MEG/sub-12_task-RDR_run-7_meg.json,derivatives/preprocessed_data/sub-12/MEG/sub-12_task-RDR_run-7_meg.fif,7.639,287.609,279.97,0.03,1000.0,False,0.0395,10.65
12,8,08,stimuli/audio/story_8.wav,273.44,derivatives/preprocessed_data/sub-12/MEG/sub-12_task-RDR_run-8_events.tsv,derivatives/preprocessed_data/sub-12/MEG/sub-12_task-RDR_run-8_meg.json,derivatives/preprocessed_data/sub-12/MEG/sub-12_task-RDR_run-8_meg.fif,18.659,292.046,273.387,0.053,1000.0,False,0.0395,10.65
12,9,09,stimuli/audio/story_9.wav,258.768,derivatives/preprocessed_data/sub-12/MEG/sub-12_task-RDR_run-9_events.tsv,derivatives/preprocessed_data/sub-12/MEG/sub-12_task-RDR_run-9_meg.json,derivatives/preprocessed_data/sub-12/MEG/sub-12_task-RDR_run-9_meg.fif,7.501,266.21,258.709,0.059,1000.0,False,0.0395,10.65
