Word ID,Word,Mean of Valid Ratings,SD of Valid Ratings,No.of Valid Ratings
1,暗笑,2.666667,0.919866,27
2,黯然,4.185185,0.833761,27
3,昂首,2.222222,1.154701,27
4,白人,1.62963,0.883531,27
5,绑架,1.777778,0.891556,27
6,榜样,2.777778,1.250641,27
7,迸发,3.807692,0.980581,26
8,裨益,4.125,0.946963,24
9,波折,3.538462,1.207668,26
10,车费,1.407407,0.572394,27
11,充裕,3.153846,1.120439,26
12,打字,1.444444,0.57735,27
13,歹毒,3.074074,1.268734,27
14,待遇,2.703704,1.170628,27
15,抵抗,2.851852,1.09908,27
16,地方,2.5,1.174734,26
17,垫脚,1.884615,0.90893,26
18,短缺,3.333333,0.960769,27
19,对抗,2.925926,1.035,27
20,发亮,2.0,0.645497,25
21,方言,1.925926,1.035,27
22,防身,2.814815,0.96225,27
23,非法,2.925926,1.206582,27
24,风俗,2.925926,1.035,27
25,隔离,2.962963,1.159625,27
26,耕作,2.037037,0.854017,27
27,公厕,1.222222,0.50637,27
28,公演,2.076923,0.934797,26
29,古物,2.148148,1.09908,27
30,挂号,1.851852,0.948833,27
31,怪物,2.925926,1.174273,27
32,光临,2.888889,1.012739,27
33,过渡,3.576923,1.101747,26
34,憾事,3.56,1.044031,25
35,行情,3.192308,1.020558,26
36,痕迹,2.518519,1.155934,27
37,欢迎,2.555556,1.050031,27
38,回答,2.37037,1.114525,27
39,毁灭,3.111111,1.086042,27
40,肌肤,1.5,0.648074,26
41,缉私,3.0,0.979796,26
42,建制,3.791667,1.062367,24
43,鉴定,3.038462,1.21592,26
44,介入,3.076923,1.092633,26
45,晶莹,3.346154,1.198075,26
46,精品,2.814815,1.272098,27
47,竞技,2.444444,1.012739,27
48,可爱,3.0,1.131371,26
49,哭泣,1.925926,0.828619,27
50,夸大,3.185185,1.241495,27
51,朗读,1.62963,0.791695,27
52,犁田,1.576923,0.643309,26
53,炼丹,2.461538,1.139501,26
54,笼统,4.423077,0.702742,26
55,螺丝,1.222222,0.423659,27
56,落后,3.423077,1.137474,26
57,面前,2.884615,1.142871,26
58,描绘,2.962963,1.159625,27
59,瞄准,2.148148,0.907393,27
60,灭口,2.407407,1.217161,27
61,民事,2.884615,1.142871,26
62,飘浮,3.407407,1.047314,27
63,苹果,1.259259,0.655896,27
64,潜艇,1.296296,0.541708,27
65,庆祝,2.807692,0.895287,26
66,求雨,3.0,0.957427,25
67,取景,2.769231,1.069867,26
68,人证,1.884615,0.588348,26
69,桑拿,1.62963,0.791695,27
70,扇贝,1.185185,0.483341,27
71,摄影,2.0,0.877058,27
72,身家,3.296296,1.203035,27
73,师资,2.962963,1.055443,27
74,施展,3.5,1.067708,26
75,石油,1.333333,0.5547,27
76,弑父,2.703704,1.137298,27
77,受训,2.962963,1.055443,27
78,属性,4.259259,0.764229,27
79,署长,2.041667,1.267629,24
80,水池,1.222222,0.50637,27
81,水质,2.923077,1.092633,26
82,丝绸,1.37037,0.687702,27
83,私刑,2.518519,0.848998,27
84,太监,1.703704,0.992852,27
85,倘佯,4.333333,0.916831,24
86,讨好,3.296296,0.953327,27
87,特区,2.32,1.281926,25
88,天资,3.777778,1.050031,27
89,铁门,1.296296,0.6688,27
90,听见,2.37037,1.181529,27
91,推测,3.5,1.140175,26
92,外贸,2.37037,1.005682,27
93,偎依,2.888889,1.395965,27
94,围棋,1.296296,0.608581,27
95,未婚,1.884615,0.863802,26
96,文艺,3.407407,1.152231,27
97,握手,1.444444,0.50637,27
98,无尽,4.36,0.757188,25
99,无人,2.5,1.067708,26
100,溪水,1.222222,0.50637,27
101,鲜花,1.148148,0.362014,27
102,消沉,3.777778,1.012739,27
103,薪俸,2.36,1.254326,25
104,羞耻,3.346154,1.056118,26
105,秀发,1.444444,0.50637,27
106,序列,2.961538,1.112862,26
107,学历,1.888889,0.974022,27
108,雪崩,1.777778,1.012739,27
109,雪糕,1.115385,0.325813,26
110,引燃,2.740741,0.944319,27
111,永久,3.730769,1.218448,26
112,越轨,3.095238,1.091089,21
113,越过,2.777778,1.120897,27
114,晕倒,1.777778,0.891556,27
115,杂物,2.222222,1.050031,27
116,宅院,1.37037,0.629294,27
117,招手,1.703704,0.6688,27
118,中弹,1.925926,0.615563,27
119,重复,2.814815,1.039121,27
120,竹签,1.37037,0.564879,27
121,主席,1.84,0.898146,25
122,状元,1.851852,0.988538,27
123,祖先,2.307692,1.049542,26
124,鳟鱼,1.5,0.812404,26
125,罢工,2.333333,0.960769,27
126,办法,3.259259,1.059484,27
127,帮会,2.444444,1.050031,27
128,包含,4.0,0.748331,26
129,被窝,1.518519,0.70002,27
130,笨重,3.037037,1.091276,27
131,表露,3.76,0.830662,25
132,拨冗,4.142857,0.910259,21
133,菠萝,1.185185,0.483341,27
134,残缺,3.407407,0.888355,27
135,纯朴,3.592593,1.185141,27
136,辍学,2.185185,1.039121,27
137,醋意,3.64,0.95219,25
138,错误,2.851852,1.06351,27
139,搭乘,2.148148,0.907393,27
140,大权,3.296296,1.067521,27
141,胆识,3.925926,0.997147,27
142,地雷,1.740741,0.902671,27
143,叮嘱,2.814815,0.921414,27
144,盾牌,1.740741,0.712125,27
145,多余,3.461538,1.028816,26
146,发出,3.333333,0.868115,24
147,费用,2.259259,0.813,27
148,拂晓,2.730769,1.185165,26
149,搞鬼,3.615385,0.803837,26
150,哽咽,2.666667,1.074172,27
151,公子,2.076923,0.97665,26
152,贵重,2.962963,1.055443,27
153,还是,4.318182,0.994574,22
154,航线,2.074074,0.957799,27
155,耗材,2.62963,1.114525,27
156,恒心,3.62963,1.213645,27
157,侯门,3.086957,0.900154,23
158,厚道,3.592593,0.971092,27
159,即兴,3.925926,0.873804,27
160,技能,2.962963,0.979854,27
161,歼灭,3.111111,1.154701,27
162,将来,3.692308,1.192283,26
163,拮据,3.111111,1.2195,27
164,锦旗,1.481481,0.848998,27
165,韭菜,1.115385,0.325813,26
166,绝交,3.115385,1.032547,26
167,克服,3.518519,1.051386,27
168,离谱,3.62963,1.079464,27
169,理发,1.62963,0.687702,27
170,辽阔,3.538462,1.174079,26
171,霉菌,2.222222,1.012739,27
172,美观,3.592593,1.009922,27
173,迷雾,2.740741,1.40309,27
174,免责,3.304348,0.926125,23
175,名贵,3.259259,1.095185,27
176,摩托,1.192308,0.401918,26
177,男士,1.37037,0.564879,27
178,泥鳅,1.185185,0.622466,27
179,奴才,2.37037,0.883531,27
180,糯米,1.222222,0.423659,27
181,派驻,3.185185,0.921414,27
182,泡菜,1.481481,0.70002,27
183,坡道,1.777778,0.50637,27
184,扑救,3.074074,1.071517,27
185,朴素,3.666667,0.83205,27
186,期货,2.96,1.398809,25
187,气氛,4.037037,0.854017,27
188,气色,3.259259,1.059484,27
189,前任,2.36,0.860233,25
190,前夕,3.185185,1.241495,27
191,切片,2.5,1.029563,26
192,轻蔑,3.592593,0.930643,27
193,清除,2.961538,1.21592,26
194,确保,3.5,1.104536,26
195,人品,3.703704,1.295401,27
196,仁爱,3.481481,1.122167,27
197,任教,2.884615,1.070586,26
198,容易,3.407407,1.009922,27
199,糅合,3.68,0.9,25
200,纱窗,1.259259,0.525693,27
201,山脉,1.518519,0.893152,27
202,设计,3.259259,1.258589,27
203,生物,2.703704,1.067521,27
204,受刑,2.777778,0.9337,27
205,赎身,2.888889,1.2195,27
206,水饺,1.296296,0.608581,27
207,顺产,1.962963,1.01835,27
208,岁月,3.962963,1.159625,27
209,探望,2.703704,1.265361,27
210,提供,3.333333,1.0,27
211,剃刀,1.481481,0.579812,27
212,天桥,1.518519,0.642733,27
213,瞳孔,1.481481,0.579812,27
214,脱节,3.692308,1.049542,26
215,鸵鸟,1.259259,0.525693,27
216,伪造,3.185185,0.921414,27
217,尾灯,1.777778,1.012739,27
218,文凭,1.925926,0.916764,27
219,西部,3.038462,1.076319,26
220,牺牲,3.08,1.187434,25
221,洗冤,3.5,0.989949,26
222,细腻,3.925926,1.174273,27
223,细致,3.730769,1.185165,26
224,下层,3.346154,0.93562,26
225,险境,3.185185,1.001423,27
226,像样,3.96,0.888819,25
227,小偷,1.703704,0.724028,27
228,心理,3.5,1.029563,26
229,型号,2.653846,1.093336,26
230,修订,2.615385,0.941357,26
231,血压,2.037037,1.091276,27
232,阳光,1.703704,1.102962,27
233,因素,3.884615,0.951921,26
234,阴险,3.653846,0.977438,26
235,影展,1.958333,0.907896,24
236,鱼饵,1.703704,0.6688,27
237,远亲,2.481481,0.848998,27
238,越洋,3.0,1.0,25
239,在意,3.740741,1.022538,27
240,择偶,2.615385,1.168826,26
241,展露,3.269231,1.002305,26
242,珍重,3.592593,1.185141,27
243,整理,2.538462,1.139501,26
244,种植,2.333333,1.074172,27
245,株连,3.846154,0.967153,26
246,专业,2.923077,1.055389,26
247,遵守,3.307692,1.289007,26
248,肮脏,3.21875,1.156591,32
249,胞弟,1.625,0.906962,32
250,备用,3.0625,1.075759,32
251,奔放,3.71875,1.170453,32
252,笔划,1.818182,0.846114,33
253,鞭策,3.606061,1.170988,33
254,辩论,2.848485,1.227834,33
255,标志,2.625,1.039541,32
256,缤纷,3.733333,0.980265,30
257,并重,4.074074,0.780824,27
258,博学,3.787879,0.857233,33
259,残酷,3.363636,1.19421,33
260,常见,3.21875,1.128355,32
261,怅然,3.935484,0.813858,31
262,吃苦,3.121212,1.192623,33
263,齿轮,1.666667,0.989529,33
264,抽筋,2.151515,0.870388,33
265,闯祸,2.78125,1.039056,32
266,撮合,3.1875,0.997982,32
267,打仗,2.15625,0.987319,32
268,低音,2.454545,1.063335,33
269,底片,2.030303,1.045372,33
270,恫吓,3.59375,1.160072,32
271,赌徒,1.939394,1.028937,33
272,厄运,3.5625,1.075759,32
273,噩梦,3.181818,1.33357,33
274,儿童,1.424242,0.560708,33
275,发扬,3.727273,0.977008,33
276,反扑,3.580645,0.847514,31
277,方法,3.454545,1.148121,33
278,诽谤,3.393939,1.116339,33
279,伏特,3.0625,1.435439,32
280,改观,3.69697,1.015038,33
281,干杯,2.060606,1.14399,33
282,干劲,3.4375,0.948258,32
283,告发,3.060606,1.116339,33
284,估价,2.939394,1.058873,33
285,骨头,1.606061,0.899284,33
286,怪诞,3.967742,1.016001,31
287,关节,1.666667,0.816497,33
288,过程,3.484848,1.202113,33
289,还手,2.69697,1.045372,33
290,号称,3.419355,1.088552,31
291,合作,2.75,1.04727,32
292,核对,2.575758,1.14647,33
293,烘烤,1.939394,1.058873,33
294,华裔,1.65625,0.745281,32
295,魂魄,4.4,0.770132,30
296,极品,3.5625,0.948258,32
297,加工,2.515152,0.939455,33
298,假扮,2.969697,1.07485,33
299,解梦,3.909091,1.041742,33
300,巾帼,2.71875,0.991394,32
301,晋见,3.096774,1.274228,31
302,精确,2.939394,1.087985,33
303,旧制,3.096774,1.247794,31
304,看到,2.151515,0.90558,33
305,渴望,3.515152,1.064225,33
306,蓝天,1.515152,0.712444,33
307,勒令,3.064516,1.12355,31
308,联赛,2.121212,0.92728,33
309,凌厉,3.69697,0.98377,33
310,羚羊,1.151515,0.36411,33
311,绿洲,1.96875,0.999496,32
312,冒雨,2.181818,0.808337,33
313,没趣,3.677419,0.908739,31
314,猛兽,2.212121,0.819969,33
315,蘑菇,1.242424,0.50189,33
316,陌生,3.375,0.906962,32
317,内功,3.870968,1.175923,31
318,排球,1.333333,0.777282,33
319,炮火,1.878788,0.92728,33
320,切割,2.363636,0.994302,33
321,秦朝,1.75,0.879883,32
322,取消,2.6875,1.255632,32
323,全国,2.212121,1.192623,33
324,确定,2.454545,1.120572,33
325,少女,1.878788,0.819969,33
326,审查,2.909091,1.15552,33
327,失手,3.181818,0.982807,33
328,收服,3.1875,1.090649,32
329,手笔,3.233333,1.072648,30
330,手枪,1.212121,0.415149,33
331,束缚,3.69697,0.98377,33
332,竖立,2.848485,1.064225,33
333,甩开,3.151515,1.003781,33
334,苏打,1.84375,0.766617,32
335,素材,2.878788,1.293193,33
336,算数,2.78125,1.288519,32
337,隧道,1.454545,0.904534,33
338,塔顶,1.545455,0.832575,33
339,太好,3.645161,0.984831,31
340,天敌,2.878788,1.192623,33
341,吞吐,3.272727,1.068665,33
342,挽回,3.272727,0.910794,33
343,危险,3.060606,1.273268,33
344,胃酸,1.939394,0.966288,33
345,文件,1.909091,0.879049,33
346,卧底,2.4375,0.877588,32
347,喜讯,2.606061,1.116339,33
348,衔接,3.225806,0.990275,31
349,现实,3.030303,1.31065,33
350,享用,3.090909,1.15552,33
351,消极,3.818182,0.950478,33
352,小我,3.862069,1.025536,29
353,孝敬,2.878788,1.192623,33
354,星光,2.242424,0.867118,33
355,哑铃,1.212121,0.415149,33
356,眼花,3.181818,0.982807,33
357,演讲,2.060606,0.863836,33
358,燕窝,1.484848,0.90558,33
359,养育,3.121212,1.139012,33
360,药厂,1.515152,0.66714,33
361,椰子,1.272727,0.875811,33
362,夜景,2.242424,0.969223,33
363,腋下,1.515152,0.618527,33
364,义气,3.71875,0.991394,32
365,驿站,2.212121,1.053493,33
366,有心,3.757576,0.867118,33
367,越狱,2.0,0.707107,33
368,早报,1.787879,0.780928,33
369,质问,3.151515,0.97215,33
370,赘言,3.357143,1.161553,28
371,钻探,2.666667,1.184187,30
372,奥运,2.121212,1.111237,33
373,搬运,1.939394,0.78817,33
374,宝座,2.424242,1.118881,33
375,抱怨,3.545455,0.904534,33
376,悲剧,3.757576,0.936426,33
377,便衣,2.666667,1.108678,33
378,餐桌,1.272727,0.452267,33
379,侧重,3.757576,0.969223,33
380,差额,3.032258,1.110071,31
381,孱弱,3.59375,1.011526,32
382,沉痛,3.69697,1.045372,33
383,代理,2.939394,1.116339,33
384,弹性,3.424242,1.118881,33
385,登录,2.25,0.915811,32
386,地牢,2.0,1.198958,33
387,递补,3.428571,0.959497,28
388,肚脐,1.393939,0.704423,33
389,队形,2.03125,0.822442,32
390,防守,2.727273,1.008487,33
391,分心,3.363636,1.05529,33
392,干洗,2.0,0.901388,33
393,攻守,3.060606,0.966288,33
394,鼓掌,1.787879,1.053493,33
395,刮风,1.848485,0.755034,33
396,官长,2.233333,1.072648,30
397,管乐,2.181818,0.982807,33
398,广播,1.909091,0.913908,33
399,鬼混,4.0,0.968246,33
400,囫囵,3.935484,0.89202,31
401,花蜜,1.939394,1.028937,33
402,化石,1.575758,0.791766,33
403,环保,2.969697,0.951474,33
404,急救,2.151515,0.833712,33
405,忌日,2.21875,1.128355,32
406,寄托,4.0,0.935414,33
407,家庭,2.181818,1.073969,33
408,尖端,3.15625,0.954087,32
409,检讨,2.787879,0.92728,33
410,见笑,3.727273,1.068665,33
411,缴械,2.636364,1.11294,33
412,戒毒,1.909091,1.100103,33
413,紧急,3.21875,1.263236,32
414,进取,3.484848,1.227834,33
415,禁毒,2.333333,1.190238,33
416,境界,4.25,1.077632,32
417,纠缠,3.545455,0.971175,33
418,久远,3.30303,1.103541,33
419,臼齿,1.866667,1.074255,30
420,剧本,1.909091,1.041742,33
421,绝望,3.575758,0.867118,33
422,犒劳,3.212121,1.243925,33
423,可靠,3.363636,1.05529,33
424,可取,3.258065,1.031754,31
425,空隙,2.84375,1.110344,32
426,来源,3.151515,1.064225,33
427,蓝图,3.5625,1.216486,32
428,寥寥,4.030303,0.883348,33
429,镣铐,1.939394,0.933387,33
430,轮奸,2.0,1.077632,32
431,屡次,3.193548,1.222548,31
432,麻烦,3.28125,1.197696,32
433,麦田,1.545455,0.616994,33
434,卖力,3.272727,1.097518,33
435,茂密,3.151515,1.034445,33
436,眉笔,1.333333,0.645497,33
437,门徒,2.375,1.070122,32
438,迷惘,4.16129,0.637536,31
439,免税,2.151515,1.093195,33
440,拇指,1.272727,0.516764,33
441,能量,3.636364,1.140674,33
442,念书,1.939394,0.998104,33
443,皮蛋,1.333333,0.692219,33
444,平民,2.03125,0.966683,32
445,凄凉,3.8125,0.737804,32
446,期望,3.939394,0.998104,33
447,起初,3.375,1.157026,32
448,抢救,2.1875,1.090649,32
449,清贫,3.151515,1.121417,33
450,丘脑,2.714286,1.511858,28
451,劝导,3.272727,1.039012,33
452,劝告,3.090909,1.208399,33
453,瘸腿,1.636364,0.895062,33
454,认真,3.30303,1.131505,33
455,日出,1.666667,0.889757,33
456,冗长,3.6875,1.029798,32
457,升值,3.0,1.319824,32
458,生活,3.272727,1.281423,33
459,圣灵,4.3,0.876907,30
460,圣言,3.733333,1.048261,30
461,试探,3.393939,1.028937,33
462,赎罪,3.34375,1.180743,32
463,水手,1.727273,1.039012,33
464,瞬间,3.666667,1.050793,33
465,叹息,2.787879,0.92728,33
466,贴现,3.074074,1.238048,27
467,伟大,3.848485,1.202113,33
468,屋子,1.515152,0.833712,33
469,熄灭,2.424242,0.867118,33
470,鲜嫩,2.969697,1.185455,33
471,闲话,2.939394,0.933387,33
472,详尽,3.30303,0.98377,33
473,向上,2.71875,1.14256,32
474,胸襟,3.84375,1.050633,32
475,雄辩,3.1875,1.029798,32
476,雄姿,3.454545,1.120572,33
477,巡回,3.181818,1.130668,33
478,训斥,2.848485,1.093195,33
479,延误,3.09375,1.088336,32
480,研发,3.0625,1.189673,32
481,仰卧,1.757576,1.14647,33
482,野蛮,3.454545,0.832575,33
483,衣架,1.121212,0.331434,33
484,疫情,2.606061,1.223197,33
485,婴儿,1.242424,0.50189,33
486,影子,2.212121,1.317136,33
487,永眠,3.30303,1.357499,33
488,诱惑,3.727273,0.944482,33
489,展示,2.909091,1.128152,33
490,正职,2.34375,1.153099,32
491,支持,2.969697,1.211529,33
492,职员,1.727273,0.719059,33
493,重婚,2.060606,1.058873,33
494,诸侯,2.393939,1.028937,33
495,哀号,2.777778,1.2195,27
496,鹌鹑,1.333333,0.620174,27
497,版本,2.777778,1.086042,27
498,伴奏,2.269231,0.874423,26
499,必修,2.423077,1.301478,26
500,搏斗,1.777778,0.751068,27
501,不便,3.703704,0.91209,27
502,裁缝,1.481481,0.70002,27
503,苍蝇,1.153846,0.464095,26
504,茶几,1.333333,0.5547,27
505,蝉鸣,1.666667,0.679366,27
506,抄家,2.615385,1.061204,26
507,赤脚,1.740741,0.859006,27
508,抽象,4.423077,1.02657,26
509,除非,3.538462,0.947872,26
510,船员,1.481481,0.579812,27
511,大人,2.555556,1.012739,27
512,盗版,2.653846,1.056118,26
513,登岸,2.269231,0.961569,26
514,堤岸,1.923077,0.844894,26
515,电信,2.576923,1.205755,26
516,钓鱼,1.481481,0.509175,27
517,叠加,3.0,1.074172,27
518,洞察,3.269231,1.34336,26
519,对待,3.48,1.045626,25
520,多嘴,3.0,1.240347,27
521,耳朵,1.222222,0.640513,27
522,发福,2.5,0.989949,26
523,废墟,2.111111,0.847319,27
524,高层,2.84,1.027943,25
525,高攀,3.185185,1.144789,27
526,根本,3.791667,1.215092,24
527,购入,2.592593,1.118352,27
528,寡言,3.076923,1.128648,26
529,滚烫,2.291667,0.907896,24
530,国际,3.037037,1.400041,27
531,行政,2.962963,1.224163,27
532,航空,2.148148,1.06351,27
533,慌张,2.925926,1.14105,27
534,机器,2.111111,1.120897,27
535,纪录,2.518519,0.935224,27
536,纪律,2.851852,1.26198,27
537,加入,3.115385,1.070586,26
538,具体,3.115385,1.306198,26
539,刻板,3.222222,0.9337,27
540,客气,3.0,1.16619,26
541,苦力,2.592593,1.118352,27
542,亏待,3.384615,1.09825,26
543,缆车,1.592593,0.930643,27
544,黎民,2.625,1.172604,24
545,历法,2.814815,1.177907,27
546,立法,2.666667,1.074172,27
547,痢疾,2.333333,0.960769,27
548,林木,1.740741,0.859006,27
549,琉璃,1.846154,1.189699,26
550,名流,3.555556,1.050031,27
551,凝固,2.555556,0.891556,27
552,奴婢,2.185185,1.075498,27
553,女巫,1.961538,0.958364,26
554,盘算,3.115385,1.107318,26
555,滂沱,3.68,1.10755,25
556,嫖客,1.777778,0.751068,27
557,票数,2.185185,1.272098,27
558,平衡,2.888889,1.187542,27
559,剖开,2.576923,0.945434,26
560,乞食,2.384615,0.803837,26
561,前进,2.37037,1.114525,27
562,腔调,3.0,1.0,27
563,强盗,1.692308,1.010712,26
564,亲近,3.111111,1.086042,27
565,禽兽,2.692308,1.086986,26
566,清点,3.074074,0.873804,27
567,蚯蚓,1.333333,0.83205,27
568,扰乱,3.222222,1.086042,27
569,设法,3.37037,1.213645,27
570,摄政,3.230769,1.242826,26
571,声誉,3.333333,1.414214,27
572,湿地,2.0,0.748331,26
573,誓约,3.222222,1.012739,27
574,手表,1.259259,0.813,27
575,私立,2.76,0.969536,25
576,岁数,1.962963,1.055443,27
577,贪心,3.111111,1.281025,27
578,探究,3.703704,1.030863,27
579,恬静,3.407407,0.971092,27
580,填鸭,3.75,0.989071,24
581,外向,3.615385,1.235376,26
582,王储,2.307692,1.010712,26
583,问题,3.115385,1.210848,26
584,喜乐,2.666667,1.143544,27
585,细小,2.777778,1.012739,27
586,相识,3.37037,1.30526,27
587,硝酸,1.62963,0.83887,27
588,斜视,2.481481,1.155934,27
589,星际,3.192308,1.16685,26
590,幸好,3.269231,1.115623,26
591,雪莱,2.904762,1.261141,21
592,巡警,1.666667,0.733799,27
593,药丸,1.592593,0.693889,27
594,野人,2.074074,0.957799,27
595,宜人,3.703704,0.868899,27
596,译名,3.230769,1.242826,26
597,银幕,2.259259,0.984206,27
598,银牌,1.62963,0.791695,27
599,鹦鹉,1.222222,0.57735,27
600,幽会,3.074074,0.916764,27
601,淤血,2.518519,1.051386,27
602,欲望,3.703704,1.324759,27
603,约数,3.48,1.357694,25
604,阅兵,1.888889,0.9337,27
605,栈道,2.185185,1.272098,27
606,掌权,3.333333,1.074172,27
607,丈夫,1.461538,0.706018,26
608,振荡,3.074074,1.035,27
609,整数,2.37037,1.275453,27
610,脂肪,1.923077,1.262476,26
611,直播,1.851852,0.863967,27
612,钟表,1.259259,0.446576,27
613,重力,3.185185,1.35978,27
614,注目,3.481481,0.848998,27
615,状态,3.962963,1.055443,27
616,捉摸,3.851852,1.292097,27
617,走廊,1.888889,0.891556,27
618,走私,2.884615,0.993053,26
619,把关,3.62963,0.83887,27
620,保值,3.75,0.989071,24
621,表现,3.518519,1.087353,27
622,蹩脚,3.25,1.032094,24
623,插嘴,3.0,0.960769,27
624,柴火,1.925926,0.916764,27
625,沉迷,3.407407,0.971092,27
626,称霸,3.444444,1.012739,27
627,成绩,2.555556,1.012739,27
628,冲突,3.074074,1.14105,27
629,虫卵,1.888889,0.974022,27
630,存款,1.777778,0.800641,27
631,大意,3.444444,0.751068,27
632,单据,2.444444,1.012739,27
633,淡忘,3.518519,1.014145,27
634,弹药,2.111111,1.154701,27
635,抵赖,3.481481,1.155934,27
636,地图,1.518519,0.70002,27
637,点数,3.04,1.098484,25
638,胴体,2.88,1.480991,25
639,恶霸,2.37037,1.114525,27
640,法官,1.653846,0.689481,26
641,仿效,3.481481,1.051386,27
642,绯红,3.296296,1.102962,27
643,肥胖,2.148148,1.026709,27
644,沸腾,2.851852,0.948833,27
645,风情,3.777778,1.154701,27
646,福音,3.615385,1.134087,26
647,府第,2.68,1.144552,25
648,复仇,3.037037,1.159625,27
649,刚强,3.333333,1.037749,27
650,供奉,3.407407,1.047314,27
651,鼓手,1.851852,0.948833,27
652,灌注,3.384615,0.941357,26
653,诡辩,3.807692,0.980581,26
654,还原,3.72,0.890693,25
655,毫米,2.333333,1.176697,27
656,壕沟,2.653846,1.324909,26
657,好处,3.444444,1.086042,27
658,好动,3.148148,1.09908,27
659,号角,2.592593,1.30853,27
660,荷花,1.423077,0.808608,26
661,横行,3.64,0.994987,25
662,红包,1.851852,1.026709,27
663,麾下,3.423077,1.137474,26
664,激动,3.185185,1.144789,27
665,肩头,2.0,0.960769,27
666,缴税,2.296296,1.030863,27
667,节奏,3.259259,1.227649,27
668,今晚,1.615385,0.752432,26
669,紧凑,3.185185,1.075498,27
670,紧张,3.111111,1.2195,27
671,进贡,2.851852,1.09908,27
672,惊奇,3.0,1.270978,27
673,就业,2.444444,1.086042,27
674,距离,2.481481,1.155934,27
675,靠山,3.074074,0.957799,27
676,可恨,3.296296,0.992852,27
677,空姐,1.576923,0.702742,26
678,两性,3.111111,1.2195,27
679,潦草,3.307692,1.010712,26
680,临时,3.703704,0.823446,27
681,买家,2.592593,1.083416,27
682,毛孔,1.925926,0.873804,27
683,没法,4.038462,0.99923,26
684,面临,3.592593,1.152231,27
685,面谈,2.703704,1.030863,27
686,苗圃,2.384615,1.09825,26
687,木瓜,1.555556,0.800641,27
688,忸怩,3.541667,0.977093,24
689,品尝,2.962963,1.159625,27
690,屏弃,3.72,0.979796,25
691,奇艺,3.52,0.770281,25
692,权衡,3.592593,1.083416,27
693,拳击,2.037037,1.01835,27
694,容器,2.0,0.960769,27
695,容颜,2.851852,1.26198,27
696,软禁,3.037037,0.979854,27
697,赛跑,1.846154,0.92487,26
698,三国,2.5,1.067708,26
699,食指,1.518519,0.848998,27
700,仕途,3.111111,1.120897,27
701,手巾,1.888889,1.050031,27
702,手巧,3.481481,0.935224,27
703,手足,2.653846,1.129329,26
704,栓塞,3.041667,0.954585,24
705,松树,1.518519,1.014145,27
706,特色,3.37037,1.213645,27
707,添置,3.115385,1.070586,26
708,铁匠,1.62963,0.966681,27
709,外族,2.851852,1.133534,27
710,吸毒,1.740741,0.902671,27
711,下场,3.444444,1.012739,27
712,下沉,3.185185,1.110684,27
713,逍遥,3.961538,1.076319,26
714,效能,3.576923,1.172112,26
715,循环,3.333333,1.176697,27
716,雅号,3.5,0.948683,26
717,岩浆,2.153846,1.120439,26
718,眼罩,1.692308,0.928191,26
719,演出,2.259259,0.859006,27
720,引用,3.555556,1.154701,27
721,隐藏,3.0,1.2,26
722,有用,3.592593,1.047314,27
723,迂回,3.52,1.122497,25
724,渊博,3.384615,1.09825,26
725,圆满,3.555556,0.974022,27
726,远古,3.185185,1.301982,27
727,月饼,1.444444,0.847319,27
728,运用,3.333333,0.919866,27
729,杂务,3.074074,0.780824,27
730,占领,3.185185,1.001423,27
731,阵营,2.851852,0.988538,27
732,震撼,3.777778,1.086042,27
733,植物,2.0,0.877058,27
734,中等,3.148148,0.988538,27
735,中外,3.444444,1.086042,27
736,肿瘤,2.04,1.059874,25
737,转动,2.884615,1.032547,26
738,庄园,1.962963,0.979854,27
739,自杀,2.148148,1.09908,27
740,走红,3.518519,1.014145,27
741,作品,2.222222,1.250641,27
742,掰开,1.961538,0.99923,26
743,饱和,3.076923,1.055389,26
744,保健,2.961538,1.112862,26
745,必然,2.807692,1.54969,26
746,扁平,2.076923,0.844894,26
747,冰川,1.423077,0.757526,26
748,颤抖,2.423077,1.172112,26
749,陈腐,3.5,1.14208,24
750,陈列,2.576923,1.205755,26
751,成功,3.461538,1.33359,26
752,弛缓,3.36,0.95219,25
753,充足,3.192308,1.132051,26
754,出战,2.28,0.979796,25
755,锄头,1.076923,0.271746,26
756,橱窗,1.076923,0.271746,26
757,揣摩,3.692308,1.158248,26
758,传热,2.96,1.274101,25
759,蹉跎,3.92,1.320353,25
760,错失,3.08,1.037625,25
761,大学,1.68,0.852447,25
762,档次,3.0,1.2,26
763,荡妇,2.538462,1.028816,26
764,到处,3.692308,1.225373,26
765,得到,2.769231,1.274604,26
766,顶替,2.423077,1.172112,26
767,毒药,1.807692,0.895287,26
768,废置,2.48,0.87178,25
769,芬芳,3.538462,1.207668,26
770,粉饰,3.36,1.075484,25
771,缝纫,1.884615,0.863802,26
772,干爽,2.807692,1.132051,26
773,公平,3.461538,1.240347,26
774,功能,2.807692,1.200641,26
775,构想,3.807692,1.200641,26
776,姑息,4.076923,0.89098,26
777,骸骨,1.538462,0.706018,26
778,害虫,1.846154,0.833897,26
779,和约,2.384615,1.022817,26
780,回条,3.157895,1.424514,19
781,回信,1.961538,0.870897,26
782,婚宴,1.576923,0.702742,26
783,火腿,1.076923,0.271746,26
784,货币,1.769231,0.992278,26
785,级数,3.166667,1.167184,24
786,家具,1.769231,0.764601,26
787,进账,2.730769,1.313246,26
788,惊慌,3.730769,0.961569,26
789,静音,2.192308,1.132051,26
790,酒量,3.653846,0.977438,26
791,拘泥,3.923077,0.744208,26
792,军事,2.692308,1.123182,26
793,看守,2.88,0.881287,25
794,客厅,1.5,0.761577,26
795,离子,3.36,1.380821,25
796,粒子,3.076923,1.521133,26
797,粮食,1.96,0.934523,25
798,猎物,2.52,1.004988,25
799,隆冬,2.96,1.240967,25
800,鲁钝,3.791667,0.931533,24
801,迷人,3.807692,0.895287,26
802,妙龄,3.28,0.936305,25
803,摩擦,3.230769,1.069867,26
804,年龄,1.846154,0.92487,26
805,黏性,2.76,0.925563,25
806,篇幅,3.16,1.178983,25
807,平原,1.807692,0.849434,26
808,起床,1.769231,0.908083,26
809,器皿,1.923077,0.844894,26
810,曲线,2.615385,1.328967,26
811,娶亲,1.884615,0.816182,26
812,惹事,3.076923,1.128648,26
813,杀气,4.2,1.0,25
814,沙石,1.230769,0.429669,26
815,神秘,4.230769,0.908083,26
816,守则,3.038462,1.03849,26
817,受伤,2.307692,0.970329,26
818,双向,3.0,1.224745,25
819,死者,1.56,0.768115,25
820,诵读,2.076923,1.016782,26
821,俗气,3.846154,0.7317,26
822,台词,1.846154,0.7317,26
823,摊牌,2.708333,1.041703,24
824,碳酸,2.083333,1.100066,24
825,烫伤,1.884615,0.863802,26
826,逃跑,2.192308,1.132051,26
827,退休,1.961538,0.958364,26
828,拖车,1.423077,0.643309,26
829,脱水,2.384615,0.982931,26
830,外务,3.5,0.963624,22
831,威风,4.038462,0.870897,26
832,卫冕,2.708333,1.122078,24
833,慰问,2.807692,0.980581,26
834,文士,2.391304,1.15755,23
835,先河,3.304348,1.32921,23
836,相反,2.961538,1.280024,26
837,相扑,1.84,1.143095,25
838,相同,2.75,1.188715,24
839,校际,3.428571,1.028175,21
840,谢谢,2.576923,1.270372,26
841,心底,3.791667,1.178767,24
842,信步,3.52381,1.123345,21
843,修理,2.615385,0.852147,26
844,选民,1.923077,0.934797,26
845,仪器,1.730769,0.827415,26
846,银河,2.615385,1.601922,26
847,荧幕,1.846154,1.155588,26
848,雍容,3.846154,0.92487,26
849,由此,3.454545,1.143398,22
850,鱼网,1.192308,0.401918,26
851,遇害,2.269231,1.002305,26
852,冤狱,2.88,1.332917,25
853,圆形,1.653846,1.093336,26
854,责罚,2.653846,1.129329,26
855,展览,2.076923,0.97665,26
856,找寻,2.68,1.144552,25
857,征服,3.384615,1.328967,26
858,正门,1.846154,0.92487,26
859,知觉,3.423077,1.064822,26
860,滞留,2.538462,0.989172,26
861,专家,2.346154,1.056118,26
862,宗派,2.692308,1.192283,26
863,罪恶,3.192308,1.132051,26
864,作答,2.68,1.180395,25
865,座落,2.346154,0.977438,26
866,安抚,3.461538,0.859338,26
867,薄冰,2.192308,1.020558,26
868,宝贝,3.2,1.118034,25
869,碑文,1.461538,0.581774,26
870,背影,1.692308,0.837579,26
871,兵法,2.807692,1.132051,26
872,剥夺,3.0,1.16619,26
873,不惜,4.041667,0.750604,24
874,餐饮,2.076923,0.89098,26
875,陈旧,2.769231,1.210213,26
876,撑腰,2.923077,1.128648,26
877,赐教,3.2,1.080123,25
878,打扮,2.307692,1.010712,26
879,呆滞,2.961538,1.248384,26
880,挡路,2.115385,0.951921,26
881,地契,1.307692,0.549125,26
882,雕琢,2.346154,0.977438,26
883,迭起,3.681818,0.994574,22
884,读书,1.961538,0.915675,26
885,杜绝,2.961538,1.341067,26
886,渡过,3.08,1.320353,25
887,断交,2.692308,1.086986,26
888,对称,2.153846,0.92487,26
889,鹅蛋,1.115385,0.325813,26
890,恩赐,3.346154,1.093336,26
891,发蜡,1.538462,0.859338,26
892,方式,3.64,1.075484,25
893,方位,2.884615,1.336471,26
894,芳香,3.038462,1.37057,26
895,分内,3.434783,0.895752,23
896,分神,3.384615,1.328967,26
897,分摊,2.538462,1.207668,26
898,更换,2.461538,1.139501,26
899,公布,2.461538,1.272188,26
900,功率,2.269231,1.401647,26
901,攻打,2.423077,1.064822,26
902,恭候,2.923077,1.293772,26
903,管理,3.192308,1.265519,26
904,光度,3.0,1.477098,23
905,后退,2.538462,1.139501,26
906,呼喊,1.961538,0.958364,26
907,黄河,1.153846,0.367946,26
908,伙伴,1.961538,0.915675,26
909,极刑,2.8,1.258306,25
910,减肥,2.730769,1.041449,26
911,见报,2.652174,1.112274,23
912,健忘,2.961538,1.37057,26
913,角色,2.692308,0.928191,26
914,绞刑,1.615385,0.852147,26
915,揭发,2.653846,1.16421,26
916,劫匪,1.538462,0.581774,26
917,结婚,1.653846,0.93562,26
918,金粉,2.0,1.224745,25
919,纠纷,3.0,1.131371,26
920,剧烈,3.538462,0.947872,26
921,开胃,3.115385,1.070586,26
922,空气,2.115385,1.306198,26
923,狼狗,1.153846,0.367946,26
924,累死,3.384615,1.168826,26
925,立功,2.769231,1.106623,26
926,林荫,2.038462,0.99923,26
927,领事,2.28,1.021437,25
928,露骨,3.269231,1.150919,26
929,露营,1.884615,0.652805,26
930,绿茶,1.461538,0.760567,26
931,麻木,3.96,0.888819,25
932,面对,3.115385,1.107318,26
933,名模,2.0,0.848528,26
934,母校,1.653846,0.891843,26
935,木船,1.153846,0.464095,26
936,纳妾,2.038462,0.773603,26
937,纽扣,1.153846,0.367946,26
938,派出,2.916667,1.17646,24
939,判刑,2.5,1.140175,26
940,叛国,2.346154,1.23101,26
941,胖子,2.038462,0.958364,26
942,贫乏,3.346154,1.23101,26
943,聘请,2.461538,1.139501,26
944,起立,1.807692,0.895287,26
945,缱绻,3.2,1.196486,20
946,亲友,1.961538,0.823688,26
947,轻松,3.192308,1.16685,26
948,秋天,1.653846,1.017539,26
949,囚室,1.461538,0.508391,26
950,全校,2.038462,1.182566,26
951,妊娠,1.923077,0.97665,26
952,闪避,2.807692,1.059027,26
953,善恶,3.88,1.201388,25
954,社工,1.923077,0.627572,26
955,饰演,2.653846,1.294366,26
956,首先,2.923077,1.383418,26
957,兽欲,3.538462,1.33359,26
958,输光,2.769231,1.210213,26
959,水果,1.730769,0.91903,26
960,说服,3.038462,1.03849,26
961,送命,3.076923,1.230385,26
962,蒜头,1.307692,0.470679,26
963,挽留,3.230769,0.992278,26
964,午夜,2.076923,0.89098,26
965,峡谷,1.692308,0.884047,26
966,宪制,2.782609,1.380267,23
967,写字,1.615385,0.697247,26
968,新娘,1.230769,0.429669,26
969,虚构,3.384615,1.471786,26
970,药理,3.307692,1.378963,26
971,要挟,3.076923,1.163549,26
972,意欲,3.826087,0.936734,23
973,因子,3.36,1.350309,25
974,阴道,1.461538,0.811456,26
975,银两,1.5,0.583095,26
976,英明,3.615385,1.235376,26
977,预兆,3.36,1.319091,25
978,圆周,2.12,0.971253,25
979,遭遇,3.115385,1.070586,26
980,摘要,2.423077,1.101747,26
981,掌声,1.615385,0.752432,26
982,爪牙,2.384615,1.022817,26
983,之类,3.85,1.089423,20
984,中央,2.423077,1.101747,26
985,终年,2.769231,1.210213,26
986,自负,3.692308,1.158248,26
987,组成,3.269231,0.961569,26
988,钻孔,1.923077,0.796145,26
989,哀求,2.555556,1.181874,36
990,罢课,1.583333,0.731925,36
991,白话,2.638889,1.245627,36
992,颁奖,1.583333,0.554205,36
993,半圆,1.444444,0.557773,36
994,背心,1.916667,0.996422,36
995,必经,3.285714,1.226459,35
996,庇护,3.027778,1.081959,36
997,表面,2.555556,1.157447,36
998,不良,3.138889,1.07312,36
999,不配,3.114286,1.254906,35
1000,偿还,2.194444,0.920231,36
1001,扯谎,2.714286,1.126458,35
1002,粗心,3.138889,1.046157,36
1003,淡漠,3.388889,1.102666,36
1004,盗用,2.5,0.971008,36
1005,点燃,2.0,0.970143,35
1006,鼎立,3.277778,1.0586,36
1007,对岸,2.142857,0.974464,35
1008,恶梦,2.777778,1.333333,36
1009,反应,3.333333,1.195229,36
1010,放心,3.166667,1.320173,36
1011,分子,2.676471,1.386528,34
1012,风速,2.166667,0.941124,36
1013,封面,1.722222,0.944491,36
1014,锋芒,3.555556,1.054093,36
1015,概率,3.2,1.255576,35
1016,公园,1.388889,0.54917,36
1017,共和,3.515152,1.093195,33
1018,共聚,3.352941,1.01152,34
1019,勾结,3.027778,1.055221,36
1020,关口,2.666667,0.956183,36
1021,冠名,2.705882,1.168511,34
1022,光盘,1.416667,0.603561,36
1023,行星,1.722222,0.81455,36
1024,合同,1.611111,0.644882,36
1025,花红,3.264706,1.238494,34
1026,换班,2.166667,0.774597,36
1027,吉凶,3.583333,1.204159,36
1028,疆界,1.972222,0.9706,36
1029,金矿,1.416667,0.691789,36
1030,颈椎,1.416667,0.769972,36
1031,敬重,3.416667,0.937321,36
1032,纠察,3.176471,0.999108,34
1033,快乐,3.285714,1.36277,35
1034,筷子,1.194444,0.576663,36
1035,困扰,3.5,1.028175,36
1036,浪漫,3.722222,1.13669,36
1037,老练,3.542857,1.038745,35
1038,历届,2.25,0.967323,36
1039,恋人,1.694444,0.888641,36
1040,嶙峋,3.685714,1.022437,35
1041,流血,1.583333,0.691789,36
1042,隆起,2.416667,0.967323,36
1043,每天,1.694444,0.821825,36
1044,明白,2.638889,1.245627,36
1045,飘忽,3.666667,0.989529,33
1046,拚搏,2.942857,1.211291,35
1047,平凡,3.111111,1.115547,36
1048,平行,2.222222,1.07201,36
1049,企图,3.333333,1.195229,36
1050,启程,2.75,1.024695,36
1051,汽油,1.222222,0.484686,36
1052,谴责,3.277778,1.11127,36
1053,情书,1.777778,1.098339,36
1054,情绪,3.514286,1.172514,35
1055,群情,3.84375,0.919655,32
1056,热带,2.028571,0.857003,35
1057,人才,2.583333,1.317465,36
1058,仁义,3.583333,1.130739,36
1059,日食,1.555556,0.772545,36
1060,软件,1.916667,0.967323,36
1061,摄制,2.151515,0.795346,33
1062,石刻,2.111111,1.035865,36
1063,手球,1.714286,0.859939,35
1064,抒情,3.388889,1.315355,36
1065,竖琴,1.333333,0.632456,36
1066,双亲,1.361111,0.487136,36
1067,速递,2.25,0.937321,36
1068,算盘,1.805556,1.260826,36
1069,烫金,2.085714,0.853072,35
1070,特产,2.277778,0.778684,36
1071,特约,3.294118,1.168511,34
1072,天生,2.972222,1.230241,36
1073,天线,1.361111,0.833333,36
1074,填写,2.083333,0.967323,36
1075,停步,2.083333,0.874234,36
1076,痛快,3.257143,1.120474,35
1077,汪洋,2.428571,1.219588,35
1078,王冠,1.527778,0.506309,36
1079,网页,1.611111,0.644882,36
1080,微观,3.611111,1.177838,36
1081,文静,3.257143,1.066684,35
1082,文明,3.611111,0.964447,36
1083,武艺,2.611111,1.021981,36
1084,瞎眼,2.485714,1.121224,35
1085,下课,1.611111,0.687761,36
1086,线索,3.057143,1.109925,35
1087,孝子,2.388889,1.225393,36
1088,信函,1.555556,0.734631,36
1089,兴衰,3.472222,0.940702,36
1090,休假,1.828571,0.663578,35
1091,修长,2.75,1.079021,36
1092,巡视,2.388889,1.177838,36
1093,殉职,1.8,0.833137,35
1094,延期,2.333333,1.195229,36
1095,沿岸,1.972222,0.877858,36
1096,引进,2.735294,0.963228,34
1097,影像,2.166667,1.028175,36
1098,应急,2.861111,1.099423,36
1099,原野,2.342857,0.937546,35
1100,阅读,2.0,0.92582,36
1101,云端,3.222222,1.267418,36
1102,赃物,1.944444,0.860048,36
1103,栅栏,1.583333,0.806226,36
1104,战祸,3.111111,1.140871,36
1105,照片,1.444444,0.734631,36
1106,照相,1.638889,0.798312,36
1107,振动,2.222222,0.897969,36
1108,指纹,1.333333,0.478091,36
1109,主帅,1.722222,0.848902,36
1110,装饰,2.388889,1.049565,36
1111,自修,3.09375,1.058281,32
1112,诅咒,3.666667,1.33095,36
1113,薄情,3.722222,0.944491,36
1114,编号,1.75,0.769972,36
1115,变卖,2.657143,1.186762,35
1116,濒临,3.685714,1.157366,35
1117,参加,2.628571,1.113704,35
1118,惨叫,2.277778,1.0586,36
1119,产假,1.457143,0.560612,35
1120,抽签,1.861111,0.798312,36
1121,出动,2.636364,1.084498,33
1122,锉刀,1.388889,0.598941,36
1123,打气,2.722222,1.085255,36
1124,倒贴,2.944444,1.040452,36
1125,低声,2.277778,0.974272,36
1126,嘀咕,2.485714,1.010865,35
1127,典型,3.361111,1.099423,36
1128,逗笑,2.6,1.005865,35
1129,断绝,3.142857,1.061155,35
1130,恶魔,3.114286,1.409452,35
1131,方向,2.722222,1.13669,36
1132,飞车,2.055556,0.954521,36
1133,分发,2.555556,1.02663,36
1134,斧头,1.222222,0.484686,36
1135,各位,2.647059,1.177629,34
1136,功夫,2.861111,1.222475,36
1137,鼓膜,1.882353,0.728831,34
1138,寡人,2.485714,0.981338,35
1139,合办,3.0,1.137593,35
1140,洪亮,3.027778,1.275844,36
1141,虎年,1.942857,0.968409,35
1142,会计,1.527778,0.810154,36
1143,机智,3.111111,1.140871,36
1144,角落,2.142857,0.879266,35
1145,教师,1.361111,0.63932,36
1146,今朝,2.611111,1.225393,36
1147,今日,1.777778,0.929243,36
1148,京城,1.694444,0.855885,36
1149,惊动,3.2,1.079215,35
1150,旧友,2.277778,1.031258,36
1151,局部,2.888889,1.140871,36
1152,空袭,2.0,0.894427,36
1153,口红,1.342857,0.764771,35
1154,赖账,2.514286,1.197336,35
1155,冷漠,3.514286,0.950895,35
1156,离开,2.352941,1.041047,34
1157,联盟,2.555556,1.02663,36
1158,溜冰,1.75,0.769972,36
1159,流转,3.058824,1.042758,34
1160,蒙面,2.0,0.894427,36
1161,弥补,3.257143,1.038745,35
1162,庙会,1.916667,0.906327,36
1163,名画,1.777778,0.959497,36
1164,奶妈,1.514286,1.039554,35
1165,耐心,3.611111,1.20185,36
1166,南北,2.055556,1.040452,36
1167,年报,1.8,0.833137,35
1168,怕羞,3.444444,1.106976,36
1169,品格,3.694444,1.064208,36
1170,迫近,3.441176,1.133276,34
1171,破案,2.294118,0.938387,34
1172,欺骗,3.055556,1.263656,36
1173,欺压,3.138889,1.099423,36
1174,奇闻,2.970588,1.029424,34
1175,情调,3.694444,1.009086,36
1176,屈辱,3.4,1.193118,35
1177,全面,3.057143,1.161714,35
1178,让开,2.514286,1.010865,35
1179,饶舌,2.885714,0.963188,35
1180,任意,3.529412,1.134455,34
1181,融洽,3.416667,1.130739,36
1182,肉麻,3.6,1.034692,35
1183,乳酸,1.916667,0.937321,36
1184,软化,3.194444,1.037013,36
1185,杀手,2.111111,1.007905,36
1186,山涧,2.111111,0.979148,36
1187,山林,1.833333,0.845154,36
1188,上市,2.777778,0.959497,36
1189,上学,1.685714,0.718308,35
1190,舍监,2.3,1.022168,30
1191,深切,3.666667,1.069045,36
1192,神经,3.057143,1.186762,35
1193,书店,1.472222,0.73625,36
1194,抒发,3.657143,1.161714,35
1195,水草,1.388889,0.598941,36
1196,朔望,3.903226,0.943569,31
1197,思潮,3.828571,1.042782,35
1198,特殊,3.735294,1.188552,34
1199,天鹅,1.472222,0.810154,36
1200,同时,3.028571,1.175378,35
1201,文化,3.514286,1.010865,35
1202,窝囊,3.676471,0.911894,34
1203,无形,4.028571,0.890661,35
1204,悉心,3.441176,0.959519,34
1205,侠盗,2.444444,1.054093,36
1206,侠义,3.583333,1.155731,36
1207,瑕疵,3.111111,1.063089,36
1208,下厨,2.114286,0.718308,35
1209,先知,3.40625,1.103057,32
1210,携手,2.882353,0.977464,34
1211,心软,3.638889,1.046157,36
1212,修行,3.416667,1.079021,36
1213,袖珍,2.685714,1.05081,35
1214,选美,2.527778,1.055221,36
1215,学徒,1.833333,0.810643,36
1216,压迫,3.444444,1.02663,36
1217,氧气,1.583333,0.806226,36
1218,议会,2.138889,0.833333,36
1219,意图,3.361111,1.150224,36
1220,音响,1.472222,0.73625,36
1221,用电,2.228571,0.942016,35
1222,优惠,2.638889,1.099423,36
1223,郁闷,3.571429,1.219588,35
1224,栽种,1.972222,0.9706,36
1225,糟糕,3.527778,1.027789,36
1226,寨主,1.805556,0.624246,36
1227,瞻仰,3.194444,1.064208,36
1228,战士,1.75,0.731925,36
1229,长者,2.194444,1.037013,36
1230,涨价,2.388889,1.27117,36
1231,振兴,3.142857,1.061155,35
1232,征兵,2.027778,0.810154,36
1233,挣扎,3.138889,1.222475,36
1234,竹叶,1.444444,0.843274,36
1235,尊严,3.555556,1.080858,36
1236,板块,3.0,1.118034,25
1237,帮忙,2.16,1.143095,25
1238,帮助,2.28,1.021437,25
1239,抱病,2.652174,1.228772,23
1240,变通,3.36,1.075484,25
1241,彪炳,3.555556,1.096638,18
1242,槟榔,1.24,0.522813,25
1243,濒危,2.56,1.293574,25
1244,病院,2.043478,0.638055,23
1245,补偿,2.44,1.260952,25
1246,裁决,2.64,1.287116,25
1247,采集,2.4,1.118034,25
1248,参半,3.12,0.971253,25
1249,插曲,2.458333,0.977093,24
1250,彻底,2.76,1.3,25
1251,陈设,2.64,1.150362,25
1252,城市,1.76,0.969536,25
1253,持平,2.68,1.215182,25
1254,仇恨,2.75,1.390965,24
1255,垂直,1.8,1.0,25
1256,打烊,1.791667,1.350657,24
1257,诞生,2.16,1.027943,25
1258,敌方,1.88,0.725718,25
1259,帝国,2.76,1.16476,25
1260,递交,2.44,1.003328,25
1261,毒箭,1.916667,0.829702,24
1262,赌博,1.92,1.077033,25
1263,堆积,2.708333,1.197068,24
1264,反抗,2.24,0.925563,25
1265,芳心,3.16,1.143095,25
1266,防毒,2.666667,0.963087,24
1267,非常,3.333333,1.37261,24
1268,匪徒,1.56,0.583095,25
1269,分类,2.48,1.045626,25
1270,风尚,3.76,1.011599,25
1271,凤凰,1.96,1.428286,25
1272,甘油,1.44,0.869866,25
1273,共犯,2.36,0.95219,25
1274,观摩,2.68,1.069268,25
1275,灌输,3.16,1.067708,25
1276,规格,2.434783,1.079818,23
1277,柜台,1.48,0.585947,25
1278,国防,2.44,1.193035,25
1279,葫芦,1.32,0.556776,25
1280,户外,2.32,1.069268,25
1281,华丽,3.48,1.228821,25
1282,欢送,2.52,0.918332,25
1283,环绕,2.583333,1.059806,24
1284,回报,2.92,1.115049,25
1285,获得,2.541667,1.141287,24
1286,获悉,2.826087,0.984063,23
1287,积聚,3.08,1.187434,25
1288,记性,2.909091,1.376991,22
1289,枷锁,2.96,1.368698,25
1290,角逐,3.166667,1.167184,24
1291,借据,1.76,0.925563,25
1292,斤两,2.6,1.414214,25
1293,经验,3.36,1.18603,25
1294,净赚,2.44,1.121011,25
1295,敬佩,3.36,1.287116,25
1296,究竟,3.45,1.356272,20
1297,郡主,1.96,1.098484,25
1298,冷藏,2.0,0.912871,25
1299,冷静,3.04,1.206924,25
1300,廉耻,3.08,1.22202,25
1301,录用,1.96,0.789515,25
1302,马桶,1.2,0.408248,25
1303,蟒蛇,1.12,0.331662,25
1304,梅雨,2.28,0.890693,25
1305,米粉,1.2,0.408248,25
1306,米酒,1.32,0.556776,25
1307,内应,2.791667,0.883627,24
1308,拟人,3.875,1.075922,24
1309,培育,3.08,1.037625,25
1310,媲美,3.291667,1.122078,24
1311,趋势,3.521739,1.16266,23
1312,取材,3.041667,1.041703,24
1313,确切,3.25,1.188715,24
1314,收监,2.0,0.648886,20
1315,手工,1.782609,0.902347,23
1316,水路,1.833333,0.816497,24
1317,说教,3.32,1.069268,25
1318,太庙,2.083333,0.928611,24
1319,坦白,2.875,1.115601,24
1320,炭疽,2.5,1.316561,16
1321,套用,3.583333,0.974308,24
1322,天才,3.041667,1.488482,24
1323,天价,3.24,1.422439,25
1324,甜蜜,3.166667,1.37261,24
1325,铁锈,1.48,0.770281,25
1326,偷窥,2.375,1.209114,24
1327,弯腰,1.52,0.918332,25
1328,腕力,2.68,1.375984,25
1329,为此,3.888889,0.758395,18
1330,围巾,1.36,0.7,25
1331,卫生,2.96,1.171893,25
1332,无业,2.28,0.890693,25
1333,舞台,1.84,1.067708,25
1334,戏剧,2.12,1.013246,25
1335,现况,3.12,1.013246,25
1336,享福,3.4,1.080123,25
1337,谢绝,2.541667,1.062367,24
1338,新春,2.48,1.294862,25
1339,虚弱,3.0,1.040833,25
1340,牙齿,1.2,0.408248,25
1341,胭脂,1.96,1.206924,25
1342,演习,2.333333,0.868115,24
1343,仰赖,3.608696,1.033051,23
1344,腰包,2.24,0.969536,25
1345,遥远,3.4,1.190238,25
1346,叶子,1.44,0.506623,25
1347,衣袖,1.4,0.707107,25
1348,遗忘,3.08,0.996661,25
1349,颐养,3.73913,0.963771,23
1350,倚靠,3.0,1.063219,24
1351,油价,1.96,0.934523,25
1352,幼虫,1.84,0.898146,25
1353,猿猴,1.36,0.637704,25
1354,掌握,3.333333,1.00722,24
1355,招生,2.44,1.083205,25
1356,植入,3.130435,1.099766,23
1357,治愈,2.916667,1.17646,24
1358,中奖,2.04,1.274101,25
1359,字画,1.52,0.714143,25
1360,傲慢,3.36,1.18603,25
1361,备注,2.92,0.996661,25
1362,背景,3.24,1.128421,25
1363,便当,1.958333,0.80645,24
1364,病床,1.6,0.763763,25
1365,差价,2.64,0.860233,25
1366,产地,2.2,1.118034,25
1367,昌盛,3.72,1.061446,25
1368,诚信,3.08,1.187434,25
1369,充血,2.608696,1.033051,23
1370,道具,1.76,0.663325,25
1371,动能,3.541667,1.178767,24
1372,房租,1.8,0.816497,25
1373,放逐,3.32,1.144552,25
1374,飞机,1.36,0.568624,25
1375,封杀,3.28,1.137248,25
1376,孵化,3.2,1.322876,25
1377,改变,3.56,1.157584,25
1378,高兴,2.666667,1.239448,24
1379,歌曲,1.92,1.037625,25
1380,格外,3.869565,0.919701,23
1381,拱桥,1.76,0.778888,25
1382,寡妇,1.68,0.748331,25
1383,管束,3.458333,0.883627,24
1384,光鲜,3.84,0.898146,25
1385,鬼才,3.666667,1.0495,24
1386,航海,2.04,0.978093,25
1387,互信,3.68,0.988264,25
1388,花式,3.826087,0.936734,23
1389,汇报,2.68,1.029563,25
1390,计谋,3.25,1.113162,24
1391,妓女,1.64,0.7,25
1392,将令,2.772727,1.109776,22
1393,浆糊,1.958333,1.082636,24
1394,交谈,2.6,1.190238,25
1395,交友,2.92,1.28841,25
1396,娇小,2.6,1.118034,25
1397,骄子,3.521739,1.201119,23
1398,节约,3.04,1.171893,25
1399,今年,1.791667,0.977093,24
1400,金表,1.32,0.476095,25
1401,静止,2.84,1.280625,25
1402,巨人,2.28,1.021437,25
1403,俱全,3.666667,1.167184,24
1404,决裂,3.08,1.077033,25
1405,绝食,2.208333,1.250362,24
1406,均等,3.26087,1.096167,23
1407,客栈,1.68,0.556776,25
1408,恐龙,1.64,0.7,25
1409,口供,2.458333,1.102533,24
1410,苦难,3.6,1.118034,25
1411,来世,3.708333,1.267629,24
1412,赖皮,3.0,1.285369,24
1413,牢房,1.56,0.583095,25
1414,乐队,1.68,0.627163,25
1415,雷达,1.68,1.029563,25
1416,利用,3.84,0.943398,25
1417,谅解,3.25,0.989071,24
1418,临摹,2.5,1.14208,24
1419,领先,3.2,1.080123,25
1420,路线,2.36,1.220656,25
1421,贸易,2.88,1.235584,25
1422,梅花,1.32,0.556776,25
1423,美化,3.708333,0.80645,24
1424,门帘,1.48,0.509902,25
1425,闷热,2.64,1.036018,25
1426,灭亡,2.8,1.290994,25
1427,民心,3.28,1.369915,25
1428,名称,2.32,1.10755,25
1429,明镜,2.772727,0.869144,22
1430,莫名,4.0,0.917663,20
1431,母鸡,1.24,0.522813,25
1432,纳粹,2.583333,1.212854,24
1433,疱疹,1.708333,0.858673,24
1434,起跑,2.68,0.945163,25
1435,气功,2.75,1.259745,24
1436,躯体,1.76,0.830662,25
1437,曲直,3.24,0.969536,25
1438,蜷曲,2.791667,1.102533,24
1439,染病,2.64,1.075484,25
1440,辱骂,2.32,0.988264,25
1441,入口,2.291667,1.160179,24
1442,散会,2.08,1.077033,25
1443,少许,3.333333,1.09014,24
1444,伸张,3.16,1.178983,25
1445,石窟,1.72,0.541603,25
1446,驶离,2.583333,0.829702,24
1447,授予,2.72,1.061446,25
1448,术语,2.791667,1.215092,24
1449,水流,2.08,1.037625,25
1450,铁定,3.625,1.209114,24
1451,铁路,1.36,0.489898,25
1452,外界,3.12,1.201388,25
1453,玩弄,3.478261,0.947224,23
1454,卫星,1.48,0.585947,25
1455,物理,3.12,1.615549,25
1456,相隔,3.217391,1.166055,23
1457,详情,2.92,1.187434,25
1458,鞋底,1.48,0.509902,25
1459,泻药,1.76,0.830662,25
1460,兴奋,2.958333,1.334465,24
1461,兴盛,3.44,1.260952,25
1462,休业,2.416667,1.059806,24
1463,羞涩,2.84,1.178983,25
1464,秀丽,3.36,1.18603,25
1465,厌倦,3.0,1.314257,23
1466,羊羔,1.56,0.650641,25
1467,妖怪,3.08,1.320353,25
1468,摇滚,2.8,1.322876,25
1469,野草,1.8,0.912871,25
1470,衣饰,2.0,0.912871,25
1471,引力,3.125,1.295897,24
1472,应酬,2.88,1.129897,25
1473,泳镜,1.4,0.57735,25
1474,诱骗,3.2,1.040833,25
1475,远离,2.791667,0.977093,24
1476,长寿,2.44,1.227464,25
1477,职级,2.583333,1.138904,24
1478,制造,2.48,1.159023,25
1479,众多,3.36,1.350309,25
1480,注资,2.666667,1.129319,24
1481,自由,3.6,1.118034,25
1482,作者,1.8,0.816497,25
1483,安定,3.055556,0.983999,36
1484,按压,1.944444,0.924104,36
1485,昂贵,2.371429,1.285341,35
1486,摆布,3.142857,0.974464,35
1487,报纸,1.085714,0.284029,35
1488,毕竟,3.852941,1.048299,34
1489,避孕,1.583333,0.731925,36
1490,编录,2.371429,1.165325,35
1491,步伐,2.027778,0.940702,36
1492,操场,1.194444,0.401386,36
1493,岔路,1.916667,1.155731,36
1494,抄查,2.848485,1.064225,33
1495,超龄,2.558824,1.02073,34
1496,赤字,2.666667,1.338532,33
1497,传播,2.888889,1.115547,36
1498,船舱,1.361111,0.542627,36
1499,大腿,1.277778,0.81455,36
1500,弹奏,2.055556,1.119807,36
1501,灯塔,1.472222,0.810154,36
1502,滴水,1.971429,1.014185,35
1503,掉换,2.944444,1.040452,36
1504,定夺,3.323529,1.036328,34
1505,斗嘴,2.166667,0.941124,36
1506,豆奶,1.194444,0.467177,36
1507,恩师,1.777778,0.865567,36
1508,法院,1.361111,0.63932,36
1509,封闭,2.888889,1.115547,36
1510,苟同,3.885714,1.022437,35
1511,挂钟,1.361111,0.682549,36
1512,棺材,1.222222,0.484686,36
1513,管道,1.611111,1.049565,36
1514,光圈,2.75,1.024695,36
1515,广义,4.15625,1.080901,32
1516,锅炉,1.527778,0.774084,36
1517,还有,3.625,1.128802,32
1518,黑客,2.472222,1.341345,36
1519,欢乐,2.888889,1.304449,36
1520,谎言,3.138889,1.150224,36
1521,贿赂,2.25,1.250714,36
1522,浑蛋,3.114286,1.231246,35
1523,决定,2.771429,1.086974,35
1524,卡通,2.277778,1.085255,36
1525,开枪,1.6,0.774597,35
1526,客人,1.638889,0.723198,36
1527,空中,2.444444,1.157447,36
1528,拉力,3.114286,1.231246,35
1529,礼法,3.527778,1.158475,36
1530,礼堂,1.666667,0.985611,36
1531,利诱,3.472222,1.108051,36
1532,连续,3.457143,1.220965,35
1533,零时,2.166667,1.253566,36
1534,领情,3.277778,1.13669,36
1535,龙门,3.807692,1.32723,26
1536,沦陷,3.454545,1.148121,33
1537,落泪,1.583333,0.691789,36
1538,朦胧,3.944444,0.892651,36
1539,迷惑,3.628571,1.05957,35
1540,绵羊,1.361111,0.682549,36
1541,那年,3.416667,1.105183,36
1542,浓缩,3.194444,1.090726,36
1543,皮毛,2.228571,1.031439,35
1544,匹夫,3.314286,1.078436,35
1545,票房,2.361111,1.046157,36
1546,评测,2.833333,1.055597,36
1547,气窗,2.484848,1.301951,33
1548,千金,2.542857,1.09391,35
1549,抢夺,2.583333,1.250714,36
1550,轻视,3.111111,1.189905,36
1551,圈子,3.457143,1.066684,35
1552,泉水,1.472222,0.696362,36
1553,热力,3.060606,1.087985,33
1554,入选,2.722222,1.085255,36
1555,鲨鱼,1.285714,0.518563,35
1556,上司,1.888889,0.918937,36
1557,生还,2.944444,1.217596,36
1558,圣火,2.638889,1.334226,36
1559,实在,3.285714,1.25021,35
1560,柿子,1.111111,0.39841,36
1561,收支,2.361111,1.046157,36
1562,挑夫,2.083333,1.204159,36
1563,通车,2.285714,1.152272,35
1564,退出,2.470588,1.160859,34
1565,网址,1.777778,1.124052,36
1566,望见,3.147059,1.184044,34
1567,蜗牛,1.257143,0.657216,35
1568,戏弄,3.555556,1.054093,36
1569,细胞,1.972222,1.108051,36
1570,下限,3.5,1.028175,36
1571,校友,1.611111,0.72812,36
1572,心病,3.705882,1.087934,34
1573,辛酸,3.485714,1.221653,35
1574,许愿,3.305556,1.283287,36
1575,蓄意,3.485714,1.121224,35
1576,漩涡,2.352941,1.177629,34
1577,牙缝,2.055556,1.169724,36
1578,仪式,3.027778,1.081959,36
1579,疫区,2.5,1.207122,36
1580,优化,3.583333,1.130739,36
1581,有机,3.363636,1.318574,33
1582,余兴,3.866667,0.681445,30
1583,渔船,1.277778,0.454257,36
1584,舆论,3.277778,1.256096,36
1585,原告,1.6,0.603909,35
1586,宰割,3.205882,1.174977,34
1587,造成,3.411765,0.891633,34
1588,樟脑,1.818182,1.102683,33
1589,昭示,3.205882,0.946426,34
1590,着重,3.527778,0.877858,36
1591,针对,3.285714,1.072968,35
1592,砧板,1.411765,0.74336,34
1593,争论,2.805556,1.009086,36
1594,蒸馏,2.314286,1.078436,35
1595,正方,2.771429,1.238731,35
1596,正规,3.0,1.242118,36
1597,纸杯,1.333333,0.676123,36
1598,智能,3.388889,1.102666,36
1599,钟情,3.529412,1.022039,34
1600,主人,2.0,1.028992,35
1601,主意,3.194444,1.214659,36
1602,主宰,3.166667,1.0,36
1603,琢磨,3.527778,1.081959,36
1604,姊妹,1.555556,0.908514,36
1605,棕榈,1.676471,1.036328,34
1606,最终,3.1875,1.090649,32
1607,安心,3.277778,1.13669,36
1608,包揽,3.416667,0.906327,36
1609,包扎,1.583333,0.649175,36
1610,弊病,3.527778,0.940702,36
1611,博士,1.944444,1.093995,36
1612,餐厅,1.277778,0.614636,36
1613,残留,3.166667,1.158817,36
1614,耻辱,3.333333,1.264911,36
1615,抽血,1.5,0.696932,36
1616,惆怅,4.194444,0.749074,36
1617,筹款,2.222222,0.929243,36
1618,出院,1.722222,0.741085,36
1619,触电,1.861111,0.899294,36
1620,从前,3.277778,1.300793,36
1621,打手,2.205882,0.913847,34
1622,单纯,3.527778,0.999603,36
1623,登报,1.771429,0.598317,35
1624,掉头,1.909091,0.84275,33
1625,顶住,2.969697,1.357499,33
1626,丢弃,2.611111,1.102666,36
1627,督促,3.138889,1.150224,36
1628,笃定,3.5,1.028175,36
1629,儿歌,1.722222,0.614636,36
1630,发芽,1.939394,0.933387,33
1631,放宽,3.085714,0.981338,35
1632,飞弹,2.235294,1.074747,34
1633,菲薄,3.971429,0.746983,35
1634,分外,4.060606,0.74747,33
1635,风景,2.228571,1.002518,35
1636,服饰,1.75,0.967323,36
1637,驸马,1.805556,0.950772,36
1638,干燥,2.722222,1.00317,36
1639,钢琴,1.194444,0.576663,36
1640,跟进,3.333333,0.956183,36
1641,篝火,1.638889,0.723198,36
1642,古老,3.361111,1.150224,36
1643,股息,2.6875,1.176038,32
1644,光耀,3.794118,0.97792,34
1645,棍棒,1.611111,0.72812,36
1646,好久,3.888889,0.918937,36
1647,河床,2.371429,1.262251,35
1648,贺礼,2.111111,0.820375,36
1649,黑发,1.472222,0.608798,36
1650,红尘,4.176471,0.796606,34
1651,红叶,1.514286,0.507093,35
1652,鸿沟,3.771429,1.031439,35
1653,怀抱,2.441176,1.106213,34
1654,惶恐,3.805556,1.009086,36
1655,毁约,2.583333,0.996422,36
1656,浇灌,2.171429,1.042782,35
1657,矫正,2.777778,1.01731,36
1658,结果,2.888889,1.368582,36
1659,近亲,2.361111,0.833333,36
1660,敬酒,2.027778,0.844685,36
1661,拘束,3.571429,1.037126,35
1662,局长,1.742857,1.010034,35
1663,句子,2.027778,1.055221,36
1664,倦怠,3.583333,1.105183,36
1665,空想,3.888889,1.035865,36
1666,控告,2.555556,0.908514,36
1667,口试,2.305556,1.009086,36
1668,乐天,3.764706,1.074747,34
1669,类似,3.647059,0.917254,34
1670,流氓,2.222222,1.149189,36
1671,漏斗,1.638889,0.798312,36
1672,陆军,1.6,0.774597,35
1673,冒险,3.25,0.996422,36
1674,眉目,2.444444,0.969372,36
1675,末代,3.0,1.111438,35
1676,内阁,2.515152,1.148945,33
1677,逆流,2.885714,0.900047,35
1678,诺言,3.5,1.183216,36
1679,趴下,1.777778,0.760117,36
1680,庞大,3.057143,1.186762,35
1681,旁边,2.529412,0.960912,34
1682,刨冰,1.833333,0.774597,36
1683,破财,2.944444,1.119807,36
1684,绮丽,3.833333,0.845154,36
1685,窃听,2.222222,0.988826,36
1686,燃烧,2.057143,1.083102,35
1687,认识,2.972222,1.133543,36
1688,若干,3.794118,0.880062,34
1689,色情,2.685714,1.131668,35
1690,霎时,3.411765,1.157784,34
1691,胜负,2.470588,0.991946,34
1692,石灰,1.416667,0.554205,36
1693,示意,3.114286,0.932152,35
1694,收条,1.742857,0.81684,35
1695,手肘,1.444444,0.606839,36
1696,首航,2.333333,1.121224,36
1697,输入,2.361111,0.899294,36
1698,水压,2.222222,1.124052,36
1699,索引,2.527778,1.443925,36
1700,太极,2.527778,1.298045,36
1701,唐突,3.611111,0.964447,36
1702,条件,3.028571,1.150082,35
1703,统计,2.666667,1.069045,36
1704,土气,3.485714,1.067472,35
1705,婉拒,3.361111,1.099423,36
1706,袭击,2.514286,1.094678,35
1707,下棋,1.571429,0.654654,35
1708,现身,2.628571,1.031439,35
1709,效用,3.228571,1.113704,35
1710,醒目,3.111111,1.236996,36
1711,性感,3.361111,1.150224,36
1712,丫头,2.2,0.90098,35
1713,押送,2.485714,1.147156,35
1714,炎夏,2.444444,1.205806,36
1715,钥匙,1.166667,0.560612,36
1716,忧虑,3.666667,0.861892,36
1717,游泳,1.527778,0.654047,36
1718,远航,2.857143,1.115212,35
1719,云海,2.888889,1.189905,36
1720,澡堂,1.361111,0.487136,36
1721,长处,2.972222,1.055221,36
1722,着火,1.805556,0.786291,36
1723,真迹,2.638889,1.01848,36
1724,郑重,3.428571,0.884032,35
1725,之际,4.03125,0.932716,32
1726,知己,3.111111,1.213679,36
1727,质疑,3.342857,1.083102,35
1728,中医,1.722222,0.778684,36
1729,注册,2.416667,1.024695,36
1730,哀痛,2.966667,1.376736,30
1731,白色,1.633333,0.927857,30
1732,背弃,3.172414,1.136064,29
1733,本校,1.933333,0.73968,30
1734,笨蛋,2.6,1.275769,30
1735,壁虎,1.4,0.932183,30
1736,变化,3.62069,1.082781,29
1737,别称,3.0,1.082781,30
1738,波纹,2.8,1.349329,30
1739,草地,1.3,0.466092,30
1740,畅销,3.1,1.213431,30
1741,成亲,1.966667,0.889918,30
1742,驰骋,3.2,1.063501,30
1743,充分,3.733333,0.868345,30
1744,崇拜,3.933333,0.583292,30
1745,初赛,2.233333,0.971431,30
1746,传颂,3.466667,0.937102,30
1747,船主,1.566667,0.727932,30
1748,垂柳,1.6,0.894427,30
1749,辞典,1.666667,0.994236,30
1750,错觉,3.766667,1.072648,30
1751,打量,3.233333,1.006302,30
1752,大义,3.933333,1.014833,30
1753,担忧,3.3,1.149213,30
1754,岛屿,1.3,0.466092,30
1755,地位,3.6,1.069966,30
1756,弟兄,1.866667,0.973204,30
1757,东方,2.551724,1.1828,29
1758,董事,2.107143,0.875142,28
1759,法案,2.366667,1.159171,30
1760,分母,2.3,1.342925,30
1761,愤慨,3.233333,1.194335,30
1762,芙蓉,2.2,1.349329,30
1763,概念,4.1,1.184672,30
1764,甘心,3.9,0.711967,30
1765,刚毅,3.5,1.008584,30
1766,古堡,1.466667,0.571346,30
1767,骨气,3.933333,1.014833,30
1768,含义,4.0,0.963624,29
1769,好像,4.214286,0.994695,28
1770,合唱,1.8,0.714384,30
1771,恒星,1.7,0.876907,30
1772,互补,3.633333,1.0662,30
1773,回赠,2.866667,1.136642,30
1774,昏倒,1.866667,0.973204,30
1775,火车,1.133333,0.345746,30
1776,记录,2.533333,1.105888,30
1777,间断,3.551724,0.909718,29
1778,碱性,2.466667,0.937102,30
1779,交配,2.137931,0.833415,29
1780,教徒,1.9,0.994814,30
1781,井底,2.033333,1.159171,30
1782,居留,2.964286,1.104943,28
1783,拒捕,2.133333,0.973204,30
1784,空心,2.678571,1.055973,28
1785,里头,3.357143,1.061595,28
1786,浏览,2.566667,1.040004,30
1787,掳掠,2.933333,1.080655,30
1788,露天,2.0,0.755929,29
1789,履带,2.178571,1.306779,28
1790,率领,3.137931,1.059789,29
1791,蜜月,2.766667,1.304722,30
1792,名医,2.033333,0.964305,30
1793,内衣,1.366667,0.668675,30
1794,孽障,3.633333,0.999425,30
1795,泡沫,2.517241,1.29892,29
1796,凭据,2.466667,1.166585,30
1797,漆黑,2.366667,1.129032,30
1798,情侣,1.466667,0.62881,30
1799,让位,2.9,0.994814,30
1800,日本,1.2,0.484234,30
1801,冗员,3.178571,1.188013,28
1802,乳酪,1.366667,0.556053,30
1803,山沟,1.633333,0.850287,30
1804,闪亮,3.1,0.994814,30
1805,讪笑,2.896552,1.080503,29
1806,绅士,2.344828,1.142549,29
1807,生意,2.533333,1.105888,30
1808,失去,3.4,1.003442,30
1809,师傅,1.9,0.959526,30
1810,市场,2.866667,1.407696,30
1811,顺利,3.4,0.932183,30
1812,司法,2.793103,1.346406,29
1813,寺院,1.6,0.855006,30
1814,送行,2.433333,1.006302,30
1815,提拔,3.0,0.946864,30
1816,天文,2.333333,0.994236,30
1817,听命,3.241379,0.987608,29
1818,投身,3.517241,0.98636,29
1819,秃头,1.37931,0.621852,29
1820,驼背,1.333333,0.546672,30
1821,王法,3.1,1.213431,30
1822,文武,2.965517,1.349147,29
1823,问卷,1.633333,0.850287,30
1824,窝藏,3.166667,0.985527,30
1825,屋顶,1.4,0.563242,30
1826,无边,4.266667,0.907187,30
1827,献花,2.241379,0.987608,29
1828,小说,1.866667,1.105888,30
1829,鞋子,1.266667,0.449776,30
1830,写生,2.766667,1.304722,30
1831,薪水,1.8,0.886683,30
1832,幸会,3.566667,0.8172,30
1833,绣花,1.866667,0.860366,30
1834,询问,2.533333,1.041661,30
1835,依旧,3.833333,0.833908,30
1836,已经,3.833333,0.985527,30
1837,因此,3.689655,1.003688,29
1838,硬汉,2.4,1.003442,30
1839,邮票,1.366667,0.808717,30
1840,寓言,3.206897,1.372675,29
1841,原作,2.2,1.242911,30
1842,月薪,1.733333,0.944433,30
1843,杂念,3.833333,1.053183,30
1844,再婚,1.933333,0.868345,30
1845,在逃,2.733333,0.944433,30
1846,榨取,3.310345,1.105294,29
1847,崭新,2.9,1.155198,30
1848,正轨,3.448276,1.055131,29
1849,至今,3.433333,1.040004,30
1850,仲裁,2.7,1.055364,30
1851,烛光,1.833333,0.833908,30
1852,住址,1.733333,0.980265,30
1853,总务,3.275862,1.161789,29
1854,薄荷,1.766667,0.971431,30
1855,本质,3.766667,1.072648,30
1856,笔名,1.9,0.884736,30
1857,并用,3.333333,0.844182,30
1858,不安,3.533333,1.105888,30
1859,不法,3.517241,1.021927,29
1860,不均,3.766667,0.8172,30
1861,采取,3.366667,1.0662,30
1862,操作,2.6,0.968468,30
1863,潮汐,1.866667,1.008014,30
1864,成见,3.466667,1.074255,30
1865,穿透,3.1,1.124952,30
1866,簇拥,2.933333,1.048261,30
1867,存在,3.333333,1.295439,30
1868,代劳,3.1,0.994814,30
1869,代替,2.9,1.124952,30
1870,带走,2.366667,1.033352,30
1871,导师,1.4,0.621455,30
1872,祷告,2.966667,1.0662,30
1873,等候,2.733333,1.142693,30
1874,掉包,2.392857,0.99403,28
1875,谍报,2.466667,1.008014,30
1876,钉鞋,1.724138,1.031523,29
1877,短跑,1.5,0.629724,30
1878,多事,3.862069,0.7894,29
1879,发功,3.785714,1.066567,28
1880,发音,2.633333,1.129032,30
1881,反悔,3.266667,1.201532,30
1882,返航,2.2,0.996546,30
1883,饭菜,1.7,0.952311,30
1884,范本,2.3,1.263547,30
1885,房东,1.366667,0.556053,30
1886,焚化,2.3,1.022168,30
1887,蜂鸟,1.366667,0.808717,30
1888,奉劝,3.266667,1.014833,30
1889,付钱,1.766667,0.773854,30
1890,鼓声,1.833333,0.791478,30
1891,故事,2.6,1.275769,30
1892,广博,3.965517,1.209568,29
1893,海浪,1.533333,0.681445,30
1894,好评,2.633333,1.272612,30
1895,患难,3.3,0.987857,30
1896,浑浊,3.233333,0.971431,30
1897,甲等,3.137931,1.245682,29
1898,饺子,1.233333,0.430183,30
1899,教会,1.896552,1.046928,29
1900,借鉴,3.344828,1.009804,29
1901,经理,1.933333,0.827682,30
1902,警告,2.9,1.028893,30
1903,径赛,2.034483,0.981353,29
1904,具备,3.833333,0.949894,30
1905,崛起,3.633333,1.159171,30
1906,苛刻,3.633333,1.129032,30
1907,跨越,3.166667,1.085431,30
1908,困惑,3.833333,1.085431,30
1909,罹难,3.034483,1.051623,29
1910,丽人,2.733333,1.201532,30
1911,裂缝,1.896552,0.939028,29
1912,灵气,4.133333,1.074255,30
1913,零食,1.633333,0.76489,30
1914,留下,2.933333,1.142693,30
1915,硫酸,1.433333,0.727932,30
1916,路牌,1.5,0.572351,30
1917,落入,3.233333,1.006302,30
1918,帽子,1.233333,0.430183,30
1919,没落,3.566667,0.971431,30
1920,面条,1.266667,0.449776,30
1921,民主,4.1,0.922889,30
1922,木材,1.566667,0.626062,30
1923,木屐,1.5,0.973795,30
1924,恼恨,3.733333,1.112107,30
1925,念旧,3.766667,1.194335,30
1926,捏造,3.62069,0.902924,29
1927,女友,1.6,0.770132,30
1928,徘徊,3.533333,1.008014,30
1929,配乐,2.233333,1.135124,30
1930,评分,2.4,1.003442,30
1931,屏风,1.533333,0.973204,30
1932,欺诈,3.033333,1.0662,30
1933,奇迹,4.0,0.982607,30
1934,敲门,1.8,0.761124,30
1935,侵蚀,3.206897,1.145778,29
1936,情感,3.7,1.290549,30
1937,曲率,3.074074,1.356634,27
1938,认领,2.766667,0.935261,30
1939,散心,2.7,1.263547,30
1940,山脊,1.6,0.813676,30
1941,商机,3.1,1.09387,30
1942,奢侈,3.466667,1.195778,30
1943,神似,4.310345,0.806379,29
1944,圣坛,2.433333,1.250747,30
1945,时钟,1.333333,0.546672,30
1946,受到,3.928571,0.978607,28
1947,书院,1.5,0.629724,30
1948,舒展,3.333333,0.884087,30
1949,思维,4.266667,1.014833,30
1950,碎石,1.689655,0.712313,29
1951,泰文,1.37931,0.56149,29
1952,探戈,1.896552,1.046928,29
1953,同名,2.448276,1.020721,29
1954,囤积,2.896552,1.144703,29
1955,完全,3.896552,1.144703,29
1956,乌鸦,1.133333,0.345746,30
1957,相公,1.586207,0.627765,29
1958,消灭,3.366667,1.0662,30
1959,校正,3.1,0.959526,30
1960,淹没,2.833333,1.147211,30
1961,义工,1.633333,0.718395,30
1962,荫凉,2.433333,1.222866,30
1963,音速,2.666667,1.397864,30
1964,饮泣,3.076923,1.055389,26
1965,印度,1.166667,0.379049,30
1966,迎战,2.7,1.055364,30
1967,云霄,2.333333,1.124441,30
1968,云游,3.5,1.105542,28
1969,运输,2.333333,1.124441,30
1970,争气,4.033333,0.964305,30
1971,重心,2.933333,0.980265,30
1972,猪脚,1.433333,0.85836,30
1973,转身,2.233333,0.897634,30
1974,转移,3.033333,1.188547,30
1975,撰写,2.733333,1.014833,30
1976,罪证,2.066667,0.980265,30
1977,扒手,1.583333,0.829702,24
1978,拜金,3.291667,1.160179,24
1979,班次,2.375,0.969648,24
1980,悲叹,3.833333,1.09014,24
1981,补足,3.130435,1.140349,23
1982,擦伤,1.708333,0.550033,24
1983,彩虹,1.541667,0.931533,24
1984,参赛,2.041667,1.041703,24
1985,操守,3.695652,0.926125,23
1986,超过,3.375,1.095941,24
1987,成全,3.333333,1.274044,24
1988,承蒙,3.958333,0.750604,24
1989,程序,2.541667,1.284664,24
1990,传统,3.458333,1.284664,24
1991,创新,3.708333,1.122078,24
1992,粗鲁,2.826087,1.266785,23
1993,存档,2.25,1.151558,24
1994,答复,2.521739,1.038774,23
1995,当差,2.708333,1.041703,24
1996,点火,1.541667,0.58823,24
1997,洞房,2.541667,1.102533,24
1998,对应,3.454545,1.184313,22
1999,发展,3.833333,0.963087,24
2000,翻转,2.478261,0.947224,23
2001,风光,3.416667,1.348644,24
2002,符号,2.375,1.13492,24
2003,附属,3.173913,1.029217,23
2004,复制,2.666667,1.167184,24
2005,柑橘,1.208333,0.414851,24
2006,共生,3.772727,0.972567,22
2007,孤儿,1.5,0.884652,24
2008,管辖,2.708333,0.954585,24
2009,管用,3.217391,1.204406,23
2010,归位,3.565217,1.308229,23
2011,过问,3.208333,1.062367,24
2012,函授,3.190476,1.077917,21
2013,行规,2.916667,1.282547,24
2014,好运,3.304348,1.550214,23
2015,后人,2.608696,1.033051,23
2016,狐狸,1.458333,0.931533,24
2017,话柄,3.0,1.234427,22
2018,怀孕,1.333333,0.56466,24
2019,幻觉,3.916667,0.974308,24
2020,皇族,2.608696,1.196173,23
2021,棘手,3.25,1.032094,24
2022,佳绩,2.875,1.115601,24
2023,简报,2.041667,0.858673,24
2024,见解,3.217391,1.204406,23
2025,骄横,3.416667,1.138904,24
2026,今天,1.833333,1.129319,24
2027,进步,2.916667,1.348644,24
2028,晋升,2.5,1.063219,24
2029,竞争,3.208333,0.931533,24
2030,矩形,1.916667,1.212854,24
2031,诀窍,3.5,0.834058,24
2032,铠甲,1.666667,0.868115,24
2033,浪潮,2.958333,1.334465,24
2034,厉鬼,3.666667,1.09014,24
2035,令牌,1.791667,0.883627,24
2036,论述,2.916667,1.282547,24
2037,满月,2.090909,0.921132,22
2038,内在,3.958333,1.122078,24
2039,迫害,3.130435,1.099766,23
2040,蒲团,2.086957,1.23998,23
2041,气管,1.521739,0.593109,23
2042,燃点,3.041667,1.267629,24
2043,认同,3.291667,1.232853,24
2044,绒布,1.625,0.969648,24
2045,融资,2.666667,1.0495,24
2046,圣徒,2.73913,0.915393,23
2047,失约,2.833333,1.129319,24
2048,世态,3.5,1.414214,24
2049,试图,3.708333,0.858673,24
2050,守约,2.708333,1.041703,24
2051,刷新,2.5,1.103355,24
2052,水箱,1.375,0.646899,24
2053,随后,3.625,1.095941,24
2054,套话,3.208333,1.102533,24
2055,提款,1.791667,0.72106,24
2056,体操,1.708333,0.954585,24
2057,体制,3.083333,1.138904,24
2058,天伦,3.75,1.188715,24
2059,条文,2.695652,1.105144,23
2060,通婚,2.708333,1.160179,24
2061,投降,2.25,1.293798,24
2062,涂抹,2.041667,1.082636,24
2063,网罗,4.090909,0.75018,22
2064,威力,3.708333,0.999094,24
2065,伟人,2.666667,1.307725,24
2066,温泉,1.541667,0.58823,24
2067,巫师,2.458333,1.318074,24
2068,蜈蚣,1.208333,0.508977,24
2069,物品,2.375,1.312565,24
2070,西餐,1.708333,1.122078,24
2071,西装,1.416667,0.717282,24
2072,希冀,3.916667,0.829702,24
2073,仙女,3.458333,1.444003,24
2074,陷害,3.25,1.151558,24
2075,小气,3.333333,1.129319,24
2076,形迹,3.375,0.923721,24
2077,休克,2.083333,0.974308,24
2078,休息,2.291667,0.999094,24
2079,牙医,1.333333,0.481543,24
2080,眼袋,1.375,0.575779,24
2081,羊群,1.5,0.780189,24
2082,阳伞,1.652174,0.884652,23
2083,夜校,2.125,0.899879,24
2084,以后,3.708333,1.082636,24
2085,萦绕,4.217391,0.599736,23
2086,悠闲,3.625,0.824226,24
2087,油门,1.625,0.575779,24
2088,云集,3.583333,0.974308,24
2089,赞颂,3.304348,1.105144,23
2090,渣滓,3.26087,1.251086,23
2091,丈量,2.458333,0.977093,24
2092,针灸,1.625,0.76967,24
2093,珍惜,3.833333,0.916831,24
2094,政策,2.227273,1.151885,22
2095,支架,1.833333,1.0495,24
2096,抓捕,2.083333,0.928611,24
2097,字义,2.916667,1.138904,24
2098,总站,2.136364,1.082126,22
2099,最近,3.458333,1.284664,24
2100,左右,2.375,1.209114,24
2101,把柄,2.958333,1.197068,24
2102,变迁,3.291667,0.999094,24
2103,布衣,2.208333,0.931533,24
2104,藏身,2.652174,1.027295,23
2105,策划,2.869565,1.099766,23
2106,铲除,3.0,1.087115,23
2107,阐述,3.391304,0.940944,23
2108,车尾,1.583333,0.50361,24
2109,尺度,2.958333,1.160179,24
2110,丑闻,3.041667,1.082636,24
2111,初恋,2.833333,1.37261,24
2112,厨房,1.416667,0.717282,24
2113,打骂,2.0,0.834058,24
2114,大牢,1.791667,0.832971,24
2115,大路,1.833333,0.868115,24
2116,低等,3.541667,1.020621,24
2117,电灯,1.375,0.710939,24
2118,动机,3.625,1.209114,24
2119,短处,3.333333,1.167184,24
2120,罚款,2.0,0.722315,24
2121,犯案,2.416667,0.974308,24
2122,绯闻,3.25,1.224745,24
2123,分手,2.541667,0.977093,24
2124,丰厚,3.875,1.075922,24
2125,服装,1.541667,0.72106,24
2126,感应,3.791667,1.178767,24
2127,割断,2.208333,0.883627,24
2128,给予,2.958333,1.041703,24
2129,鼓噪,3.5,1.336306,22
2130,归类,3.347826,1.228772,23
2131,贵族,2.416667,1.17646,24
2132,滚蛋,2.958333,1.160179,24
2133,果汁,1.541667,0.779028,24
2134,含量,3.208333,1.020621,24
2135,贺词,2.041667,0.999094,24
2136,候诊,2.166667,0.816497,24
2137,花展,2.041667,0.907896,24
2138,化身,4.041667,0.858673,24
2139,践踏,3.458333,0.883627,24
2140,金箔,1.583333,0.583592,24
2141,桔梗,1.666667,0.761387,24
2142,眷恋,4.0,0.65938,24
2143,开刀,2.086957,0.949308,23
2144,开会,1.875,0.850192,24
2145,牢狱,1.708333,0.954585,24
2146,礼物,1.956522,1.065076,23
2147,零件,1.869565,0.757049,23
2148,搂抱,2.083333,0.653863,24
2149,猛攻,2.875,0.991814,24
2150,敏感,4.083333,1.017955,24
2151,瞑目,3.583333,1.380506,24
2152,命令,2.652174,1.152416,23
2153,模式,3.347826,1.368765,23
2154,摩登,3.652174,1.433644,23
2155,目的,3.208333,1.250362,24
2156,尿布,1.458333,0.883627,24
2157,挪用,2.875,0.991814,24
2158,盘古,3.608696,1.437774,23
2159,旁白,2.73913,1.096167,23
2160,跑道,1.375,0.494535,24
2161,蓬松,3.375,1.013496,24
2162,飘零,3.826087,1.072473,23
2163,瓶颈,3.041667,1.301476,24
2164,破戒,3.5,1.14208,24
2165,企盼,3.708333,0.907896,24
2166,茄子,1.25,0.675664,24
2167,权柄,3.521739,1.238385,23
2168,溶解,2.625,1.095941,24
2169,蹂躏,3.625,1.013496,24
2170,僧人,1.416667,0.717282,24
2171,膳食,2.166667,0.761387,24
2172,商界,2.916667,1.138904,24
2173,商谈,3.083333,1.100066,24
2174,上手,3.416667,1.100066,24
2175,上瘾,3.625,1.209114,24
2176,伸冤,3.25,1.073394,24
2177,神灯,3.125,1.596532,24
2178,食物,1.956522,0.928256,23
2179,食欲,3.416667,1.17646,24
2180,书信,1.583333,0.583592,24
2181,枢纽,2.791667,1.062367,24
2182,水解,3.173913,1.029217,23
2183,说笑,2.583333,1.017955,24
2184,撕裂,2.869565,1.217462,23
2185,松驰,3.875,0.740887,24
2186,松紧,3.25,1.073394,24
2187,速度,3.166667,1.00722,24
2188,听说,3.857143,1.062342,21
2189,稀薄,3.708333,0.907896,24
2190,狭隘,4.0,1.021508,24
2191,吓倒,3.434783,1.236788,23
2192,贤良,3.583333,1.017955,24
2193,羡慕,4.083333,0.829702,24
2194,乡村,1.833333,0.868115,24
2195,协调,3.434783,0.843482,23
2196,心动,3.75,0.944089,24
2197,心急,3.208333,1.178767,24
2198,心声,3.75,1.113162,24
2199,刑罚,2.434783,1.03687,23
2200,形状,2.708333,1.267629,24
2201,虚惊,3.833333,0.868115,24
2202,学术,3.416667,1.17646,24
2203,雅典,2.125,1.454005,24
2204,要求,3.391304,1.033051,23
2205,遗传,3.25,1.293798,24
2206,音符,2.166667,1.00722,24
2207,银色,1.833333,1.0495,24
2208,幽禁,3.826087,1.072473,23
2209,预言,3.916667,0.974308,24
2210,冤枉,3.458333,1.102533,24
2211,员工,1.5,0.589768,24
2212,载客,2.208333,1.020621,24
2213,瘴气,2.291667,1.160179,24
2214,招认,3.136364,1.125271,22
2215,昭彰,4.285714,0.64365,21
2216,照明,1.958333,0.858673,24
2217,征婚,2.041667,0.858673,24
2218,政变,2.458333,1.102533,24
2219,只是,3.777778,1.21537,18
2220,职责,2.478261,1.122884,23
2221,指标,2.409091,1.098011,22
2222,庄子,1.565217,0.945135,23
2223,自信,3.541667,0.931533,24
2224,被单,1.269231,0.533494,26
2225,驳斥,2.884615,1.17735,26
2226,博客,2.0,1.16619,26
2227,补习,2.576923,1.172112,26
2228,捕头,1.961538,1.182566,26
2229,不才,4.0,0.872872,22
2230,布置,2.730769,1.372813,26
2231,草莓,1.115385,0.431455,26
2232,厕所,1.230769,0.429669,26
2233,茶杯,1.230769,0.429669,26
2234,查问,3.269231,1.002305,26
2235,忏悔,3.5,1.067708,26
2236,沉重,3.68,1.10755,25
2237,承保,3.875,0.991814,24
2238,冲浪,2.038462,1.03849,26
2239,充电,2.24,1.2,25
2240,充满,3.28,1.173314,25
2241,抽查,2.884615,0.993053,26
2242,出马,3.769231,0.951113,26
2243,初次,2.538462,1.240347,26
2244,当中,3.291667,1.041703,24
2245,巅峰,3.192308,1.132051,26
2246,动脉,2.0,0.866025,25
2247,独自,2.615385,1.09825,26
2248,杜鹃,1.576923,1.02657,26
2249,多情,3.730769,1.115623,26
2250,反射,3.038462,1.182566,26
2251,返回,2.807692,1.16685,26
2252,沸水,1.692308,0.549125,26
2253,风趣,3.653846,0.977438,26
2254,各国,2.6,1.040833,25
2255,公鸡,1.192308,0.633671,26
2256,公立,3.230769,1.176697,26
2257,光速,2.5,1.421267,26
2258,鬼怪,3.36,1.468559,25
2259,果断,3.36,1.220656,25
2260,号外,3.44,1.121011,25
2261,胡桃,1.615385,0.941357,26
2262,护卫,2.5,1.208305,26
2263,涣散,3.807692,0.938903,26
2264,皇冠,1.807692,0.849434,26
2265,谎话,3.153846,1.222859,26
2266,悔恨,3.44,1.003328,25
2267,火球,2.115385,0.816182,26
2268,机关,2.875,1.153916,24
2269,机能,4.0,1.019804,26
2270,即时,3.28,1.021437,25
2271,忌讳,3.461538,1.174079,26
2272,继任,3.269231,1.250846,26
2273,佳人,2.923077,1.163549,26
2274,交战,2.423077,1.172112,26
2275,接收,2.807692,1.200641,26
2276,睫毛,1.230769,0.429669,26
2277,紧接,3.769231,0.908083,26
2278,经常,3.2,1.154701,25
2279,精算,3.44,1.044031,25
2280,举动,3.461538,1.103839,26
2281,诀别,2.884615,1.107318,26
2282,开方,3.272727,1.351606,22
2283,空间,3.538462,1.30325,26
2284,口号,2.4,1.190238,25
2285,夸张,3.769231,1.031802,26
2286,老公,1.423077,0.503831,26
2287,栗子,1.153846,0.367946,26
2288,灵活,3.576923,1.064822,26
2289,埋葬,2.28,1.021437,25
2290,毛利,2.84,1.280625,25
2291,梦遗,3.153846,1.37673,26
2292,秘史,3.538462,1.103839,26
2293,名次,2.24,1.2,25
2294,母爱,3.423077,1.270372,26
2295,年历,2.153846,1.084152,26
2296,碾碎,2.538462,1.103839,26
2297,辟谣,3.307692,0.970329,26
2298,拼搏,3.461538,1.207668,26
2299,品行,3.807692,1.265519,26
2300,请帖,1.692308,0.928191,26
2301,全集,2.923077,1.262476,26
2302,柔道,1.84,0.85049,25
2303,奢望,4.038462,0.773603,26
2304,守寡,2.576923,1.36156,26
2305,帅气,3.230769,1.365509,26
2306,私心,3.576923,1.301478,26
2307,伺候,3.076923,1.197433,26
2308,所有,3.391304,1.437774,23
2309,坍方,2.230769,1.142198,26
2310,梯级,2.846154,1.433661,26
2311,通病,3.615385,0.941357,26
2312,同意,2.68,1.069268,25
2313,童谣,2.038462,0.823688,26
2314,枉然,4.083333,0.829702,24
2315,无比,4.391304,0.583027,23
2316,吸烟,1.307692,0.470679,26
2317,先人,2.6,1.322876,25
2318,显露,3.576923,1.238485,26
2319,显示,2.884615,1.210848,26
2320,限制,3.115385,1.275207,26
2321,想象,4.153846,0.833897,26
2322,象征,3.884615,1.107318,26
2323,消化,3.038462,1.112862,26
2324,邪念,4.038462,1.112862,26
2325,泄密,3.076923,1.262476,26
2326,谢罪,2.807692,1.059027,26
2327,新月,2.363636,1.328997,22
2328,性命,2.730769,1.34336,26
2329,旭日,2.076923,1.055389,26
2330,筵席,2.12,0.781025,25
2331,妖艳,3.384615,1.267341,26
2332,旖旎,3.909091,1.230915,22
2333,议员,1.884615,0.863802,26
2334,意见,3.0,1.095445,26
2335,引号,2.666667,1.578846,24
2336,永远,4.115385,1.107318,26
2337,游击,3.115385,0.951921,26
2338,娱乐,3.038462,1.112862,26
2339,榆树,1.230769,0.429669,26
2340,悦耳,3.692308,1.225373,26
2341,贼船,3.32,1.144552,25
2342,摘除,2.692308,1.049542,26
2343,召见,2.923077,1.092633,26
2344,中立,2.92,0.953939,25
2345,皱纹,1.538462,0.706018,26
2346,足金,2.2,1.040833,25
2347,坐标,2.730769,1.218448,26
2348,壁球,1.666667,1.0495,24
2349,差役,2.68,1.281926,25
2350,缠绕,3.230769,1.242826,26
2351,超支,3.0,1.16619,26
2352,称心,3.923077,1.262476,26
2353,迟疑,3.692308,1.158248,26
2354,出发,2.846154,1.189699,26
2355,出航,2.576923,1.205755,26
2356,除掉,3.4,1.0,25
2357,大厅,1.346154,0.485165,26
2358,胆怯,3.6,1.080123,25
2359,动感,4.076923,0.97665,26
2360,遏止,3.576923,1.064822,26
2361,反击,3.192308,1.386196,26
2362,个体,2.461538,1.174079,26
2363,古人,2.653846,1.412581,26
2364,故意,3.615385,1.168826,26
2365,刮痧,1.807692,1.020558,26
2366,归纳,3.692308,1.010712,26
2367,国策,2.923077,1.293772,26
2368,果糖,1.730769,0.874423,26
2369,海港,1.730769,1.002305,26
2370,会考,2.769231,1.335895,26
2371,混淆,4.038462,0.773603,26
2372,记念,3.708333,0.999094,24
2373,记忆,3.538462,1.066987,26
2374,祭祀,2.692308,1.257592,26
2375,甲板,1.5,0.583095,26
2376,监督,3.269231,1.079173,26
2377,减少,3.28,1.24231,25
2378,娇纵,3.375,1.13492,24
2379,椒盐,1.538462,0.904689,26
2380,接受,3.0,1.16619,26
2381,节俭,3.115385,1.17735,26
2382,节制,3.615385,1.134087,26
2383,借口,3.576923,0.986836,26
2384,进驻,3.36,0.994987,25
2385,警犬,1.346154,0.845804,26
2386,捐助,2.576923,0.986836,26
2387,开水,1.461538,0.859338,26
2388,空置,2.961538,0.915675,26
2389,口吃,2.384615,0.941357,26
2390,口罩,1.307692,0.679366,26
2391,旷课,2.192308,0.938903,26
2392,烂泥,2.538462,1.240347,26
2393,老友,2.192308,1.059027,26
2394,雷暴,2.461538,1.33359,26
2395,淋漓,4.173913,0.886883,23
2396,楼梯,1.384615,0.571099,26
2397,论坛,2.56,1.044031,25
2398,逻辑,4.0,1.080123,25
2399,马车,1.5,0.648074,26
2400,买卖,3.153846,1.120439,26
2401,门牌,1.461538,0.859338,26
2402,蒙冤,3.846154,0.833897,26
2403,面额,2.423077,1.205755,26
2404,面试,2.230769,1.142198,26
2405,民族,2.461538,1.174079,26
2406,泯灭,3.916667,0.880547,24
2407,末世,3.956522,1.106931,23
2408,墓地,1.846154,1.120439,26
2409,难过,3.615385,1.134087,26
2410,难受,3.807692,1.132051,26
2411,年青,2.961538,1.148243,26
2412,女仆,1.961538,0.870897,26
2413,排队,2.4,1.040833,25
2414,判决,3.0,1.232883,26
2415,陪葬,2.807692,1.132051,26
2416,膨胀,3.807692,1.16685,26
2417,谦让,3.576923,1.101747,26
2418,嵌入,3.346154,1.056118,26
2419,亲自,2.64,1.150362,25
2420,庆典,2.653846,1.383974,26
2421,驱动,3.84,0.746101,25
2422,全能,3.576923,1.137474,26
2423,全心,3.923077,0.744208,26
2424,荣华,4.08,0.909212,25
2425,入味,3.576923,1.238485,26
2426,三维,3.4,1.290994,25
2427,商店,1.615385,0.941357,26
2428,上流,3.64,0.95219,25
2429,哨兵,1.576923,0.757526,26
2430,舍得,3.807692,0.938903,26
2431,肾脏,1.384615,0.571099,26
2432,拾取,3.307692,1.158248,26
2433,示众,3.076923,1.383418,26
2434,事实,3.44,1.227464,25
2435,手铐,1.346154,0.689481,26
2436,肃静,3.423077,0.986836,26
2437,算计,3.88,0.927362,25
2438,特权,3.64,1.075484,25
2439,体验,4.076923,1.128648,26
2440,铁蹄,2.692308,1.378963,26
2441,涂鸦,2.807692,1.414757,26
2442,屠夫,1.769231,1.031802,26
2443,弯曲,2.730769,1.218448,26
2444,为难,4.0,0.938083,26
2445,维护,3.36,1.150362,25
2446,维修,2.615385,1.29852,26
2447,响应,3.961538,0.915675,26
2448,向导,2.56,1.293574,25
2449,小孩,1.807692,0.938903,26
2450,性别,1.923077,1.163549,26
2451,袖口,1.692308,0.928191,26
2452,虚脱,3.692308,0.788377,26
2453,雪柜,2.347826,1.335144,23
2454,血战,3.32,0.802081,25
2455,雅兴,4.25,0.607919,24
2456,要害,3.291667,1.122078,24
2457,姨丈,1.576923,0.757526,26
2458,以为,4.08,1.037625,25
2459,隐士,2.961538,1.280024,26
2460,荧光,2.461538,1.33359,26
2461,影响,3.96,0.888819,25
2462,用料,3.0,1.2,26
2463,淤泥,2.038462,0.99923,26
2464,原料,2.44,1.325393,25
2465,杂技,2.538462,1.028816,26
2466,至宝,3.6,1.290994,25
2467,致命,3.615385,0.982931,26
2468,自费,3.0,1.264911,26
2469,字幕,1.769231,0.862911,26
2470,租金,1.846154,1.007663,26
2471,按时,2.652174,1.228772,23
2472,案发,3.173913,1.23038,23
2473,保温,2.181818,1.006473,22
2474,报仇,2.521739,1.038774,23
2475,卑劣,3.130435,1.546384,23
2476,辩才,3.52381,1.077917,21
2477,标签,2.043478,1.065076,23
2478,不公,3.0,1.112697,22
2479,彩票,1.826087,1.072473,23
2480,苍白,2.956522,1.364427,23
2481,插手,3.136364,1.206942,22
2482,唱片,1.608696,1.076152,23
2483,朝见,3.238095,1.179185,21
2484,称号,3.043478,1.186219,23
2485,成衣,2.227273,1.34277,22
2486,斥资,3.043478,1.186219,23
2487,纯金,1.869565,0.919701,23
2488,刺耳,2.913043,1.040675,23
2489,从事,3.130435,1.01374,23
2490,挫折,3.636364,1.29267,22
2491,导致,3.636364,1.048602,22
2492,盗贼,1.565217,0.589768,23
2493,道歉,2.130435,1.01374,23
2494,凳子,1.304348,0.63495,23
2495,地价,2.521739,1.081647,23
2496,跌价,2.695652,1.222322,23
2497,逗号,1.565217,0.727767,23
2498,端正,3.173913,1.029217,23
2499,儿科,2.086957,0.99604,23
2500,方糖,1.869565,1.289973,23
2501,分身,3.347826,0.934622,23
2502,怪僻,3.652174,1.265224,23
2503,关系,3.913043,1.23998,23
2504,管家,2.130435,1.254242,23
2505,鬼节,3.086957,1.202764,23
2506,孩子,1.478261,0.790257,23
2507,海流,2.380952,1.499206,21
2508,寒舍,2.608696,0.940944,23
2509,好转,3.304348,1.019571,23
2510,浩劫,3.73913,0.915393,23
2511,后背,1.869565,1.254242,23
2512,灰色,2.043478,1.186219,23
2513,辉煌,3.391304,1.076152,23
2514,徽章,1.521739,0.730477,23
2515,击毙,2.043478,1.106931,23
2516,迹象,3.521739,1.16266,23
2517,教育,3.304348,1.32921,23
2518,景色,2.73913,1.17618,23
2519,蓝色,1.782609,1.241572,23
2520,历尽,4.227273,0.81251,22
2521,励志,3.478261,1.122884,23
2522,炼油,2.478261,1.122884,23
2523,烈酒,2.217391,1.204406,23
2524,榴弹,1.913043,1.083473,23
2525,卵生,2.434783,1.236788,23
2526,率直,3.478261,1.274561,23
2527,煤气,1.391304,0.722315,23
2528,每次,2.909091,1.1088,22
2529,梦想,4.26087,1.17618,23
2530,面貌,2.782609,1.241572,23
2531,母亲,1.304348,0.558796,23
2532,拿手,3.142857,1.062342,21
2533,内行,3.130435,1.289973,23
2534,平手,2.863636,0.83355,22
2535,评委,1.913043,0.733178,23
2536,凄厉,4.043478,1.106931,23
2537,企望,4.181818,0.852803,22
2538,气势,4.173913,0.886883,23
2539,牵涉,3.954545,0.898532,22
2540,谦卑,3.652174,1.112274,23
2541,欠款,1.869565,0.757049,23
2542,侨居,2.608696,1.196173,23
2543,窍门,3.454545,1.335496,22
2544,晴天,1.73913,1.009833,23
2545,庆功,2.565217,0.992063,23
2546,缺乏,3.318182,1.170525,22
2547,热能,3.086957,1.23998,23
2548,施恩,3.434783,1.160959,23
2549,市民,1.782609,0.951388,23
2550,收入,2.0,0.852803,23
2551,收拾,2.956522,1.021508,23
2552,舒畅,3.086957,1.164359,23
2553,熟识,3.130435,1.057628,23
2554,漱口,1.608696,0.583027,23
2555,体育,2.565217,1.199473,23
2556,同乡,1.956522,0.705708,23
2557,突然,3.652174,0.884652,23
2558,土坑,1.782609,1.126399,23
2559,亡灵,4.0,1.167748,23
2560,慰劳,3.304348,1.184551,23
2561,无端,4.0,0.738549,23
2562,媳妇,1.434783,0.727767,23
2563,仙桃,2.782609,1.412815,23
2564,嫌疑,3.772727,0.685344,22
2565,心智,3.652174,1.070628,23
2566,刑期,2.608696,1.305204,23
2567,兴建,3.217391,1.042572,23
2568,寻根,3.636364,1.093071,22
2569,迅速,3.173913,1.15413,23
2570,夭折,3.26087,1.421184,23
2571,要素,3.478261,1.16266,23
2572,阴极,3.545455,1.405,22
2573,印刷,2.0,0.904534,23
2574,玉米,1.304348,0.63495,23
2575,预祝,3.695652,0.87567,23
2576,原理,3.545455,1.29935,22
2577,远景,3.434783,1.27301,23
2578,造反,3.173913,1.029217,23
2579,斩首,1.826087,0.777652,23
2580,张扬,3.391304,1.076152,23
2581,甄别,3.521739,1.16266,23
2582,征收,2.826087,1.11405,23
2583,狰狞,3.391304,1.339577,23
2584,整体,2.913043,1.083473,23
2585,正气,3.304348,1.362977,23
2586,政局,3.173913,1.266785,23
2587,指名,2.782609,0.998022,23
2588,忠诚,3.782609,1.166055,23
2589,住宅,1.478261,0.845822,23
2590,装配,2.391304,0.940944,23
2591,坠机,1.913043,0.792754,23
2592,自动,3.086957,1.23998,23
2593,阻滞,3.608696,0.891328,23
2594,作证,3.043478,1.14726,23
2595,案件,2.782609,1.380267,23
2596,包围,3.130435,1.140349,23
2597,宝藏,2.826087,1.192864,23
2598,保龄,3.47619,1.077917,21
2599,编剧,2.391304,1.117592,23
2600,表情,2.478261,1.238385,23
2601,表征,4.086957,0.792754,23
2602,差错,3.318182,0.945484,22
2603,持续,3.478261,1.201119,23
2604,憧憬,4.043478,1.021508,23
2605,出土,2.434783,1.199473,23
2606,垂危,2.869565,0.868873,23
2607,打拳,1.869565,0.967863,23
2608,逮捕,1.913043,0.792754,23
2609,当选,2.454545,1.100964,22
2610,斗牛,1.869565,0.967863,23
2611,读音,2.391304,1.196173,23
2612,度数,2.652174,1.465007,23
2613,断裂,2.434783,1.160959,23
2614,锻炼,2.608696,1.269901,23
2615,恩典,3.695652,1.019571,23
2616,耳环,1.478261,0.790257,23
2617,烦恼,3.782609,1.126399,23
2618,繁华,3.608696,1.117592,23
2619,繁殖,2.347826,0.775107,23
2620,粉丝,2.347826,1.112274,23
2621,丰功,3.913043,0.848155,23
2622,风筝,1.304348,0.470472,23
2623,辅音,2.608696,1.233588,23
2624,负债,2.26087,1.009833,23
2625,赴宴,2.130435,1.179536,23
2626,副刊,2.173913,0.886883,23
2627,感情,4.347826,0.934622,23
2628,姑娘,1.521739,0.665348,23
2629,怪罪,3.521739,0.845822,23
2630,归咎,3.652174,0.934622,23
2631,归隐,3.26087,1.214211,23
2632,国宝,2.217391,1.277658,23
2633,过人,3.818182,1.006473,22
2634,海景,2.173913,0.886883,23
2635,何尝,4.0,1.023533,22
2636,黑幕,3.26087,1.17618,23
2637,花样,3.772727,0.972567,22
2638,画集,2.086957,0.949308,23
2639,怀胎,2.0,1.0,23
2640,缓慢,3.043478,1.065076,23
2641,恍惚,4.130435,0.919701,23
2642,挥舞,2.608696,0.891328,23
2643,蛔虫,1.478261,0.665348,23
2644,会面,2.434783,0.992063,23
2645,馄饨,1.478261,0.897956,23
2646,火葬,1.695652,0.702902,23
2647,颊骨,1.826087,1.15413,23
2648,降低,3.0,0.953463,23
2649,精密,3.434783,1.342524,23
2650,净化,3.347826,1.070628,23
2651,镜像,2.608696,1.033051,23
2652,局限,3.826087,0.936734,23
2653,剧毒,2.173913,0.936734,23
2654,聚居,2.409091,1.181568,22
2655,俊美,3.130435,1.140349,23
2656,咖喱,1.652174,0.775107,23
2657,阔绰,3.391304,0.988071,23
2658,狼狈,3.434783,1.121123,23
2659,老家,2.0,0.603023,23
2660,狸猫,1.565217,0.843482,23
2661,民意,3.434783,1.160959,23
2662,名字,1.956522,1.14726,23
2663,木讷,3.173913,0.834058,23
2664,木箱,1.391304,0.583027,23
2665,脑海,3.782609,1.166055,23
2666,黏液,2.043478,0.824525,23
2667,拍卖,2.227273,0.685344,22
2668,皮包,1.565217,0.843482,23
2669,毗邻,3.217391,1.085295,23
2670,评价,2.869565,1.254242,23
2671,妻妾,1.73913,0.619192,23
2672,气泵,1.869565,1.01374,23
2673,山火,1.818182,1.139606,22
2674,声明,2.695652,1.184551,23
2675,剩余,3.0,1.044466,23
2676,势利,3.26087,1.251086,23
2677,庶民,2.521739,0.897956,23
2678,水费,1.521739,0.947224,23
2679,顺手,3.043478,1.065076,23
2680,思考,3.869565,1.057628,23
2681,死敌,2.173913,0.834058,23
2682,缩影,3.545455,1.143398,22
2683,索取,3.130435,1.01374,23
2684,倘若,4.047619,1.07127,21
2685,逃课,1.913043,0.668312,23
2686,陶器,1.347826,0.572768,23
2687,提早,3.173913,0.936734,23
2688,推拿,2.130435,1.057628,23
2689,万物,3.73913,1.136877,23
2690,维权,3.086957,1.202764,23
2691,委托,3.086957,1.276111,23
2692,巫婆,2.434783,1.502304,23
2693,误解,3.181818,0.852803,22
2694,先例,2.590909,0.854071,22
2695,现场,1.913043,0.792754,23
2696,械斗,2.347826,0.884652,23
2697,刑事,2.521739,0.994053,23
2698,寻常,3.73913,0.864312,23
2699,鸦片,1.454545,0.509647,22
2700,艳光,3.9,1.11921,20
2701,羊毛,1.608696,0.988071,23
2702,医疗,2.391304,0.940944,23
2703,原来,3.826087,0.886883,23
2704,云梯,3.043478,1.397344,23
2705,运程,3.181818,1.258736,22
2706,运气,4.0,1.087115,23
2707,赞扬,3.0,1.128152,23
2708,脏话,2.347826,0.934622,23
2709,增高,2.478261,1.238385,23
2710,招聘,2.086957,0.848155,23
2711,真正,3.73913,1.17618,23
2712,政敌,2.869565,1.057628,23
2713,直径,1.782609,0.951388,23
2714,志愿,3.304348,1.184551,23
2715,种族,2.304348,1.32921,23
2716,助学,2.782609,0.902347,23
2717,子女,1.26087,0.448978,23
2718,挨近,2.92,0.996661,25
2719,隘口,2.68,1.281926,25
2720,扳倒,2.615385,1.202561,26
2721,帮派,2.115385,0.863802,26
2722,暴露,2.730769,1.185165,26
2723,便服,2.384615,1.235376,26
2724,表亲,2.538462,1.139501,26
2725,别离,3.153846,1.286618,26
2726,并列,3.0,1.2,26
2727,播映,2.653846,1.093336,26
2728,耻笑,2.884615,1.451259,26
2729,赤道,1.884615,1.366072,26
2730,串连,2.884615,1.142871,26
2731,吹奏,2.269231,1.041449,26
2732,唇舌,1.5,0.707107,26
2733,辞别,2.730769,1.185165,26
2734,丛林,1.730769,1.041449,26
2735,但是,3.521739,1.122884,23
2736,蛋糕,1.346154,0.689481,26
2737,党员,1.615385,0.897861,26
2738,导言,2.615385,1.202561,26
2739,倒退,2.692308,1.010712,26
2740,稻草,1.346154,0.845804,26
2741,点菜,2.076923,0.934797,26
2742,电报,1.5,0.707107,26
2743,定时,2.24,1.011599,25
2744,反感,3.56,0.960902,25
2745,肥料,1.538462,0.508391,26
2746,丰韵,3.423077,1.101747,26
2747,奉献,3.44,1.157584,25
2748,复活,2.88,1.394035,25
2749,复述,2.68,1.029563,25
2750,肝炎,1.6,0.763763,25
2751,干活,2.5,1.174734,26
2752,阁楼,1.384615,0.496139,26
2753,贡献,3.346154,1.198075,26
2754,勾画,3.12,1.301281,25
2755,古文,2.0,0.565685,26
2756,故居,2.076923,1.055389,26
2757,怪异,3.807692,0.980581,26
2758,过失,3.32,0.988264,25
2759,航班,1.923077,0.744208,26
2760,河豚,1.192308,0.401918,26
2761,红心,2.52,1.084743,25
2762,琥珀,1.576923,0.986836,26
2763,话题,3.115385,1.142871,26
2764,火舌,3.26087,1.286906,23
2765,讥讽,3.461538,1.207668,26
2766,季节,1.961538,1.112862,26
2767,建立,3.2,1.154701,25
2768,渐进,3.48,1.228821,25
2769,截止,2.846154,1.255143,26
2770,拘谨,3.52,0.918332,25
2771,局外,3.769231,1.069867,26
2772,看见,2.48,1.262273,25
2773,考察,3.153846,1.255143,26
2774,考验,3.461538,1.240347,26
2775,空手,1.96,0.734847,25
2776,口齿,2.153846,1.120439,26
2777,老伴,1.615385,0.752432,26
2778,猎犬,1.192308,0.491466,26
2779,硫磺,1.230769,0.514408,26
2780,律诗,2.24,1.234234,25
2781,略去,4.0,0.957427,25
2782,麻药,1.576923,0.577794,26
2783,埋怨,3.038462,1.076319,26
2784,冒昧,3.44,1.157584,25
2785,冥府,3.416667,1.665942,24
2786,难得,3.8,1.080123,25
2787,匿名,2.56,1.386843,25
2788,农历,1.64,0.907377,25
2789,疲倦,3.115385,1.142871,26
2790,频率,3.115385,1.107318,26
2791,破解,3.4,1.0,25
2792,普查,2.769231,1.142198,26
2793,企业,1.76,0.879394,25
2794,曲目,2.076923,1.016782,26
2795,人生,3.961538,1.21592,26
2796,乳齿,1.653846,0.79711,26
2797,删减,2.807692,1.16685,26
2798,上告,2.92,1.187434,25
2799,社论,3.173913,1.23038,23
2800,神父,1.923077,1.016782,26
2801,生效,3.269231,1.218448,26
2802,随机,3.384615,1.09825,26
2803,所长,2.04,1.019804,25
2804,调查,2.8,1.258306,25
2805,跳绳,1.269231,0.452344,26
2806,痛楚,3.615385,1.29852,26
2807,瓦解,3.307692,1.192283,26
2808,外语,1.88,1.129897,25
2809,污辱,3.291667,1.197068,24
2810,舞狮,1.538462,0.581774,26
2811,务实,3.28,1.1,25
2812,狭小,3.2,1.118034,25
2813,小丑,2.2,1.118034,25
2814,孝顺,3.230769,1.210213,26
2815,协力,3.4,1.224745,25
2816,心算,2.653846,1.16421,26
2817,心愿,3.346154,1.324909,26
2818,秀才,1.807692,1.020558,26
2819,摇摇,3.2,1.361114,20
2820,遗弃,3.038462,1.182566,26
2821,隐居,3.038462,1.248384,26
2822,英国,1.115385,0.325813,26
2823,泳衣,1.192308,0.491466,26
2824,邮筒,1.346154,0.628796,26
2825,友好,3.461538,1.207668,26
2826,愿望,3.769231,1.142198,26
2827,月历,1.807692,1.233507,26
2828,韵味,4.08,1.15181,25
2829,再版,2.952381,1.20317,21
2830,闸门,1.461538,0.646886,26
2831,沾染,3.346154,0.93562,26
2832,证书,1.346154,0.689481,26
2833,政府,1.653846,0.93562,26
2834,指数,2.72,1.30767,25
2835,指头,1.52,0.87178,25
2836,指引,3.56,1.121011,25
2837,中餐,1.538462,0.646886,26
2838,主权,2.884615,1.505375,26
2839,著名,3.4,1.414214,25
2840,抓住,2.346154,1.16421,26
2841,作弊,2.0,0.8,26
2842,爆炸,2.307692,1.049542,26
2843,卑鄙,3.923077,1.016782,26
2844,悲观,3.730769,1.185165,26
2845,本分,3.708333,0.999094,24
2846,表演,2.52,0.822598,25
2847,摒弃,3.56,1.193035,25
2848,才气,3.84,1.027943,25
2849,财务,2.416667,1.100066,24
2850,菜园,1.423077,0.503831,26
2851,参差,3.695652,0.97397,23
2852,窗户,1.346154,0.845804,26
2853,窗台,1.153846,0.464095,26
2854,床位,1.538462,0.646886,26
2855,催化,3.76,1.011599,25
2856,错过,3.653846,1.093336,26
2857,大奖,2.307692,0.837579,26
2858,稻田,1.346154,0.561591,26
2859,地点,2.076923,1.016782,26
2860,东洋,3.0,1.040833,25
2861,动作,2.5,1.334166,26
2862,陡峭,2.807692,1.265519,26
2863,独力,3.64,1.075484,25
2864,对象,2.44,1.003328,25
2865,额头,1.346154,0.485165,26
2866,发火,2.807692,1.265519,26
2867,发酵,3.346154,1.16421,26
2868,反贪,3.12,1.16619,25
2869,方阵,2.692308,1.158248,26
2870,芳龄,2.615385,1.202561,26
2871,肥沃,3.153846,1.286618,26
2872,风帆,2.269231,1.150919,26
2873,俯冲,2.884615,1.032547,26
2874,富翁,2.115385,1.032547,26
2875,富裕,3.32,1.180395,25
2876,腹泻,1.846154,1.007663,26
2877,高尚,4.0,1.058301,26
2878,高危,3.68,1.144552,25
2879,共处,3.166667,1.167184,24
2880,关联,3.6,1.080123,25
2881,归天,3.166667,1.493949,24
2882,国庆,1.846154,0.833897,26
2883,和服,1.692308,0.884047,26
2884,和解,3.346154,1.16421,26
2885,滑行,2.32,0.945163,25
2886,蝗虫,1.192308,0.401918,26
2887,昏迷,2.653846,1.129329,26
2888,活泼,3.4,1.190238,25
2889,获胜,2.653846,1.294366,26
2890,激进,3.769231,1.210213,26
2891,疾苦,3.538462,1.207668,26
2892,技巧,3.166667,1.274044,24
2893,家长,1.538462,0.508391,26
2894,兼任,3.076923,1.293772,26
2895,金钱,1.461538,0.646886,26
2896,经商,2.692308,1.225373,26
2897,救灾,2.384615,0.982931,26
2898,坎坷,4.0,1.16619,26
2899,骷髅,1.461538,0.508391,26
2900,来历,3.115385,1.107318,26
2901,历代,3.423077,1.101747,26
2902,连绵,3.615385,1.168826,26
2903,列表,2.44,0.960902,25
2904,麻痹,3.423077,1.238485,26
2905,马脚,2.956522,1.364427,23
2906,漫步,2.384615,0.852147,26
2907,毛病,3.2,1.414214,25
2908,美国,1.192308,0.401918,26
2909,面包,1.115385,0.325813,26
2910,明智,4.038462,0.915675,26
2911,耐性,3.692308,0.928191,26
2912,凝重,3.88,1.092398,25
2913,偶然,3.6,1.080123,25
2914,排行,2.72,1.339154,25
2915,牌匾,1.423077,0.702742,26
2916,攀升,3.16,1.213809,25
2917,盘问,2.538462,1.066987,26
2918,陪伴,3.038462,0.99923,26
2919,棚屋,1.923077,1.055389,26
2920,迫切,3.730769,1.150919,26
2921,铺张,3.76,0.830662,25
2922,其余,3.478261,1.274561,23
2923,情节,3.307692,1.225373,26
2924,囚禁,2.346154,1.129329,26
2925,取暖,2.192308,0.895287,26
2926,取巧,3.730769,1.079173,26
2927,诠释,3.884615,1.107318,26
2928,任性,3.64,1.254326,25
2929,容貌,2.461538,1.139501,26
2930,融化,3.269231,1.185165,26
2931,上位,3.76,1.011599,25
2932,身处,3.44,1.157584,25
2933,身体,1.461538,0.760567,26
2934,身影,2.28,1.137248,25
2935,生母,1.115385,0.325813,26
2936,声带,1.807692,0.849434,26
2937,省城,1.576923,0.643309,26
2938,首席,2.5,1.208305,26
2939,受益,3.538462,1.207668,26
2940,输赢,2.692308,1.086986,26
2941,熟习,3.64,1.036018,25
2942,爽约,3.153846,1.37673,26
2943,睡袋,1.230769,0.58704,26
2944,抬头,1.8,0.957427,25
2945,特等,3.041667,1.232853,24
2946,头盔,1.076923,0.271746,26
2947,唾液,1.6,0.816497,25
2948,忘记,3.5,1.174734,26
2949,文本,2.346154,1.198075,26
2950,香浓,3.692308,1.257592,26
2951,协议,2.4,1.040833,25
2952,信差,2.461538,1.240347,26
2953,野餐,1.538462,0.581774,26
2954,臆测,4.04,1.171893,25
2955,印鉴,2.807692,1.296741,26
2956,罂粟,1.384615,0.697247,26
2957,迎击,3.153846,1.120439,26
2958,远行,3.192308,1.200641,26
2959,燥热,3.0,1.264911,26
2960,章鱼,1.230769,0.58704,26
2961,镇压,3.615385,1.134087,26
2962,主仆,2.0,0.69282,26
2963,壮举,3.923077,0.97665,26
2964,座标,2.423077,1.36156,26
2965,爱犬,1.965517,0.905647,29
2966,白眼,2.827586,1.28366,29
2967,办学,2.37931,1.146853,29
2968,宝物,3.172414,1.338148,29
2969,比重,3.37037,1.181529,27
2970,闭关,3.321429,1.21879,28
2971,不忍,3.310345,1.227758,29
2972,掺杂,3.25,0.887151,28
2973,抽奖,2.034483,1.051623,29
2974,出击,2.448276,1.120784,29
2975,出门,1.724138,1.031523,29
2976,处方,2.344828,1.110851,29
2977,此时,2.655172,1.142549,29
2978,措施,3.206897,1.264327,29
2979,打败,2.413793,1.086187,29
2980,打扰,2.62069,0.902924,29
2981,蛋白,2.448276,1.378047,29
2982,倒影,2.321429,1.156418,28
2983,得手,3.275862,1.192133,29
2984,灯饰,1.62069,0.676852,29
2985,典礼,2.172414,1.00246,29
2986,垫底,2.793103,1.048104,29
2987,定义,3.428571,1.399168,28
2988,动物,1.827586,0.966177,29
2989,端详,3.482759,0.98636,29
2990,耳目,2.925926,1.14105,27
2991,发达,3.758621,1.12298,29
2992,妨碍,3.275862,0.959782,29
2993,放松,2.965517,1.238742,29
2994,粉笔,1.37931,0.862463,29
2995,粉红,2.103448,0.976321,29
2996,辐射,3.0,1.224745,29
2997,钢铁,1.724138,1.13063,29
2998,个案,3.0,1.224745,29
2999,宫女,1.655172,0.768852,29
3000,挂心,3.88,0.971253,25
3001,呵欠,2.034483,1.017095,29
3002,黑心,3.310345,1.038662,29
3003,互动,3.206897,0.901559,29
3004,缓步,2.655172,1.110851,29
3005,晃动,2.068966,0.798706,29
3006,货柜,1.37931,0.862463,29
3007,家书,1.862069,0.915117,29
3008,健全,3.103448,1.144703,29
3009,叫号,2.615385,1.022817,26
3010,结局,2.931034,1.099709,29
3011,聚会,1.931034,0.798706,29
3012,军令,2.0,0.92582,29
3013,可口,3.37931,1.177582,29
3014,控制,3.448276,1.120784,29
3015,窟窿,2.344828,1.110851,29
3016,昆虫,1.62069,0.727706,29
3017,老爷,2.517241,1.29892,29
3018,利落,3.241379,0.950758,29
3019,良善,3.5,1.347151,28
3020,领悟,3.896552,1.144703,29
3021,麦穗,1.172414,0.384426,29
3022,冒火,3.241379,0.872401,29
3023,命运,4.517241,0.687682,29
3024,模拟,3.827586,0.848064,29
3025,纳税,1.793103,0.818505,29
3026,牛肉,1.137931,0.350931,29
3027,贫穷,3.103448,0.900192,29
3028,潜藏,3.655172,0.936401,29
3029,倾斜,2.689655,1.003688,29
3030,情报,3.103448,1.046928,29
3031,去年,1.793103,0.940338,29
3032,认为,3.586207,1.239736,29
3033,日照,2.206897,1.048104,29
3034,肉搏,2.551724,1.1828,29
3035,如今,3.172414,1.25553,29
3036,搔痒,2.241379,1.023131,29
3037,善事,2.965517,1.085053,29
3038,烧烤,1.896552,0.816999,29
3039,深刻,3.931034,0.842235,29
3040,市井,3.517241,0.870988,29
3041,手紧,3.416667,1.059806,24
3042,售价,2.0,0.886405,29
3043,摔跤,1.827586,0.88918,29
3044,爽快,3.206897,1.013456,29
3045,说话,2.034483,1.085053,29
3046,天幕,3.56,1.157584,25
3047,添加,3.206897,0.901559,29
3048,挑拨,3.137931,1.059789,29
3049,条约,2.310345,1.072495,29
3050,通畅,2.758621,1.057462,29
3051,通俗,3.448276,0.909718,29
3052,痛哭,1.896552,0.976321,29
3053,兔唇,1.793103,1.145778,29
3054,拖拉,3.75,0.799305,28
3055,危楼,2.103448,1.01224,29
3056,物价,2.62069,0.97884,29
3057,戏院,1.655172,0.856732,29
3058,相容,3.740741,0.984206,27
3059,香炉,1.310345,0.54139,29
3060,泄气,3.448276,1.020721,29
3061,新鲜,3.034483,0.981353,29
3062,凶宅,2.724138,1.436677,29
3063,胸口,1.724138,0.959782,29
3064,朽木,2.464286,1.2013,28
3065,虚伪,4.103448,0.976321,29
3066,叙述,3.137931,1.025536,29
3067,雪山,1.517241,0.687682,29
3068,腰果,1.37931,0.727706,29
3069,易碎,3.0,1.133893,29
3070,意向,3.862069,1.059789,29
3071,淫乱,3.428571,1.259882,28
3072,樱桃,1.37931,0.621852,29
3073,应付,3.448276,0.909718,29
3074,远足,2.862069,1.156477,29
3075,帐幕,2.321429,1.188013,28
3076,沼泽,1.793103,0.861034,29
3077,症结,3.241379,1.243703,29
3078,执勤,2.103448,1.144703,29
3079,指责,2.827586,1.071346,29
3080,置身,3.5,1.071517,28
3081,中邪,4.068966,0.997534,29
3082,重病,2.551724,1.1828,29
3083,赚钱,2.448276,1.212618,29
3084,追求,3.448276,1.020721,29
3085,综观,3.869565,0.919701,23
3086,棕色,1.655172,0.856732,29
3087,总结,2.551724,1.020721,29
3088,走神,3.517241,0.870988,29
3089,安逸,3.689655,1.003688,29
3090,办案,2.310345,1.038662,29
3091,部分,3.413793,1.052794,29
3092,参展,2.413793,1.086187,29
3093,诧异,3.821429,1.188013,28
3094,娼妓,2.214286,1.031258,28
3095,车主,1.551724,0.572351,29
3096,成人,1.655172,0.936401,29
3097,出错,2.965517,1.085053,29
3098,出口,1.896552,0.976321,29
3099,传承,3.5,1.170628,28
3100,此行,3.517241,1.213634,29
3101,代笔,2.310345,0.967451,29
3102,的士,1.517241,0.574499,29
3103,电路,2.034483,1.051623,29
3104,电筒,1.482759,0.91107,29
3105,都市,2.413793,1.018305,29
3106,堆肥,2.92,1.22202,25
3107,敦促,3.285714,1.150109,28
3108,发电,2.413793,0.982607,29
3109,风车,1.551724,0.985111,29
3110,副本,2.785714,1.066567,28
3111,感觉,4.344828,1.044573,29
3112,高级,3.862069,0.953345,29
3113,歌迷,1.931034,0.593479,29
3114,购买,2.068966,0.923156,29
3115,乖僻,3.740741,1.095185,27
3116,海马,1.689655,1.105294,29
3117,合格,2.931034,1.193166,29
3118,弘扬,3.827586,1.28366,29
3119,后门,2.655172,1.009804,29
3120,华侨,1.862069,0.7894,29
3121,坏处,3.310345,1.038662,29
3122,回应,3.0,1.101946,29
3123,火把,1.586207,0.866736,29
3124,机灵,3.551724,1.088453,29
3125,疾病,2.448276,1.1828,29
3126,疾风,3.0,1.253566,29
3127,建造,2.724138,1.161789,29
3128,津贴,2.285714,1.083791,28
3129,劲敌,2.965517,1.179672,29
3130,镜头,1.896552,0.816999,29
3131,俊男,2.241379,1.272095,29
3132,刊出,2.913043,1.124643,23
3133,康复,2.689655,0.967451,29
3134,可敬,3.655172,1.232763,29
3135,力量,3.241379,1.272095,29
3136,联合,3.034483,1.117483,29
3137,联想,3.862069,1.186957,29
3138,满意,3.275862,1.221725,29
3139,谩骂,2.607143,1.342725,28
3140,眉毛,1.344828,0.483725,29
3141,漠视,3.793103,1.013456,29
3142,谋杀,2.517241,1.352793,29
3143,牡丹,1.482759,1.056297,29
3144,耐用,3.172414,1.197288,29
3145,南瓜,1.172414,0.601722,29
3146,奴隶,2.034483,0.865314,29
3147,旁观,3.482759,0.828971,29
3148,佩剑,1.931034,0.883622,29
3149,品茶,2.206897,1.013456,29
3150,品酒,2.172414,1.037475,29
3151,乞求,3.310345,1.003688,29
3152,启蒙,3.862069,1.092969,29
3153,契机,4.241379,1.214648,29
3154,前面,2.517241,1.271127,29
3155,襁褓,2.586207,1.018305,29
3156,侵略,2.827586,1.25553,29
3157,清酒,1.724138,1.031523,29
3158,散热,3.034483,1.209568,29
3159,森严,3.689655,1.198316,29
3160,舍弃,3.241379,1.353703,29
3161,摄入,3.241379,1.154345,29
3162,摄氏,2.551724,1.152209,29
3163,升幅,3.357143,1.095928,28
3164,声势,3.517241,1.213634,29
3165,胜仗,2.482759,1.056297,29
3166,世俗,3.62069,0.941647,29
3167,侍奉,2.928571,1.119807,28
3168,视线,2.758621,1.299867,29
3169,首级,2.551724,1.055131,29
3170,殊荣,3.517241,1.18384,29
3171,水利,2.448276,1.212618,29
3172,私事,3.0,1.035098,29
3173,宋朝,1.655172,1.044573,29
3174,粟米,1.428571,0.741798,28
3175,胎生,2.206897,1.145778,29
3176,推销,2.827586,1.071346,29
3177,晚宴,2.0,0.981307,28
3178,危机,3.586207,1.180715,29
3179,下级,2.62069,1.082781,29
3180,咸蛋,1.482759,0.737791,29
3181,祥和,3.551724,0.985111,29
3182,心律,2.344828,1.289404,29
3183,序幕,3.068966,1.131719,29
3184,演绎,3.310345,1.227758,29
3185,赝品,2.448276,1.212618,29
3186,侥幸,3.827586,0.928477,29
3187,野心,3.931034,1.222732,29
3188,衣服,1.551724,0.73612,29
3189,衣着,2.793103,1.206509,29
3190,医术,3.137931,1.301761,29
3191,樱花,1.137931,0.350931,29
3192,幽怨,3.827586,0.88918,29
3193,早餐,1.586207,0.682288,29
3194,责任,3.206897,1.264327,29
3195,招摇,3.586207,1.180715,29
3196,遮丑,3.275862,1.031523,29
3197,正式,3.37931,1.236752,29
3198,正月,1.758621,1.023131,29
3199,支付,1.862069,0.833415,29
3200,支流,3.172414,1.136064,29
3201,芝麻,1.310345,0.712313,29
3202,织布,1.931034,0.997534,29
3203,侄女,1.586207,0.982607,29
3204,致富,3.172414,1.037475,29
3205,秩序,2.896552,1.175489,29
3206,中介,2.428571,1.03382,28
3207,种类,2.857143,1.078898,28
3208,周全,3.482759,1.056297,29
3209,状况,3.862069,1.156477,29
3210,姿态,3.37931,1.115277,29
3211,组别,3.0,1.037749,27
3212,薄雾,2.173913,0.834058,23
3213,本人,1.347826,0.831685,23
3214,标明,2.304348,1.105144,23
3215,兵家,2.863636,1.125271,22
3216,补充,2.695652,1.294561,23
3217,不甘,3.391304,1.233588,23
3218,不久,3.454545,1.184313,22
3219,簿记,2.894737,1.242521,19
3220,擦拭,1.869565,1.057628,23
3221,秤砣,1.130435,0.34435,23
3222,初版,2.478261,1.038774,23
3223,雏菊,1.73913,1.096167,23
3224,纯真,3.695652,1.105144,23
3225,单打,2.173913,0.886883,23
3226,到达,1.956522,0.975997,23
3227,登台,2.173913,0.984063,23
3228,电器,1.956522,0.928256,23
3229,玷污,3.521739,0.897956,23
3230,豆腐,1.130435,0.457697,23
3231,镀金,1.956522,0.562322,23
3232,兑换,2.521739,1.238385,23
3233,恩爱,2.913043,1.276111,23
3234,发行,2.478261,1.038774,23
3235,飞行,2.043478,0.975997,23
3236,浮躁,3.521739,1.038774,23
3237,父子,1.347826,0.486985,23
3238,公司,1.391304,0.499011,23
3239,恭维,3.217391,0.998022,23
3240,构成,3.045455,1.090097,22
3241,谷仓,1.409091,0.666125,22
3242,关键,3.318182,1.358794,22
3243,过期,2.130435,0.967863,23
3244,害羞,3.0,1.044466,23
3245,好汉,2.826087,1.11405,23
3246,合一,3.35,1.182103,20
3247,后院,1.565217,0.50687,23
3248,互相,3.434783,1.236788,23
3249,花店,1.347826,0.486985,23
3250,画作,1.695652,0.87567,23
3251,汇率,1.909091,1.019294,22
3252,婚纱,1.347826,0.486985,23
3253,火药,1.26087,0.540824,23
3254,获利,2.73913,1.009833,23
3255,悸动,3.809524,1.123345,21
3256,间隔,3.0,1.206045,23
3257,见面,1.913043,0.792754,23
3258,键盘,1.130435,0.34435,23
3259,僵尸,2.619048,1.657594,21
3260,讲究,3.608696,0.838783,23
3261,教训,3.086957,0.99604,23
3262,洁净,3.0,1.0,23
3263,金鱼,1.130435,0.34435,23
3264,尽头,3.454545,1.223861,22
3265,警惕,3.130435,1.140349,23
3266,敬语,3.136364,1.245772,22
3267,炯炯,3.947368,0.779864,19
3268,久等,3.304348,1.105144,23
3269,就是,3.181818,1.220319,22
3270,就坐,2.545455,1.184313,22
3271,看透,3.695652,0.926125,23
3272,孔子,1.478261,0.994053,23
3273,矿石,1.347826,0.486985,23
3274,拉车,2.173913,1.11405,23
3275,连任,2.478261,1.343996,23
3276,脸颊,1.391304,0.940944,23
3277,茅屋,1.608696,0.782718,23
3278,密林,2.173913,1.029217,23
3279,名媛,2.478261,0.947224,23
3280,募捐,2.26087,0.915393,23
3281,奈何,3.863636,1.037187,22
3282,内伤,3.391304,1.305204,23
3283,牛市,2.73913,1.053884,23
3284,捧场,3.043478,1.065076,23
3285,骗子,2.391304,1.233588,23
3286,奇怪,3.608696,1.196173,23
3287,脐带,1.391304,0.499011,23
3288,崎岖,3.0,1.0,23
3289,切除,2.26087,1.214211,23
3290,缺课,2.217391,1.085295,23
3291,柔弱,3.521739,1.201119,23
3292,烧伤,2.086957,0.848155,23
3293,射程,2.173913,1.072473,23
3294,申诉,2.363636,0.953463,22
3295,失控,3.26087,1.321755,23
3296,受聘,2.173913,1.029217,23
3297,汤圆,1.173913,0.491026,23
3298,桃花,1.130435,0.34435,23
3299,题名,2.347826,0.884652,23
3300,替代,2.695652,1.019571,23
3301,痛风,2.217391,1.277658,23
3302,投稿,2.043478,1.021508,23
3303,突发,3.521739,1.081647,23
3304,突兀,3.869565,0.967863,23
3305,外遇,2.727273,0.935125,22
3306,妄言,3.826087,0.984063,23
3307,无私,3.521739,1.16266,23
3308,咸鱼,1.652174,0.831685,23
3309,现代,2.608696,0.940944,23
3310,香蕉,1.130435,0.457697,23
3311,橡皮,1.26087,0.751809,23
3312,效果,3.181818,1.052723,22
3313,胁持,3.0,1.279204,23
3314,玄机,4.136364,0.940894,22
3315,玄学,4.363636,0.953463,22
3316,雪白,2.434783,1.03687,23
3317,佯装,3.227273,0.972567,22
3318,翼龙,2.5,1.424574,18
3319,阴谋,3.304348,1.294561,23
3320,应承,3.318182,1.393398,22
3321,映射,3.318182,1.249242,22
3322,雨水,1.434783,0.589768,23
3323,御医,2.0,1.044466,23
3324,允许,2.695652,1.063219,23
3325,杂草,1.391304,0.499011,23
3326,增加,2.608696,1.233588,23
3327,占地,2.478261,1.343996,23
3328,遮蔽,2.869565,1.217462,23
3329,震惊,3.304348,1.019571,23
3330,征询,2.913043,1.202764,23
3331,支援,3.086957,1.083473,23
3332,逐步,3.272727,0.984732,22
3333,捉住,1.913043,0.99604,23
3334,阻止,2.521739,1.081647,23
3335,坐椅,1.391304,0.656376,23
3336,办事,2.782609,1.042572,23
3337,包裹,1.73913,0.619192,23
3338,被动,3.521739,0.994053,23
3339,冰雕,1.434783,0.589768,23
3340,常任,3.0,1.044466,23
3341,呈报,2.956522,1.296087,23
3342,抽风,3.181818,1.052723,22
3343,触觉,2.869565,1.289973,23
3344,大家,2.608696,1.117592,23
3345,大楼,1.347826,0.486985,23
3346,订婚,1.565217,0.662371,23
3347,兜风,2.695652,1.105144,23
3348,兜售,2.521739,0.897956,23
3349,渡轮,1.782609,0.998022,23
3350,额外,3.0,1.128152,23
3351,凡人,2.913043,1.124643,23
3352,返工,2.608696,1.117592,23
3353,父母,1.26087,0.448978,23
3354,恭喜,2.782609,1.412815,23
3355,拐带,3.0,1.0,21
3356,跪拜,2.304348,1.145536,23
3357,国货,2.0,1.128152,23
3358,号令,3.217391,1.277658,23
3359,灰心,3.347826,0.982052,23
3360,彗星,1.521739,1.081647,23
3361,及早,3.565217,0.895752,23
3362,佳境,3.434783,1.342524,23
3363,架子,2.217391,0.951388,23
3364,肩膀,1.26087,0.540824,23
3365,交往,2.73913,1.053884,23
3366,角力,3.47619,0.980767,21
3367,节日,2.0,0.904534,23
3368,洁白,2.782609,1.042572,23
3369,解说,2.73913,1.17618,23
3370,戒严,2.826087,1.23038,23
3371,近期,3.434783,1.079818,23
3372,经文,2.272727,1.241421,22
3373,救援,2.434783,1.121123,23
3374,咀嚼,1.869565,1.099766,23
3375,卷发,1.434783,0.589768,23
3376,开销,2.565217,1.236788,23
3377,刊物,1.869565,0.967863,23
3378,馈赠,2.565217,1.079818,23
3379,老师,1.347826,0.572768,23
3380,乐章,2.217391,1.166055,23
3381,联军,2.608696,1.076152,23
3382,脸型,2.217391,1.166055,23
3383,良方,2.73913,1.096167,23
3384,邻居,1.73913,0.751809,23
3385,凛冽,3.73913,0.963771,23
3386,流失,3.304348,0.97397,23
3387,律动,3.590909,1.259595,22
3388,蒙受,3.454545,1.100964,22
3389,面世,3.347826,1.265224,23
3390,秒表,1.26087,0.448978,23
3391,墨鱼,1.26087,0.619192,23
3392,某种,3.913043,0.949308,23
3393,念经,2.454545,1.143398,22
3394,期限,2.5,1.336306,22
3395,气馁,3.434783,1.03687,23
3396,轻巧,3.347826,1.112274,23
3397,清澈,2.608696,1.117592,23
3398,请客,2.043478,1.021508,23
3399,球赛,1.73913,0.810016,23
3400,全貌,2.521739,1.038774,23
3401,却步,3.761905,0.830949,21
3402,日落,1.73913,0.915393,23
3403,日元,1.434783,0.727767,23
3404,入境,2.73913,1.286906,23
3405,锐气,3.73913,1.17618,23
3406,瑟缩,3.608696,1.033051,23
3407,沙丘,1.608696,0.656376,23
3408,射手,2.086957,0.99604,23
3409,呻吟,2.956522,1.186219,23
3410,升级,2.826087,1.15413,23
3411,蚀本,3.055556,1.349171,18
3412,氏族,2.434783,1.121123,23
3413,侍应,3.434783,1.160959,23
3414,疏散,2.608696,1.076152,23
3415,熟练,2.956522,1.186219,23
3416,丝巾,1.304348,0.470472,23
3417,私人,2.590909,1.181568,22
3418,泰国,1.086957,0.288104,23
3419,淘气,3.0,1.128152,23
3420,调教,3.409091,1.221205,22
3421,调戏,3.26087,1.286906,23
3422,通称,3.26087,1.17618,23
3423,同盟,2.521739,1.038774,23
3424,同情,3.217391,1.166055,23
3425,土地,1.434783,0.589768,23
3426,推理,3.043478,1.106931,23
3427,吞噬,3.26087,1.214211,23
3428,微妙,3.73913,1.251086,23
3429,文字,1.826087,0.777652,23
3430,消除,2.869565,1.217462,23
3431,携带,2.478261,1.122884,23
3432,心情,3.26087,1.286906,23
3433,学校,1.26087,0.540824,23
3434,巡查,2.869565,1.217462,23
3435,殉情,3.217391,1.166055,23
3436,盐湖,2.0,1.087115,23
3437,眼科,1.73913,1.053884,23
3438,揶揄,3.52381,0.980767,21
3439,液体,1.869565,0.814881,23
3440,异地,2.173913,1.11405,23
3441,阴历,1.913043,0.792754,23
3442,鹰爪,2.043478,1.14726,23
3443,优秀,3.130435,1.179536,23
3444,友情,2.913043,1.23998,23
3445,幼龄,2.782609,1.126399,23
3446,宇宙,2.521739,1.503619,23
3447,浴衣,1.565217,0.843482,23
3448,遭殃,3.304348,1.105144,23
3449,眨眼,1.695652,0.702902,23
3450,镇长,1.695652,0.926125,23
3451,知足,3.347826,1.265224,23
3452,质料,2.714286,1.055597,21
3453,终点,2.391304,1.233588,23
3454,装备,2.0,1.044466,23
3455,族谱,1.73913,0.915393,23
3456,钻头,1.521739,0.593109,23
3457,作战,2.73913,1.053884,23
3458,做主,2.782609,1.126399,23
3459,暗藏,3.590909,1.140555,22
3460,百货,2.521739,1.038774,23
3461,颁发,2.73913,1.214211,23
3462,暴光,2.909091,1.269011,22
3463,蝙蝠,1.521739,0.947224,23
3464,标竿,2.782609,1.166055,23
3465,层次,2.956522,1.296087,23
3466,查明,2.869565,1.289973,23
3467,差事,3.043478,1.14726,23
3468,掣肘,3.684211,1.249561,19
3469,充公,3.045455,1.326552,22
3470,愁苦,3.217391,1.312753,23
3471,刺刀,1.304348,0.558796,23
3472,错怪,2.869565,1.099766,23
3473,答谢,2.652174,1.070628,23
3474,弹头,2.086957,1.23998,23
3475,得力,3.227273,1.109776,22
3476,电镀,2.090909,0.921132,22
3477,订单,2.0,0.904534,23
3478,动人,3.73913,1.053884,23
3479,冻肉,1.652174,0.982052,23
3480,对于,3.772727,1.020356,22
3481,顿悟,3.636364,1.135801,22
3482,烦躁,2.826087,1.11405,23
3483,访问,2.26087,0.864312,23
3484,纷争,2.565217,1.03687,23
3485,粉嫩,2.782609,1.042572,23
3486,份量,2.695652,0.76484,23
3487,封锁,2.956522,1.186219,23
3488,高明,3.130435,1.391675,23
3489,弓箭,1.391304,0.722315,23
3490,归途,3.043478,1.186219,23
3491,寒酸,3.217391,1.042572,23
3492,旱灾,2.0,0.797724,23
3493,和声,3.304348,1.145536,23
3494,后辈,2.086957,0.848155,23
3495,话语,2.695652,1.019571,23
3496,回想,3.136364,1.245772,22
3497,活动,2.454545,1.100964,22
3498,活该,3.454545,1.29935,22
3499,剧场,2.130435,1.01374,23
3500,开门,1.608696,0.722315,23
3501,开心,2.608696,1.305204,23
3502,口气,3.090909,1.064988,22
3503,蜡烛,1.304348,0.76484,23
3504,练功,2.478261,0.947224,23
3505,量杯,1.681818,0.893701,22
3506,列入,3.304348,1.184551,23
3507,邻国,2.304348,1.019571,23
3508,流浪,2.73913,1.17618,23
3509,麻辣,2.391304,0.988071,23
3510,麻脸,2.380952,1.244033,21
3511,麻醉,2.363636,0.953463,22
3512,马力,2.826087,0.936734,23
3513,馒头,1.130435,0.34435,23
3514,蔓延,3.681818,0.945484,22
3515,每当,3.772727,1.192509,22
3516,拍摄,2.045455,0.898532,22
3517,骗局,2.608696,0.891328,23
3518,瓢虫,1.26087,0.619192,23
3519,祈祷,3.173913,1.23038,23
3520,祈求,3.521739,1.122884,23
3521,骑士,1.956522,1.106931,23
3522,旗杆,1.304348,0.558796,23
3523,弃子,3.285714,0.845154,21
3524,千米,1.913043,0.99604,23
3525,桥牌,1.826087,1.15413,23
3526,清兵,2.0,0.816497,22
3527,情况,3.347826,0.982052,23
3528,晴朗,2.347826,1.070628,23
3529,驱散,3.130435,1.099766,23
3530,曲调,2.565217,1.160959,23
3531,全民,2.043478,0.877924,23
3532,热情,3.0,1.314257,23
3533,如意,3.347826,0.982052,23
3534,弱势,2.608696,0.988071,23
3535,伤心,2.956522,1.223938,23
3536,赏金,1.956522,0.824525,23
3537,神圣,3.869565,1.289973,23
3538,生态,3.130435,1.358621,23
3539,实干,3.095238,1.220851,21
3540,授权,3.047619,1.116969,21
3541,属下,2.304348,0.87567,23
3542,水门,2.888889,1.323493,18
3543,水准,3.5,1.185227,22
3544,摊位,1.826087,0.650327,23
3545,痛骂,2.695652,1.145536,23
3546,屯兵,2.761905,1.091089,21
3547,未来,3.636364,1.17698,22
3548,文官,2.26087,1.053884,23
3549,闲人,2.636364,1.093071,22
3550,贤淑,3.521739,0.947224,23
3551,销售,2.086957,0.668312,23
3552,斜坡,1.782609,0.850482,23
3553,星象,2.904762,1.410842,21
3554,兴致,3.391304,1.15755,23
3555,胸部,1.652174,0.572768,23
3556,休眠,2.434783,0.662371,23
3557,学位,1.826087,0.886883,23
3558,烟民,1.695652,0.822125,23
3559,妖术,3.826087,1.266785,23
3560,义务,3.521739,1.309739,23
3561,引言,2.695652,1.105144,23
3562,应该,3.428571,1.121224,21
3563,遇见,2.652174,1.112274,23
3564,遇难,2.478261,1.201119,23
3565,造化,4.086957,1.083473,23
3566,炸弹,1.409091,0.590326,22
3567,展开,3.090909,1.064988,22
3568,战乱,2.347826,1.070628,23
3569,长相,2.478261,1.343996,23
3570,招牌,2.478261,1.122884,23
3571,珍藏,2.869565,1.099766,23
3572,整合,3.318182,0.945484,22
3573,正名,3.227273,1.109776,22
3574,汁液,1.913043,1.124643,23
3575,枝节,2.6,1.095445,20
3576,值日,2.304348,1.145536,23
3577,制服,1.608696,0.891328,23
3578,忠告,3.272727,0.984732,22
3579,重播,2.217391,1.085295,23
3580,重金,2.826087,1.15413,23
3581,主脑,2.952381,1.359272,21
3582,桌布,1.130435,0.34435,23
3583,安排,2.913043,1.124643,23
3584,斑马,1.304348,0.558796,23
3585,办公,2.652174,0.982052,23
3586,保护,3.086957,0.99604,23
3587,保障,3.571429,1.028175,21
3588,背光,2.666667,0.966092,21
3589,博览,3.304348,1.105144,23
3590,出狱,1.954545,0.998917,22
3591,出浴,1.869565,0.919701,23
3592,船长,1.347826,0.572768,23
3593,闯进,3.217391,1.241572,23
3594,辞退,2.26087,1.053884,23
3595,贷款,1.826087,0.834058,23
3596,当众,2.913043,1.124643,23
3597,倒立,1.869565,0.757049,23
3598,舵手,1.434783,0.589768,23
3599,发令,2.521739,1.081647,23
3600,饭盒,1.130435,0.34435,23
3601,飞驰,3.130435,1.01374,23
3602,吩咐,2.73913,1.096167,23
3603,粉碎,2.478261,1.16266,23
3604,封地,2.52381,0.980767,21
3605,疯狗,2.086957,1.311247,23
3606,父老,2.130435,1.179536,23
3607,赋诗,2.608696,1.117592,23
3608,盖章,1.695652,0.87567,23
3609,敢于,3.565217,1.27301,23
3610,感冒,1.565217,0.589768,23
3611,感染,2.347826,1.191206,23
3612,港口,1.434783,0.589768,23
3613,歌颂,3.130435,1.254242,23
3614,供词,2.304348,0.87567,23
3615,龟缩,3.5,0.945905,20
3616,好胜,3.391304,1.269901,23
3617,合法,2.652174,1.228772,23
3618,核实,2.869565,1.057628,23
3619,黑洞,2.608696,1.437774,23
3620,虹膜,2.363636,1.048602,22
3621,湖畔,1.608696,0.583027,23
3622,糊涂,3.363636,1.216766,22
3623,换人,2.304348,1.019571,23
3624,恍如,4.045455,0.843873,22
3625,回路,3.0,0.894427,21
3626,火炬,1.304348,0.76484,23
3627,饥荒,2.130435,0.967863,23
3628,基准,2.913043,1.276111,23
3629,集中,2.913043,1.164359,23
3630,伎俩,3.391304,1.117592,23
3631,佳丽,2.913043,1.083473,23
3632,建设,2.565217,1.342524,23
3633,剑客,1.869565,0.919701,23
3634,脚步,1.73913,0.915393,23
3635,叫卖,2.347826,0.982052,23
3636,接近,2.695652,0.97397,23
3637,精彩,3.086957,1.202764,23
3638,楷模,2.652174,1.191206,23
3639,砍伐,2.043478,0.877924,23
3640,看待,3.086957,1.040675,23
3641,刻画,2.608696,1.233588,23
3642,恐怖,3.695652,1.184551,23
3643,拉面,1.304348,0.702902,23
3644,蓝本,2.954545,1.132939,22
3645,牢固,3.130435,1.217462,23
3646,冷笑,2.571429,0.676123,21
3647,冷战,3.0,1.272418,22
3648,离别,2.478261,1.038774,23
3649,礼金,1.521739,0.593109,23
3650,例行,3.173913,0.984063,23
3651,秘诀,2.727273,1.279204,22
3652,描述,3.136364,1.125271,22
3653,牧童,1.391304,0.891328,23
3654,牧羊,1.478261,0.730477,23
3655,浓烟,1.608696,1.033051,23
3656,炮轰,2.454545,1.010765,22
3657,琵琶,1.347826,0.884652,23
3658,齐整,2.909091,1.019294,22
3659,起誓,3.090909,1.230915,22
3660,浅黄,2.045455,0.998917,22
3661,求助,2.782609,0.951388,23
3662,任务,2.363636,0.953463,22
3663,荣耀,3.26087,1.388832,23
3664,沙滩,1.227273,0.428932,22
3665,晌午,2.26087,1.009833,23
3666,水井,1.086957,0.288104,23
3667,搜身,2.217391,0.795243,23
3668,夙敌,3.238095,1.300183,21
3669,唆使,3.478261,0.947224,23
3670,所在,2.904762,1.300183,21
3671,台上,1.956522,0.824525,23
3672,贪欲,3.5,1.144344,22
3673,叹气,2.227273,1.020356,22
3674,腾空,3.130435,1.254242,23
3675,贴切,3.272727,1.315903,22
3676,偷渡,2.086957,0.949308,23
3677,颓废,3.565217,1.27301,23
3678,退隐,3.136364,1.206942,22
3679,外交,2.478261,1.238385,23
3680,外科,2.173913,1.11405,23
3681,五行,3.086957,1.534839,23
3682,馅饼,1.409091,0.908116,22
3683,效率,3.130435,0.967863,23
3684,写作,2.130435,0.757049,23
3685,休想,3.47619,1.249762,21
3686,修甲,1.782609,0.599736,23
3687,选项,2.545455,1.184313,22
3688,宴会,1.521739,0.593109,23
3689,验证,2.73913,1.286906,23
3690,秧苗,1.391304,0.782718,23
3691,仰望,2.818182,1.180652,22
3692,夜色,2.434783,1.121123,23
3693,已婚,1.73913,1.053884,23
3694,愠怒,3.434783,0.945135,23
3695,增进,3.227273,1.192509,22
3696,这种,3.45,1.234376,20
3697,蔗糖,1.26087,0.448978,23
3698,桎梏,3.5,1.336306,22
3699,瞩目,3.478261,1.16266,23
3700,驻扎,2.73913,1.053884,23
3701,祝贺,2.652174,1.335144,23
3702,专用,2.782609,1.277658,23
3703,撞车,1.782609,0.902347,23
3704,锥形,1.826087,0.886883,23
3705,字迹,1.826087,0.650327,23
3706,爱好,2.884615,0.90893,26
3707,凹凸,2.538462,1.33359,26
3708,斑鸠,1.461538,0.811456,26
3709,悲伤,2.923077,1.293772,26
3710,背负,3.695652,0.76484,23
3711,笨拙,3.076923,1.055389,26
3712,宾馆,1.538462,0.760567,26
3713,补考,2.115385,0.863802,26
3714,哺乳,1.769231,0.815239,26
3715,裁剪,2.04,0.840635,25
3716,采摘,1.923077,0.934797,26
3717,出版,2.653846,1.16421,26
3718,出去,2.538462,1.363254,26
3719,初衷,3.92,1.077033,25
3720,雏鸟,1.653846,0.561591,26
3721,捶背,1.5,0.761577,26
3722,纯情,3.923077,0.796145,26
3723,翠玉,2.16,0.986577,25
3724,打蜡,2.041667,0.690253,24
3725,蛋壳,1.384615,0.571099,26
3726,瞪视,2.6,0.957427,25
3727,吊销,2.692308,1.225373,26
3728,定论,3.416667,1.138904,24
3729,独居,2.038462,0.773603,26
3730,队长,2.038462,0.958364,26
3731,发誓,3.346154,1.23101,26
3732,废物,3.291667,0.999094,24
3733,风纪,3.904762,1.091089,21
3734,干柴,1.875,0.946963,24
3735,隔绝,3.692308,1.010712,26
3736,公事,2.807692,1.096147,26
3737,巩固,3.5,1.029563,26
3738,够用,3.416667,1.017955,24
3739,谷物,1.961538,0.870897,26
3740,骨科,1.846154,0.92487,26
3741,光彩,3.52,1.084743,25
3742,广告,2.923077,1.230385,26
3743,聒噪,3.521739,1.201119,23
3744,害怕,3.307692,1.192283,26
3745,行乞,2.461538,1.103839,26
3746,后备,3.454545,0.857864,22
3747,互助,2.961538,0.870897,26
3748,缓冲,3.32,0.988264,25
3749,唤醒,2.833333,1.00722,24
3750,羁留,3.47619,1.167007,21
3751,极端,3.884615,1.032547,26
3752,尖峰,3.125,0.850192,24
3753,降服,3.538462,0.989172,26
3754,郊外,2.423077,0.902134,26
3755,焦点,3.269231,1.115623,26
3756,街头,2.153846,1.286618,26
3757,静脉,2.0,1.2,26
3758,就绪,3.416667,1.017955,24
3759,举世,3.75,0.73721,24
3760,考古,2.346154,1.093336,26
3761,拷问,2.88,1.013246,25
3762,快速,3.076923,1.163549,26
3763,狂妄,3.730769,1.002305,26
3764,狼藉,3.52,1.122497,25
3765,类别,3.08,1.077033,25
3766,恋爱,3.269231,1.313246,26
3767,锣鼓,1.346154,0.689481,26
3768,麻油,1.230769,0.514408,26
3769,莽撞,3.115385,0.951921,26
3770,名气,3.44,0.916515,25
3771,目录,2.076923,0.844894,26
3772,目送,3.0,1.019804,26
3773,沐浴,1.807692,0.938903,26
3774,内疚,3.615385,1.09825,26
3775,内战,2.8,1.0,25
3776,牌九,2.347826,1.40158,23
3777,膀胱,1.346154,0.628796,26
3778,齐声,3.0,0.957427,25
3779,强暴,2.64,1.075484,25
3780,强调,3.44,0.916515,25
3781,抢劫,1.961538,1.03849,26
3782,青年,2.153846,0.967153,26
3783,软垫,1.884615,0.652805,26
3784,尚武,3.142857,1.014185,21
3785,少数,2.769231,0.992278,26
3786,射击,1.884615,0.816182,26
3787,失血,2.307692,0.970329,26
3788,时势,4.0,1.0,25
3789,诉苦,2.884615,0.993053,26
3790,所谓,4.181818,0.732664,22
3791,锁匠,1.653846,0.745241,26
3792,体检,2.307692,1.158248,26
3793,替身,2.384615,0.941357,26
3794,调解,3.0,1.019804,26
3795,停止,2.2,1.0,25
3796,投诉,2.884615,1.142871,26
3797,完蛋,3.75,0.944089,24
3798,旺盛,3.461538,0.904689,26
3799,违抗,3.153846,0.880559,26
3800,伪善,3.692308,1.010712,26
3801,误差,3.12,1.013246,25
3802,夕照,2.952381,1.244033,21
3803,西医,1.923077,1.016782,26
3804,线圈,2.307692,1.192283,26
3805,宪兵,1.923077,1.016782,26
3806,献身,3.333333,0.868115,24
3807,写实,3.115385,1.17735,26
3808,心跳,1.961538,0.915675,26
3809,心仪,3.846154,0.967153,26
3810,宣扬,3.48,0.714143,25
3811,衍变,4.28,0.842615,25
3812,椅子,1.230769,0.514408,26
3813,永世,3.956522,0.824525,23
3814,优待,3.576923,0.986836,26
3815,油墨,1.807692,0.980581,26
3816,元老,2.538462,0.989172,26
3817,早操,1.846154,0.92487,26
3818,蚱蜢,1.36,0.907377,25
3819,摘录,2.692308,1.010712,26
3820,辗转,3.846154,0.784465,26
3821,湛蓝,2.708333,1.041703,24
3822,招待,2.653846,1.056118,26
3823,制止,2.44,1.044031,25
3824,中国,1.615385,0.982931,26
3825,专一,3.153846,1.046606,26
3826,壮观,3.576923,1.02657,26
3827,卓越,3.730769,1.185165,26
3828,自己,1.846154,0.833897,26
3829,昨天,2.076923,1.262476,26
3830,暗喻,4.36,0.568624,25
3831,毙命,2.538462,1.240347,26
3832,材料,2.583333,1.248187,24
3833,菜刀,1.230769,0.514408,26
3834,糙米,1.461538,0.508391,26
3835,差距,3.538462,0.811456,26
3836,馋嘴,3.0,0.957427,25
3837,迟到,2.346154,1.129329,26
3838,垂涎,3.576923,0.856648,26
3839,刺绣,1.769231,0.764601,26
3840,带路,2.391304,1.033051,23
3841,待业,2.653846,1.093336,26
3842,德国,1.538462,0.904689,26
3843,订金,2.576923,1.101747,26
3844,冬菇,1.307692,0.549125,26
3845,段落,2.807692,1.096147,26
3846,队员,2.115385,0.993053,26
3847,法国,1.5,0.905539,26
3848,仿古,3.115385,1.210848,26
3849,纺织,2.12,0.927362,25
3850,费时,3.4,0.912871,25
3851,风化,3.666667,0.963087,24
3852,风能,2.72,1.137248,25
3853,凤梨,1.5,0.989949,26
3854,浮夸,4.153846,0.784465,26
3855,概括,4.0,0.632456,26
3856,稿费,1.730769,0.961569,26
3857,功效,3.153846,1.084152,26
3858,估计,3.8,0.763763,25
3859,鼓励,3.307692,1.257592,26
3860,光线,2.461538,1.139501,26
3861,归依,3.96,0.888819,25
3862,过分,3.576923,0.986836,26
3863,号召,3.615385,0.897861,26
3864,河马,1.423077,0.902134,26
3865,候补,2.961538,0.958364,26
3866,怀念,3.923077,1.128648,26
3867,缓和,3.615385,0.752432,26
3868,火星,1.72,1.061446,25
3869,饥饿,2.653846,1.093336,26
3870,积木,1.653846,0.745241,26
3871,集邮,1.88,0.971253,25
3872,焦土,2.521739,1.274561,23
3873,脚印,1.615385,0.752432,26
3874,境外,2.923077,0.934797,26
3875,局势,3.692308,0.928191,26
3876,聚积,3.347826,1.027295,23
3877,课堂,1.884615,0.863802,26
3878,控诉,3.038462,1.076319,26
3879,狂热,4.0,0.69282,26
3880,傀儡,3.076923,1.324329,26
3881,了得,4.043478,0.824525,23
3882,廉洁,3.115385,1.142871,26
3883,脸孔,2.115385,1.070586,26
3884,零售,2.269231,0.827415,26
3885,陆战,2.4,0.912871,25
3886,律师,1.653846,0.79711,26
3887,埋没,3.44,0.916515,25
3888,闹钟,1.269231,0.533494,26
3889,泥土,1.307692,0.679366,26
3890,逆境,3.884615,0.90893,26
3891,牛奶,1.307692,0.679366,26
3892,牛棚,1.307692,0.549125,26
3893,蹒跚,3.576923,1.02657,26
3894,泡影,3.961538,0.870897,26
3895,炮仗,1.88,0.927362,25
3896,剖析,3.92,0.571548,25
3897,谱写,3.346154,1.056118,26
3898,轻易,3.6,0.866025,25
3899,倾向,4.08,0.812404,25
3900,全部,3.16,1.434108,25
3901,泉眼,1.846154,0.833897,26
3902,热身,2.884615,0.863802,26
3903,忍受,3.653846,0.79711,26
3904,容纳,3.56,0.869866,25
3905,赛事,2.269231,1.079173,26
3906,舌头,1.307692,0.837579,26
3907,尸骸,1.615385,0.803837,26
3908,失实,3.708333,0.858673,24
3909,施工,2.538462,0.904689,26
3910,石膏,1.576923,0.702742,26
3911,时机,3.96,0.538516,25
3912,实用,3.615385,0.752432,26
3913,手掌,1.346154,0.561591,26
3914,水货,3.041667,0.858673,24
3915,水域,2.692308,1.289007,26
3916,私奔,3.24,1.16476,25
3917,斯文,3.769231,0.764601,26
3918,随从,3.0,0.932505,24
3919,锁定,3.44,0.960902,25
3920,甜品,2.038462,1.076319,26
3921,跳跃,2.692308,1.158248,26
3922,通风,2.791667,0.977093,24
3923,头胎,2.28,1.021437,25
3924,无限,4.230769,1.031802,26
3925,五百,1.708333,0.999094,24
3926,洗手,1.5,0.860233,26
3927,下跌,2.884615,1.17735,26
3928,相遇,3.153846,0.967153,26
3929,香槟,1.423077,0.643309,26
3930,襄助,3.761905,0.70034,21
3931,谐音,3.153846,1.155588,26
3932,嗅觉,2.307692,1.289007,26
3933,学生,1.615385,0.752432,26
3934,押运,2.76,0.879394,25
3935,以前,3.576923,1.238485,26
3936,因果,4.115385,0.90893,26
3937,音乐,2.230769,1.031802,26
3938,营运,3.538462,0.859338,26
3939,硬拼,3.458333,0.931533,24
3940,庸碌,3.884615,0.90893,26
3941,犹豫,3.92,0.759386,25
3942,渊源,4.153846,0.833897,26
3943,砸碎,2.375,1.013496,24
3944,摘取,2.6,1.040833,25
3945,蟑螂,1.307692,0.679366,26
3946,长进,3.76,0.723418,25
3947,忠心,3.846154,0.967153,26
3948,种子,1.92,0.909212,25
3949,祝寿,2.692308,0.928191,26
3950,转变,3.653846,0.93562,26
3951,捉奸,2.68,1.10755,25
3952,作曲,2.076923,1.055389,26
3953,哀伤,3.0,1.318761,24
3954,安危,3.375,1.013496,24
3955,败北,2.608696,1.305204,23
3956,邦交,2.85,1.225819,20
3957,棒球,1.166667,0.481543,24
3958,保存,2.333333,1.307725,24
3959,抱负,3.458333,1.473805,24
3960,碧绿,2.375,1.13492,24
3961,壁画,1.333333,0.56466,24
3962,不快,2.913043,1.083473,23
3963,不能,1.913043,1.040675,23
3964,布匹,1.5,0.780189,24
3965,参数,2.875,1.329024,24
3966,车票,1.25,0.675664,24
3967,炽热,3.208333,1.284664,24
3968,打印,1.708333,1.041703,24
3969,道谢,2.166667,0.963087,24
3970,等同,2.782609,1.042572,23
3971,点头,1.5,0.65938,24
3972,电疗,2.291667,0.80645,24
3973,都行,3.238095,1.091089,21
3974,对角,2.583333,1.138904,24
3975,多谢,2.291667,1.160179,24
3976,恶化,2.833333,1.09014,24
3977,飞逝,4.043478,1.106931,23
3978,分居,1.875,0.797414,24
3979,肤色,1.625,0.824226,24
3980,附近,2.958333,1.082636,24
3981,富有,2.791667,1.215092,24
3982,岗位,1.875,0.850192,24
3983,歌剧,1.666667,0.761387,24
3984,各人,2.75,1.113162,24
3985,沟通,2.791667,1.102533,24
3986,海沟,2.291667,1.334465,24
3987,海水,1.416667,0.717282,24
3988,黑豹,1.375,0.646899,24
3989,红娘,2.083333,0.928611,24
3990,宏伟,3.565217,0.992063,23
3991,蝴蝶,1.125,0.337832,24
3992,幻灯,2.304348,1.019571,23
3993,汇款,1.416667,0.717282,24
3994,活力,3.291667,1.160179,24
3995,基金,1.791667,1.141287,24
3996,既定,3.545455,0.800433,22
3997,荚果,2.181818,1.006473,22
3998,假想,3.782609,1.166055,23
3999,驾照,1.166667,0.380693,24
4000,轿夫,1.541667,0.658005,24
4001,教授,1.458333,0.72106,24
4002,接纳,3.041667,1.041703,24
4003,境地,3.666667,1.0495,24
4004,坑洞,2.227273,1.231794,22
4005,宽限,3.333333,1.167184,24
4006,懒惰,2.916667,1.348644,24
4007,良知,3.458333,1.382473,24
4008,邻座,1.875,0.850192,24
4009,另外,3.227273,0.922307,22
4010,录像,1.583333,0.653863,24
4011,满足,3.375,1.244553,24
4012,冒失,3.5,1.063219,24
4013,每逢,3.208333,1.102533,24
4014,弥撒,3.2,1.151658,20
4015,勉励,3.625,0.969648,24
4016,名人,2.0,1.021508,24
4017,目击,1.916667,0.775532,24
4018,牧场,1.416667,0.583592,24
4019,评审,2.625,1.345282,24
4020,破例,2.695652,1.019571,23
4021,谦虚,2.916667,1.316011,24
4022,强权,3.25,1.293798,24
4023,确认,2.5,1.215838,24
4024,乳猪,1.25,0.53161,24
4025,丧失,3.0,1.021508,24
4026,砂砾,1.826087,1.029217,23
4027,傻笑,2.0,0.932505,24
4028,伤害,2.958333,1.267629,24
4029,神殿,2.708333,1.428869,24
4030,食宿,1.916667,1.059806,24
4031,视力,1.625,0.76967,24
4032,适应,3.083333,1.100066,24
4033,室温,2.208333,1.020621,24
4034,书展,1.541667,0.658005,24
4035,述职,2.916667,1.212854,24
4036,水桶,1.166667,0.380693,24
4037,搜寻,2.625,1.013496,24
4038,谈论,2.958333,0.907896,24
4039,疼痛,2.375,1.13492,24
4040,天坛,2.208333,1.250362,24
4041,停战,2.375,0.923721,24
4042,通信,2.541667,0.977093,24
4043,途径,3.541667,0.72106,24
4044,吐血,1.875,0.946963,24
4045,驼峰,1.625,0.969648,24
4046,瓦砾,1.791667,0.883627,24
4047,晚报,1.625,0.875388,24
4048,晚年,2.875,1.115601,24
4049,王牌,2.833333,1.203859,24
4050,闻讯,2.954545,1.045502,22
4051,西岸,2.26087,1.136877,23
4052,先祖,2.5,1.351328,24
4053,掀起,2.545455,1.143398,22
4054,相信,2.75,1.073394,24
4055,写意,4.083333,0.829702,24
4056,欣慰,3.458333,1.062367,24
4057,形态,3.291667,1.232853,24
4058,凶险,3.333333,1.307725,24
4059,穴位,2.041667,0.999094,24
4060,血癌,1.75,0.896854,24
4061,颜料,1.666667,1.00722,24
4062,要闻,2.416667,0.880547,24
4063,以便,3.47619,0.980767,21
4064,艺人,1.791667,0.883627,24
4065,引荐,2.791667,1.062367,24
4066,冤家,3.041667,1.232853,24
4067,月台,1.73913,1.053884,23
4068,展出,2.291667,0.858673,24
4069,肇事,2.708333,1.267629,24
4070,正负,2.75,1.259745,24
4071,直译,2.391304,1.076152,23
4072,钟声,1.541667,0.72106,24
4073,周转,3.208333,1.141287,24
4074,走读,2.478261,1.081647,23
4075,左手,1.125,0.337832,24
4076,做梦,2.541667,1.413573,24
4077,白饭,1.708333,1.041703,24
4078,抱歉,2.791667,1.215092,24
4079,本领,3.0,1.318761,24
4080,鼻涕,1.208333,0.414851,24
4081,辨认,2.916667,1.059806,24
4082,菠菜,1.041667,0.204124,24
4083,不够,3.681818,0.893701,22
4084,参见,3.0,0.834058,24
4085,残杀,2.782609,1.042572,23
4086,拆解,3.0,1.021508,24
4087,成果,2.791667,1.284664,24
4088,斥责,2.916667,1.17646,24
4089,酬劳,1.958333,0.907896,24
4090,除夕,1.333333,0.56466,24
4091,词典,1.291667,0.464306,24
4092,当代,2.695652,1.019571,23
4093,党羽,3.083333,0.974308,24
4094,电梯,1.375,0.875388,24
4095,凋谢,2.833333,1.203859,24
4096,懂事,3.291667,1.232853,24
4097,动荡,3.458333,1.141287,24
4098,耳鸣,2.041667,0.954585,24
4099,分贝,2.416667,1.316011,24
4100,服侍,2.913043,0.99604,23
4101,复原,3.086957,1.23998,23
4102,构思,4.083333,0.880547,24
4103,顾问,2.375,1.055524,24
4104,龟裂,2.636364,1.135801,22
4105,还击,2.869565,1.099766,23
4106,和好,2.75,1.032094,24
4107,后母,1.5,0.780189,24
4108,坏账,2.086957,0.99604,23
4109,黄昏,1.916667,1.138904,24
4110,际遇,3.826087,1.072473,23
4111,见证,3.0,1.128152,23
4112,健身,1.666667,0.56466,24
4113,进食,1.791667,0.931533,24
4114,禁忌,2.791667,1.020621,24
4115,惊人,3.347826,1.228772,23
4116,狙击,2.5,1.285369,24
4117,居心,3.73913,1.053884,23
4118,抉择,3.375,0.875388,24
4119,开市,3.130435,1.01374,23
4120,刊载,2.545455,1.223861,22
4121,恐慌,3.25,1.259745,24
4122,乐器,1.869565,1.01374,23
4123,黎明,2.217391,1.166055,23
4124,里边,2.458333,0.977093,24
4125,理财,2.583333,1.348644,24
4126,弥留,3.291667,1.041703,24
4127,棉花,1.166667,0.380693,24
4128,默许,2.869565,1.01374,23
4129,浓厚,3.636364,1.135801,22
4130,偶数,2.083333,1.212854,24
4131,叛徒,2.166667,1.0495,24
4132,配戴,2.333333,1.0495,24
4133,配偶,1.333333,0.56466,24
4134,屏息,2.73913,1.251086,23
4135,破产,2.375,1.13492,24
4136,齐全,2.782609,1.277658,23
4137,契合,3.583333,1.212854,24
4138,枪手,2.0,1.123903,20
4139,悄悄,3.478261,1.410015,23
4140,桥墩,1.375,0.76967,24
4141,切实,3.636364,1.093071,22
4142,囚车,1.583333,0.775532,24
4143,囚犯,1.333333,0.56466,24
4144,球技,3.173913,1.11405,23
4145,全场,2.347826,1.027295,23
4146,群体,2.826087,1.029217,23
4147,善终,3.454545,1.143398,22
4148,生路,3.541667,1.102533,24
4149,声母,2.043478,1.296087,23
4150,牲畜,1.869565,1.01374,23
4151,失声,2.541667,1.102533,24
4152,失业,1.75,0.944089,24
4153,实况,2.625,1.095941,24
4154,似乎,3.8,1.196486,20
4155,事业,3.130435,1.289973,23
4156,侍候,2.625,1.013496,24
4157,誓死,3.583333,1.380506,24
4158,鼠辈,3.458333,1.141287,24
4159,数值,2.375,1.095941,24
4160,水分,2.416667,1.059806,24
4161,水印,1.75,1.073394,24
4162,睡觉,1.25,0.442326,24
4163,顺应,3.25,1.032094,24
4164,酥软,3.166667,1.203859,24
4165,塔尖,1.958333,1.122078,24
4166,袒露,3.086957,1.124643,23
4167,调皮,3.130435,1.099766,23
4168,尾巴,1.652174,1.112274,23
4169,无法,3.333333,1.238278,21
4170,无聊,3.416667,1.17646,24
4171,无疑,3.454545,1.184313,22
4172,吓人,3.208333,1.020621,24
4173,先机,3.869565,1.099766,23
4174,显影,3.545455,1.010765,22
4175,谢幕,2.347826,1.112274,23
4176,渲染,3.791667,1.250362,24
4177,依赖,3.291667,1.160179,24
4178,艺术,3.416667,1.17646,24
4179,异常,3.75,0.896854,24
4180,意外,3.208333,1.062367,24
4181,勇气,3.608696,1.305204,23
4182,友爱,3.25,1.073394,24
4183,有趣,3.291667,1.082636,24
4184,右倾,3.090909,1.540225,22
4185,元帅,1.416667,0.583592,24
4186,园艺,2.541667,1.215092,24
4187,绽放,3.0,1.087115,23
4188,招供,2.75,1.113162,24
4189,照旧,2.818182,1.180652,22
4190,支票,1.333333,0.701964,24
4191,枝叶,1.25,0.442326,24
4192,知识,3.208333,1.284664,24
4193,执笔,2.125,1.075922,24
4194,植树,1.541667,0.58823,24
4195,致敏,3.388889,0.777544,18
4196,中层,3.217391,0.998022,23
4197,主张,3.208333,1.318074,24
4198,纵火,2.083333,0.880547,24
4199,作业,1.75,0.793999,24
4200,癌症,2.346154,1.093336,26
4201,案头,2.521739,1.122884,23
4202,报酬,2.038462,1.03849,26
4203,伯父,1.230769,0.514408,26
4204,博彩,2.384615,1.061204,26
4205,步骤,2.884615,1.142871,26
4206,采掘,2.346154,0.845804,26
4207,测定,2.692308,1.319674,26
4208,差劲,2.769231,1.176697,26
4209,车手,2.038462,1.03849,26
4210,称呼,2.2,1.080123,25
4211,痴情,3.0,1.264911,26
4212,充饥,2.307692,1.049542,26
4213,充塞,3.083333,0.974308,24
4214,出路,2.961538,1.112862,26
4215,次日,1.730769,0.827415,26
4216,磋商,3.038462,1.112862,26
4217,挫败,2.692308,1.158248,26
4218,得奖,1.769231,0.862911,26
4219,动力,3.038462,1.310901,26
4220,读者,1.615385,0.803837,26
4221,对流,3.75,1.032094,24
4222,发掘,2.615385,0.852147,26
4223,法术,3.8,1.322876,25
4224,繁忙,2.730769,1.218448,26
4225,防水,2.0,0.938083,26
4226,废话,2.375,1.13492,24
4227,辅助,3.076923,0.97665,26
4228,高台,2.416667,1.17646,24
4229,故乡,2.038462,1.21592,26
4230,光头,1.269231,0.533494,26
4231,海盗,1.461538,0.581774,26
4232,海关,1.730769,0.724303,26
4233,好友,1.730769,0.724303,26
4234,患病,2.269231,1.002305,26
4235,会议,1.884615,0.816182,26
4236,慧眼,3.692308,0.928191,26
4237,伙食,2.115385,0.816182,26
4238,肌肉,1.4,0.866025,25
4239,基础,3.24,1.128421,25
4240,汲取,3.461538,0.859338,26
4241,佳肴,2.192308,0.938903,26
4242,艰难,3.076923,1.230385,26
4243,监测,2.538462,1.174079,26
4244,交涉,3.076923,0.934797,26
4245,郊区,1.884615,0.863802,26
4246,结晶,2.115385,0.90893,26
4247,结束,2.307692,1.225373,26
4248,金库,1.769231,0.764601,26
4249,尽责,3.0,1.131371,26
4250,精灵,3.153846,1.255143,26
4251,拘捕,2.153846,0.784465,26
4252,句法,3.347826,1.070628,23
4253,聚赌,2.0,0.912871,25
4254,决策,2.692308,0.970329,26
4255,咖啡,1.192308,0.491466,26
4256,开采,2.115385,0.765607,26
4257,可恶,3.076923,1.262476,26
4258,空闲,2.884615,1.395046,26
4259,口腔,1.346154,0.628796,26
4260,酷似,3.64,1.075484,25
4261,拉链,1.269231,0.452344,26
4262,腊月,1.692308,0.549125,26
4263,劳累,2.538462,1.174079,26
4264,了结,2.923077,0.89098,26
4265,立正,1.5,0.707107,26
4266,流星,1.615385,1.022817,26
4267,履历,2.538462,1.240347,26
4268,密码,1.884615,1.17735,26
4269,棉被,1.153846,0.367946,26
4270,面值,2.5,0.989949,26
4271,难道,4.043478,0.76742,23
4272,牛油,1.36,0.568624,25
4273,牌照,1.5,0.707107,26
4274,配搭,3.076923,1.055389,26
4275,匹配,3.192308,1.16685,26
4276,栖息,3.0,1.019804,26
4277,切入,3.461538,0.947872,26
4278,清净,2.961538,0.99923,26
4279,取代,2.769231,1.106623,26
4280,燃料,1.653846,0.745241,26
4281,肉眼,2.12,0.881287,25
4282,乳牛,1.576923,0.808608,26
4283,珊瑚,1.538462,0.859338,26
4284,上升,2.961538,1.182566,26
4285,身价,3.153846,1.189699,26
4286,事情,3.038462,1.310901,26
4287,适合,3.25,1.073394,24
4288,双打,2.52,1.045626,25
4289,丝毫,3.833333,1.0495,24
4290,坦克,1.230769,0.514408,26
4291,梯田,1.423077,0.577794,26
4292,体裁,3.272727,1.162174,22
4293,体罚,1.961538,0.598717,26
4294,湍流,3.192308,1.233507,26
4295,拓荒,2.92,1.15181,25
4296,巍峨,3.653846,0.977438,26
4297,瘟疫,2.423077,1.064822,26
4298,下次,2.88,1.301281,25
4299,相等,2.846154,1.222859,26
4300,邂逅,3.269231,1.079173,26
4301,心头,3.384615,0.897861,26
4302,性急,3.346154,0.977438,26
4303,巡逻,2.0,0.8,26
4304,雅致,3.346154,0.977438,26
4305,严惩,2.8,0.912871,25
4306,言行,2.653846,1.056118,26
4307,砚台,1.230769,0.429669,26
4308,洋服,2.076923,1.016782,26
4309,要点,3.08,0.953939,25
4310,饮食,2.076923,0.934797,26
4311,英姿,3.192308,0.895287,26
4312,佣工,2.115385,0.90893,26
4313,右边,1.653846,1.093336,26
4314,原稿,1.730769,0.77757,26
4315,约见,2.692308,1.010712,26
4316,仔细,2.96,1.240967,25
4317,再会,3.0,1.058301,26
4318,缜密,3.461538,1.139501,26
4319,镇痛,2.961538,0.915675,26
4320,仲夏,2.56,1.193035,25
4321,主厨,1.346154,0.561591,26
4322,组织,2.807692,1.059027,26
4323,熬夜,2.0,0.848528,26
4324,霸权,2.961538,0.915675,26
4325,保证,3.4,1.322876,25
4326,奔跑,1.615385,0.852147,26
4327,变革,3.192308,1.296741,26
4328,猜想,3.346154,1.198075,26
4329,参谋,3.230769,0.951113,26
4330,操心,3.192308,1.233507,26
4331,策略,3.384615,1.168826,26
4332,城池,2.346154,1.129329,26
4333,池水,1.692308,0.679366,26
4334,出线,3.04,1.059874,25
4335,春药,1.807692,1.020558,26
4336,代号,2.615385,0.941357,26
4337,单位,2.115385,0.90893,26
4338,第一,1.846154,1.31734,26
4339,碟子,1.346154,0.561591,26
4340,恩人,1.884615,0.765607,26
4341,发财,2.44,1.227464,25
4342,翻新,2.769231,1.031802,26
4343,泛指,4.208333,1.062367,24
4344,风扇,1.192308,0.401918,26
4345,夫人,1.346154,0.561591,26
4346,干扰,3.269231,1.041449,26
4347,工资,1.692308,0.679366,26
4348,官差,2.269231,1.041449,26
4349,光荣,3.307692,1.225373,26
4350,滚轮,1.846154,0.967153,26
4351,汉朝,1.769231,0.992278,26
4352,喝彩,2.653846,0.977438,26
4353,花市,1.807692,0.849434,26
4354,花园,1.461538,0.760567,26
4355,豁免,3.24,1.051982,25
4356,嫉妒,3.153846,1.405484,26
4357,夹心,2.84,0.85049,25
4358,甲组,2.869565,1.391675,23
4359,架设,3.24,1.16476,25
4360,间接,3.423077,0.986836,26
4361,减轻,3.0,1.131371,26
4362,奖励,2.653846,1.198075,26
4363,剿灭,2.4,0.912871,25
4364,结伴,2.230769,0.710363,26
4365,经历,3.2,1.154701,25
4366,矩阵,2.576923,0.986836,26
4367,锯齿,1.807692,0.895287,26
4368,科目,2.346154,0.93562,26
4369,恪守,3.653846,1.056118,26
4370,宽阔,3.0,1.095445,26
4371,困难,3.269231,1.250846,26
4372,邋遢,2.653846,1.056118,26
4373,厉害,3.384615,1.061204,26
4374,立足,3.346154,1.093336,26
4375,两地,2.708333,1.197068,24
4376,亮丽,3.5,0.860233,26
4377,猎奇,3.56,1.003328,25
4378,裂开,2.346154,0.93562,26
4379,领受,3.24,1.128421,25
4380,孪生,2.038462,0.823688,26
4381,乱世,3.28,0.979796,25
4382,麻绳,1.461538,0.646886,26
4383,庙宇,2.153846,1.222859,26
4384,谬误,3.32,0.802081,25
4385,南极,1.692308,1.049542,26
4386,内定,3.041667,1.082636,24
4387,农药,1.653846,0.891843,26
4388,脓疮,2.038462,0.823688,26
4389,牵强,3.538462,1.139501,26
4390,取悦,3.346154,1.056118,26
4391,染缸,2.24,1.16476,25
4392,锐利,2.961538,1.076319,26
4393,山洪,1.692308,0.884047,26
4394,扇动,3.115385,1.306198,26
4395,上宾,2.458333,0.832971,24
4396,上任,2.653846,1.198075,26
4397,社会,3.230769,1.106623,26
4398,申报,2.8,1.0,25
4399,收兵,2.521739,0.947224,23
4400,收成,2.307692,1.010712,26
4401,首领,1.769231,0.710363,26
4402,首演,2.346154,0.93562,26
4403,输送,2.730769,0.961569,26
4404,厮杀,2.68,0.988264,25
4405,台风,1.538462,0.760567,26
4406,探讨,3.076923,1.016782,26
4407,停职,2.16,0.85049,25
4408,同窗,2.192308,1.020558,26
4409,团结,3.076923,1.467599,26
4410,退缩,3.076923,1.128648,26
4411,玩耍,2.538462,1.30325,26
4412,围观,2.423077,0.986836,26
4413,吻合,3.192308,0.895287,26
4414,午饭,1.5,0.648074,26
4415,稀有,3.269231,1.185165,26
4416,习俗,2.884615,1.395046,26
4417,下流,3.16,1.027943,25
4418,宪法,2.0,1.058301,26
4419,信封,1.346154,0.561591,26
4420,厌食,2.52,1.084743,25
4421,艳照,2.076923,0.934797,26
4422,移动,2.64,1.150362,25
4423,以来,4.125,1.115601,24
4424,椅背,1.884615,0.951921,26
4425,艺妓,1.846154,0.967153,26
4426,引渡,3.0,1.118034,25
4427,盈余,3.04,1.059874,25
4428,涌动,3.461538,0.989172,26
4429,有利,3.038462,1.248384,26
4430,羽翼,2.576923,1.02657,26
4431,玉器,1.538462,0.581774,26
4432,预见,3.576923,1.064822,26
4433,战争,2.192308,0.849434,26
4434,站立,1.68,0.627163,25
4435,长期,3.230769,1.106623,26
4436,珍视,3.416667,1.17646,24
4437,致函,2.791667,1.250362,24
4438,终生,2.807692,1.470217,26
4439,转折,3.384615,1.134087,26
4440,装修,1.807692,0.633671,26
4441,捉弄,2.923077,0.97665,26
4442,姿势,2.615385,1.168826,26
4443,综合,3.8,1.080123,25
4444,走狗,2.32,1.069268,25
4445,最好,3.384615,1.29852,26
4446,爱护,2.896552,0.976321,29
4447,安装,1.827586,0.88918,29
4448,盎然,4.037037,0.897924,27
4449,拔河,1.310345,0.712313,29
4450,板凳,1.137931,0.350931,29
4451,保佑,3.689655,1.198316,29
4452,暴君,2.448276,1.1828,29
4453,悖论,3.481481,0.935224,27
4454,比赛,2.25,1.142609,28
4455,笔迹,2.0,1.035098,29
4456,秉公,3.413793,0.907006,29
4457,饼干,1.413793,0.779984,29
4458,刹车,1.862069,0.7894,29
4459,常规,3.535714,0.961563,28
4460,绰号,2.75,1.142609,28
4461,超人,2.892857,1.396803,28
4462,乘数,2.76,0.969536,25
4463,惩罚,2.896552,1.144703,29
4464,楚歌,3.518519,1.087353,27
4465,处长,2.068966,0.923156,29
4466,村民,1.448276,0.50612,29
4467,打牌,1.724138,0.921821,29
4468,袋鼠,1.172414,0.468201,29
4469,倒霉,3.357143,1.095928,28
4470,电波,3.0,1.28174,29
4471,定神,3.846154,0.784465,26
4472,对内,3.392857,1.13331,28
4473,放射,3.482759,0.91107,29
4474,飞天,3.576923,1.205755,26
4475,肺癌,1.551724,0.572351,29
4476,丰富,4.0,0.755929,29
4477,风力,2.448276,0.948164,29
4478,封建,3.714286,0.9759,28
4479,否决,2.5,0.989949,26
4480,服从,2.793103,0.940338,29
4481,干冰,1.448276,0.572351,29
4482,骨折,1.62069,0.862463,29
4483,馆长,1.785714,0.875897,28
4484,广泛,3.964286,1.070899,28
4485,行贿,2.296296,1.102962,27
4486,航路,2.0,0.784465,27
4487,豪迈,3.518519,0.848998,27
4488,狠毒,3.310345,1.198316,29
4489,后脑,1.586207,0.824502,29
4490,华贵,3.571429,0.997351,28
4491,机遇,3.461538,0.947872,26
4492,假期,2.0,0.755929,29
4493,巨额,3.0,1.154701,28
4494,空缺,3.107143,0.956045,28
4495,利润,2.448276,1.241721,29
4496,两手,2.275862,1.461324,29
4497,嘹亮,2.931034,1.032716,29
4498,玲珑,3.857143,0.803432,28
4499,轮廓,2.517241,1.121883,29
4500,脉搏,1.965517,0.981353,29
4501,媚俗,3.461538,1.066987,26
4502,门面,2.413793,1.15007,29
4503,蜜糖,1.931034,1.066739,29
4504,敏锐,3.310345,1.137147,29
4505,明快,3.535714,1.104943,28
4506,目前,3.037037,1.01835,27
4507,那么,4.166667,0.868115,24
4508,纳米,2.241379,1.299867,29
4509,品味,3.678571,0.818923,28
4510,平安,2.931034,1.066739,29
4511,奇幻,4.241379,0.786274,29
4512,千古,3.884615,0.863802,26
4513,迁出,2.62069,0.902924,29
4514,强壮,2.448276,1.297971,29
4515,敲击,1.931034,0.842235,29
4516,清朝,1.689655,1.038662,29
4517,球衣,1.310345,0.54139,29
4518,热潮,3.821429,0.611832,28
4519,热浪,3.172414,1.071346,29
4520,软弱,3.344828,1.044573,29
4521,杀戮,2.464286,1.070899,28
4522,删除,2.413793,1.086187,29
4523,伤寒,2.655172,1.261401,29
4524,逝世,1.758621,0.739458,29
4525,释怀,3.62069,1.115277,29
4526,耸立,3.321429,0.983327,28
4527,诉讼,2.035714,0.881167,28
4528,剔除,2.724138,1.161789,29
4529,蹄子,1.642857,0.678467,28
4530,天堂,3.821429,1.306779,28
4531,调动,2.896552,1.01224,29
4532,同等,3.241379,0.912421,29
4533,痛心,3.25,1.109721,28
4534,荼毒,3.740741,1.022538,27
4535,外患,3.275862,1.031523,29
4536,惋惜,3.62069,0.862463,29
4537,王后,1.793103,0.940338,29
4538,斡旋,3.8,0.645497,25
4539,下令,2.607143,0.956045,28
4540,嫌隙,3.413793,0.866736,29
4541,相机,1.275862,0.454859,29
4542,新闻,2.0,0.963624,29
4543,醒悟,3.275862,0.921821,29
4544,休闲,3.068966,1.066739,29
4545,修炼,4.035714,1.104943,28
4546,血汗,3.25,1.004619,28
4547,严肃,3.344828,1.110851,29
4548,页码,1.821429,0.772374,28
4549,异味,2.310345,1.038662,29
4550,毅力,3.413793,0.945563,29
4551,油压,2.464286,1.070899,28
4552,愚蠢,3.448276,0.985111,29
4553,造诣,3.62069,1.049278,29
4554,斟酌,3.888889,0.891556,27
4555,争端,3.310345,0.967451,29
4556,蒸汽,2.137931,1.059789,29
4557,正中,2.888889,0.974022,27
4558,之间,3.346154,0.79711,26
4559,直角,1.965517,1.148998,29
4560,直接,3.068966,0.883622,29
4561,至友,2.551724,1.1828,29
4562,治本,3.62069,1.146853,29
4563,重任,3.206897,1.176536,29
4564,追踪,2.793103,1.206509,29
4565,自满,3.607143,1.100144,28
4566,自我,3.464286,1.070899,28
4567,族群,2.5,0.96225,28
4568,组合,2.714286,0.89679,28
4569,座谈,2.142857,0.848279,28
4570,比分,2.62069,1.049278,29
4571,笔记,1.896552,1.01224,29
4572,笔试,1.827586,0.88918,29
4573,便利,3.25,1.040833,28
4574,补品,2.586207,1.296072,29
4575,常人,2.896552,0.976321,29
4576,场面,3.0,1.074172,27
4577,车窗,1.37931,0.621852,29
4578,诚实,3.344828,1.142549,29
4579,出卖,3.517241,1.153278,29
4580,出奇,4.0,0.963624,29
4581,炊具,1.62069,0.621852,29
4582,次序,2.793103,1.048104,29
4583,道理,3.785714,1.19744,28
4584,颠覆,3.888889,0.800641,27
4585,反对,3.034483,0.981353,29
4586,反方,2.586207,0.982607,29
4587,分化,3.428571,0.997351,28
4588,坟地,1.655172,0.768852,29
4589,丰收,2.793103,1.176536,29
4590,俸禄,2.413793,1.086187,29
4591,福利,3.103448,1.205488,29
4592,附录,2.275862,1.192133,29
4593,港币,1.37931,0.775232,29
4594,格言,2.785714,1.28689,28
4595,功力,3.538462,0.760567,26
4596,固定,2.892857,0.956045,28
4597,关怀,3.310345,0.929802,29
4598,光明,2.931034,1.2516,29
4599,光学,2.607143,1.227442,28
4600,国语,1.931034,0.883622,29
4601,过世,1.928571,0.81325,28
4602,还魂,3.807692,1.132051,26
4603,喊叫,2.517241,1.18384,29
4604,行事,3.214286,0.994695,28
4605,很多,3.615385,1.022817,26
4606,胡椒,1.448276,0.869573,29
4607,花卉,1.689655,0.967451,29
4608,花瓶,1.448276,0.827484,29
4609,回升,3.642857,0.911421,28
4610,回头,2.482759,1.29892,29
4611,会意,3.655172,0.897451,29
4612,活埋,2.0,1.133893,29
4613,机缘,3.821429,0.904866,28
4614,缉拿,2.448276,0.948164,29
4615,绩效,2.827586,1.136064,29
4616,尖酸,4.111111,0.847319,27
4617,讲解,2.758621,1.023131,29
4618,郊游,2.0,0.845154,29
4619,节省,3.148148,0.863967,27
4620,近视,2.035714,0.838082,28
4621,禁止,2.642857,1.026114,28
4622,惊喜,3.137931,1.059789,29
4623,惧怕,3.275862,1.031523,29
4624,开工,2.413793,1.086187,29
4625,矿坑,2.034483,1.209568,29
4626,愧疚,4.0,0.845154,29
4627,郎中,2.0,1.224745,29
4628,肋骨,1.724138,1.13063,29
4629,泪腺,1.857143,0.803432,28
4630,利害,4.035714,0.838082,28
4631,廉价,3.586207,0.866736,29
4632,敛财,3.035714,1.070899,28
4633,凉鞋,1.586207,1.210585,29
4634,劣势,3.689655,0.967451,29
4635,灵巧,3.827586,0.710582,29
4636,留意,3.607143,0.785955,28
4637,路边,2.103448,0.900192,29
4638,冒充,3.5,0.96225,28
4639,冒烟,2.034483,0.981353,29
4640,莫非,4.083333,0.928611,24
4641,暮色,2.689655,1.198316,29
4642,年轻,3.0,1.164965,29
4643,年长,2.758621,1.090713,29
4644,佩戴,2.482759,1.021927,29
4645,砒霜,1.689655,1.168132,29
4646,片面,3.928571,0.81325,28
4647,普及,3.724138,0.701862,29
4648,奇景,3.259259,1.095185,27
4649,浅见,3.785714,0.956736,28
4650,枪械,1.655172,1.009804,29
4651,上古,3.740741,1.227649,27
4652,设备,2.178571,1.156418,28
4653,社交,3.275862,1.161789,29
4654,势力,3.827586,0.966177,29
4655,水仙,2.103448,1.39757,29
4656,缩水,3.206897,1.013456,29
4657,提高,3.482759,1.056297,29
4658,提示,3.068966,0.961065,29
4659,体能,2.655172,1.009804,29
4660,同龄,2.482759,0.91107,29
4661,土匪,1.965517,1.117483,29
4662,退化,3.678571,0.944911,28
4663,外籍,2.285714,1.181874,28
4664,玩笑,3.206897,1.081643,29
4665,桅杆,2.464286,1.527092,28
4666,无益,3.884615,0.711445,26
4667,悟性,3.862069,0.953345,29
4668,项目,2.724138,1.065583,29
4669,雄风,3.928571,0.857584,28
4670,修身,3.37931,1.20753,29
4671,宿愿,3.888889,1.120897,27
4672,烟草,1.793103,1.048104,29
4673,杨柳,1.517241,0.949462,29
4674,仪表,2.586207,1.180715,29
4675,银行,1.448276,0.73612,29
4676,远见,3.793103,1.048104,29
4677,杂费,2.928571,1.119807,28
4678,憎恨,3.642857,1.129218,28
4679,赠送,2.655172,1.110851,29
4680,粘土,1.931034,0.997534,29
4681,长途,3.142857,1.1455,28
4682,真心,3.586207,1.15007,29
4683,正义,3.344828,1.203443,29
4684,正值,3.0,1.122167,28
4685,值班,2.310345,0.849514,29
4686,指望,3.821429,0.818923,28
4687,中药,1.758621,0.912421,29
4688,住宿,2.137931,1.156477,29
4689,注意,3.517241,0.91107,29
4690,追逐,3.071429,0.978607,28
4691,子爵,2.769231,1.365509,26
4692,作文,2.0,1.035098,29
4693,板斧,1.625,0.646899,24
4694,保安,1.625,0.76967,24
4695,变量,3.708333,1.041703,24
4696,秉性,3.681818,1.086119,22
4697,部下,2.130435,0.757049,23
4698,财政,2.416667,1.017955,24
4699,藏书,2.26087,1.096167,23
4700,察觉,3.25,0.989071,24
4701,岔开,2.782609,1.085295,23
4702,拆除,1.875,0.612372,24
4703,徜徉,3.857143,1.014185,21
4704,撤销,2.375,0.969648,24
4705,晨曦,2.5,1.063219,24
4706,尺寸,2.25,1.151558,24
4707,抽烟,1.375,0.575779,24
4708,臭味,2.333333,1.129319,24
4709,处刑,2.521739,1.081647,23
4710,春雨,2.083333,1.059806,24
4711,打更,2.208333,1.020621,24
4712,怠慢,3.434783,0.992063,23
4713,单独,2.304348,1.105144,23
4714,单调,3.304348,1.222322,23
4715,得罪,2.791667,0.832971,24
4716,地痞,1.875,0.612372,24
4717,弟子,1.791667,0.58823,24
4718,递增,2.666667,1.203859,24
4719,短路,3.0,1.087115,23
4720,断定,2.5,1.14208,24
4721,发呆,2.25,0.989071,24
4722,饭桶,2.304348,1.32921,23
4723,封号,2.869565,1.099766,23
4724,告诉,2.75,1.293798,24
4725,拱门,1.909091,0.610159,22
4726,谷底,2.565217,1.03687,23
4727,顾忌,3.208333,0.977093,24
4728,乖戾,3.875,0.850192,24
4729,观点,3.208333,1.350657,24
4730,归西,2.826087,1.266785,23
4731,果敢,2.625,1.095941,24
4732,海洋,1.416667,0.928611,24
4733,毫发,2.958333,0.999094,24
4734,后面,2.166667,1.0495,24
4735,黄泉,3.541667,1.382473,24
4736,机会,3.0,1.285369,24
4737,吉日,2.958333,1.428869,24
4738,见习,2.958333,1.082636,24
4739,交易,2.25,1.073394,24
4740,狡辩,2.75,1.151558,24
4741,劫持,2.083333,1.059806,24
4742,劫狱,1.958333,1.041703,24
4743,惊险,2.958333,1.334465,24
4744,绝版,2.125,0.899879,24
4745,卡车,1.208333,0.658005,24
4746,恳求,3.043478,1.186219,23
4747,空虚,3.666667,1.09014,24
4748,捆绑,2.041667,0.750604,24
4749,朗诵,2.041667,1.041703,24
4750,理由,2.916667,1.100066,24
4751,立方,2.782609,1.241572,23
4752,利益,3.333333,1.203859,24
4753,列车,1.333333,0.481543,24
4754,瞒骗,3.125,1.034723,24
4755,冒牌,2.863636,1.320009,22
4756,玫瑰,1.25,0.442326,24
4757,门楣,2.863636,1.283427,22
4758,面具,2.086957,1.040675,23
4759,抹布,1.5,0.884652,24
4760,囊括,3.434783,1.160959,23
4761,闹剧,2.958333,0.954585,24
4762,溺水,2.0,1.021508,24
4763,努力,2.833333,1.34056,24
4764,螃蟹,1.083333,0.28233,24
4765,泡饭,1.458333,0.58823,24
4766,启动,2.833333,1.129319,24
4767,起居,2.5,0.978019,24
4768,汽车,1.291667,0.858673,24
4769,强硬,3.0,1.383128,24
4770,瞧见,2.791667,1.215092,24
4771,清单,2.5,1.179536,24
4772,清晰,2.916667,1.282547,24
4773,闰年,2.041667,0.999094,24
4774,升任,2.826087,1.029217,23
4775,绳索,1.583333,1.100066,24
4776,世交,2.791667,1.250362,24
4777,视觉,2.347826,0.982052,23
4778,兽医,1.375,0.575779,24
4779,水管,1.083333,0.28233,24
4780,塌陷,2.125,0.899879,24
4781,特异,3.652174,0.934622,23
4782,图书,1.625,1.172604,24
4783,违法,2.708333,1.082636,24
4784,喂养,2.333333,1.274044,24
4785,温和,2.958333,0.907896,24
4786,午休,1.833333,0.816497,24
4787,误杀,2.608696,1.117592,23
4788,习武,2.0,0.932505,24
4789,席地,3.083333,1.282547,24
4790,卸任,2.708333,1.197068,24
4791,心事,3.391304,1.196173,23
4792,修养,3.25,1.113162,24
4793,许多,2.75,1.224745,24
4794,悬赏,2.458333,1.062367,24
4795,雅观,3.272727,0.827032,22
4796,眼镜,1.25,0.53161,24
4797,演技,3.0,1.251086,24
4798,阳寿,2.708333,1.45898,24
4799,药检,2.5,1.251086,24
4800,益处,3.166667,1.167184,24
4801,鸳鸯,2.0,1.243163,23
4802,月亮,1.375,0.875388,24
4803,阅历,3.0,1.063219,24
4804,运作,3.217391,0.998022,23
4805,灶台,1.583333,1.138904,24
4806,掌纹,1.583333,0.775532,24
4807,珍奇,3.347826,1.027295,23
4808,诊治,2.333333,0.868115,24
4809,阵容,2.565217,0.992063,23
4810,正直,2.5,1.215838,24
4811,直觉,3.375,1.209114,24
4812,专制,3.217391,1.085295,23
4813,转播,2.541667,1.215092,24
4814,自尽,2.304348,1.395929,23
4815,总之,3.409091,1.402688,22
4816,纵容,2.833333,0.868115,24
4817,按铃,1.782609,0.671262,23
4818,薄弱,3.291667,0.999094,24
4819,本性,3.833333,0.963087,24
4820,飙升,2.875,1.075922,24
4821,不满,2.913043,0.99604,23
4822,才华,3.083333,1.138904,24
4823,册封,3.304348,1.105144,23
4824,搀扶,2.333333,0.868115,24
4825,肠胃,1.5,0.780189,24
4826,朝气,3.208333,0.977093,24
4827,打鼓,1.625,0.76967,24
4828,单车,1.375,0.710939,24
4829,低能,3.083333,1.17646,24
4830,低下,2.958333,1.160179,24
4831,敌军,2.083333,0.974308,24
4832,惦念,3.5,1.14208,24
4833,毒计,3.125,1.075922,24
4834,繁琐,3.291667,1.041703,24
4835,方便,2.958333,1.041703,24
4836,访华,2.083333,0.974308,24
4837,分寸,3.041667,1.122078,24
4838,风铃,1.416667,0.583592,24
4839,风靡,3.434783,0.895752,23
4840,风沙,1.875,0.946963,24
4841,夫妇,1.583333,0.653863,24
4842,父亲,1.333333,0.56466,24
4843,付出,2.913043,1.124643,23
4844,附和,3.5,0.834058,24
4845,富足,2.791667,1.020621,24
4846,膏药,1.625,0.710939,24
4847,功臣,2.5,1.251086,24
4848,供电,2.125,1.115601,24
4849,关注,2.833333,1.0495,24
4850,官员,1.875,0.797414,24
4851,规例,2.869565,0.919701,23
4852,国籍,1.75,0.896854,24
4853,横跨,2.75,0.944089,24
4854,烘干,2.083333,0.653863,24
4855,幻想,3.75,1.421879,24
4856,皇后,1.583333,0.583592,24
4857,黄蜂,1.375,0.76967,24
4858,己任,3.391304,1.076152,23
4859,挤压,2.458333,1.141287,24
4860,家畜,2.041667,1.122078,24
4861,揭晓,3.25,1.032094,24
4862,节庆,2.5,1.251086,24
4863,进展,3.166667,1.167184,24
4864,剧院,1.791667,0.883627,24
4865,飓风,2.333333,1.167184,24
4866,绝缘,2.791667,0.977093,24
4867,磕头,1.666667,0.868115,24
4868,栏杆,1.291667,0.464306,24
4869,凌迟,2.958333,1.267629,24
4870,流汗,1.833333,0.868115,24
4871,聋哑,1.625,0.646899,24
4872,骆驼,1.416667,0.928611,24
4873,门户,2.75,1.151558,24
4874,密室,2.291667,1.041703,24
4875,墨水,1.583333,0.880547,24
4876,男孩,1.458333,0.779028,24
4877,农村,1.833333,1.09014,24
4878,农具,1.625,0.76967,24
4879,胚芽,2.208333,0.72106,24
4880,澎湃,3.73913,1.009833,23
4881,偏见,3.166667,1.00722,24
4882,片刻,3.291667,1.082636,24
4883,平房,1.458333,0.58823,24
4884,平滑,2.541667,1.020621,24
4885,钱币,1.333333,0.56466,24
4886,歉疚,3.333333,1.09014,24
4887,亲切,3.0,1.285369,24
4888,青蛙,1.458333,1.062367,24
4889,热中,3.6,1.095445,20
4890,睿智,3.75,0.84699,24
4891,纱布,1.25,0.442326,24
4892,商量,2.875,1.115601,24
4893,圣诞,1.958333,1.122078,24
4894,失信,3.208333,1.141287,24
4895,施法,3.35,1.182103,20
4896,示范,2.916667,0.928611,24
4897,硕士,1.958333,0.999094,24
4898,思虑,3.375,1.095941,24
4899,坦然,2.916667,1.138904,24
4900,逃生,2.75,1.188715,24
4901,特制,3.041667,1.082636,24
4902,天主,3.208333,1.350657,24
4903,通融,3.666667,1.203859,24
4904,投宿,2.375,0.923721,24
4905,投资,2.416667,1.138904,24
4906,图画,1.833333,0.761387,24
4907,图片,1.791667,0.931533,24
4908,徒弟,1.583333,0.829702,24
4909,武器,2.0,0.978019,24
4910,昔日,3.173913,1.23038,23
4911,下属,2.083333,0.829702,24
4912,线条,2.375,1.172604,24
4913,泄漏,2.833333,1.00722,24
4914,杏仁,1.291667,0.550033,24
4915,削发,2.25,0.944089,24
4916,血缘,2.375,1.438976,24
4917,讶异,3.083333,1.212854,24
4918,遥控,2.291667,0.907896,24
4919,业务,2.75,1.032094,24
4920,踊跃,3.208333,1.062367,24
4921,用药,2.291667,0.999094,24
4922,幽默,3.541667,1.102533,24
4923,幽雅,3.541667,1.062367,24
4924,右眼,1.25,0.53161,24
4925,愉快,2.791667,1.062367,24
4926,原子,3.0,1.537412,23
4927,在职,2.333333,0.816497,24
4928,赞成,2.541667,1.178767,24
4929,赞助,2.75,1.073394,24
4930,站长,1.875,0.991814,24
4931,长短,2.375,1.209114,24
4932,长官,1.916667,0.717282,24
4933,执法,2.541667,1.020621,24
4934,直率,3.125,1.190999,24
4935,质量,2.708333,1.122078,24
4936,装扮,2.458333,1.020621,24
4937,酌情,3.625,0.969648,24
4938,字母,1.791667,0.832971,24
4939,足够,2.916667,1.282547,24
4940,暧昧,3.5,1.106408,30
4941,安葬,1.709677,1.101319,31
4942,班底,3.035714,0.999338,28
4943,磅礴,3.903226,1.075634,31
4944,边际,3.516129,0.961629,31
4945,草稿,1.724138,0.648986,29
4946,草芥,3.241379,1.12298,29
4947,蟾蜍,1.290323,0.642575,31
4948,谄媚,3.4,1.162637,30
4949,磁碟,1.892857,1.030616,28
4950,道义,3.967742,0.982645,31
4951,等级,2.689655,1.168132,29
4952,低沉,3.354839,1.050346,31
4953,电阻,2.266667,1.172481,30
4954,督察,2.516129,0.99569,31
4955,妒忌,2.903226,1.350428,31
4956,端庄,3.0,1.125463,31
4957,多心,3.551724,0.948164,29
4958,犯人,1.387097,0.558416,31
4959,焚烧,1.580645,0.62044,31
4960,感动,3.225806,1.257237,31
4961,睾丸,1.258065,0.514311,31
4962,公证,2.774194,1.175009,31
4963,含冤,3.133333,0.973204,30
4964,行凶,2.354839,0.984831,31
4965,和谐,3.290323,1.270001,31
4966,后劲,3.392857,1.065947,28
4967,恢复,3.129032,1.024433,31
4968,活塞,1.870968,1.024433,31
4969,鸡屎,1.16129,0.454369,31
4970,计划,2.870968,1.024433,31
4971,寄信,1.645161,0.754912,31
4972,加倍,2.870968,1.147227,31
4973,奸臣,2.0,0.894427,31
4974,肩负,3.366667,1.033352,30
4975,将近,3.724138,0.959782,29
4976,交替,3.206897,0.940338,29
4977,届满,3.178571,1.090483,28
4978,经典,3.709677,0.972747,31
4979,精神,3.8,1.15669,30
4980,决胜,3.225806,1.116831,31
4981,恐惧,3.064516,1.181397,31
4982,跨栏,1.612903,0.760588,31
4983,宽衣,2.096774,0.870051,31
4984,浪费,2.645161,1.141589,31
4985,厘米,1.612903,1.022331,31
4986,遴选,3.321429,1.020297,28
4987,旅游,2.032258,0.948116,31
4988,妈妈,1.166667,0.461133,30
4989,美景,2.433333,1.040004,30
4990,妹夫,1.533333,0.899553,30
4991,蒙蔽,3.548387,0.888396,31
4992,秒钟,1.6,0.813676,30
4993,明亮,2.612903,1.145351,31
4994,明喻,3.678571,1.123934,28
4995,命案,2.129032,1.117794,31
4996,目睹,2.451613,1.233929,31
4997,殴打,1.677419,0.747757,31
4998,呕吐,1.516129,0.569852,31
4999,气泡,1.580645,0.764818,31
5000,欠债,2.225806,0.956022,31
5001,青草,1.322581,0.475191,31
5002,球队,1.466667,0.681445,30
5003,锐角,1.677419,0.83215,31
5004,砂石,1.516129,0.926318,31
5005,商场,1.451613,0.767624,31
5006,生病,2.387097,1.022331,31
5007,圣地,3.166667,1.116748,30
5008,食谱,1.774194,0.762001,31
5009,试验,2.741935,1.063571,31
5010,术士,3.034483,1.40109,29
5011,述说,3.096774,0.907555,31
5012,霜降,2.2,1.030567,30
5013,水蛇,1.419355,0.807225,31
5014,水源,1.806452,0.749193,31
5015,死囚,1.741935,1.031754,31
5016,挑逗,3.612903,0.954897,31
5017,厅堂,1.774194,0.883541,31
5018,同胞,2.16129,0.969425,31
5019,突破,3.290323,1.243478,31
5020,椭圆,1.806452,0.87252,31
5021,外汇,2.3,1.207734,30
5022,玩具,1.466667,0.62881,30
5023,威逼,3.387097,0.919327,31
5024,威吓,3.129032,1.05647,31
5025,围墙,1.533333,0.730297,30
5026,稳重,3.354839,1.252953,31
5027,问候,3.066667,1.048261,30
5028,武打,2.774194,1.023383,31
5029,西藏,1.129032,0.340777,31
5030,下降,2.645161,1.112007,31
5031,卸妆,1.935484,0.813858,31
5032,辛辣,2.451613,1.120676,31
5033,匈奴,1.903226,1.011759,31
5034,学童,1.677419,0.944708,31
5035,雪茄,1.290323,0.528744,31
5036,徇私,3.548387,0.850047,31
5037,演奏,2.322581,1.076634,31
5038,洋葱,1.16129,0.373878,31
5039,疑云,3.933333,0.868345,30
5040,意识,4.290323,0.972747,31
5041,影射,4.0,0.946864,30
5042,油画,1.806452,1.108132,31
5043,浴缸,1.225806,0.425024,31
5044,预想,3.806452,0.980454,31
5045,源自,4.035714,0.961563,28
5046,赠品,2.0,0.730297,31
5047,战机,1.8,1.063501,30
5048,长城,1.16129,0.373878,31
5049,照常,3.62069,1.115277,29
5050,箴言,2.892857,0.956045,28
5051,阵亡,2.258065,0.964978,31
5052,止渴,2.4,1.069966,30
5053,指定,2.741935,0.964978,31
5054,指控,3.032258,1.016001,31
5055,皱眉,1.483871,0.724383,31
5056,祝福,3.064516,1.152837,31
5057,筑巢,2.096774,0.789719,31
5058,转机,3.433333,0.971431,30
5059,装傻,2.733333,1.080655,30
5060,装置,2.096774,1.011759,31
5061,总统,1.290323,0.528744,31
5062,醉拳,2.096774,1.10619,31
5063,尊重,3.419355,1.148164,31
5064,按摩,2.16129,0.934408,31
5065,白热,3.62963,1.114525,27
5066,被害,2.806452,1.013882,31
5067,玻璃,1.258065,0.514311,31
5068,参考,3.387097,0.954897,31
5069,灿烂,3.548387,1.027577,31
5070,茶叶,1.129032,0.340777,31
5071,差异,3.451613,0.960511,31
5072,常温,2.516129,1.060533,31
5073,超度,4.074074,1.206582,27
5074,超重,2.16129,1.128325,31
5075,吵架,1.870968,0.846244,31
5076,吵闹,2.354839,1.050346,31
5077,冲劲,3.677419,0.83215,31
5078,喘息,2.387097,1.054433,31
5079,磁力,2.935484,1.314927,31
5080,此后,3.758621,1.154345,29
5081,刀剑,1.354839,0.660726,31
5082,诋毁,3.483871,0.99569,31
5083,抵达,2.516129,1.121635,31
5084,电脑,1.096774,0.300537,31
5085,定局,3.16129,1.213721,31
5086,短片,1.806452,0.792437,31
5087,发泄,3.290323,1.131181,31
5088,泛舟,2.419355,1.176837,31
5089,费解,3.548387,1.059519,31
5090,分秒,2.166667,1.085431,30
5091,尴尬,3.741935,0.815179,31
5092,挂念,3.516129,1.060533,31
5093,关照,3.225806,1.146289,31
5094,归功,3.645161,1.198565,31
5095,诡诈,3.806452,0.980454,31
5096,黑暗,2.225806,1.175009,31
5097,护照,1.290323,0.528744,31
5098,花甲,2.206897,1.206509,29
5099,诙谐,3.766667,0.897634,30
5100,挥霍,3.419355,0.958269,31
5101,祸患,3.258065,1.210172,31
5102,加刑,2.83871,1.003221,31
5103,健康,2.866667,1.136642,30
5104,介绍,2.7,1.022168,30
5105,金牌,1.366667,0.490133,30
5106,局促,3.533333,0.973204,30
5107,卡片,1.322581,0.475191,31
5108,慨叹,3.3,1.178836,30
5109,刻意,3.548387,1.027577,31
5110,垦荒,2.233333,1.040004,30
5111,快餐,1.516129,0.569852,31
5112,款待,2.677419,0.871286,31
5113,唠叨,2.677419,1.076634,31
5114,连锁,3.066667,1.201532,30
5115,灵感,3.967742,1.168585,31
5116,流程,2.870968,0.957146,31
5117,茫然,4.064516,0.853834,31
5118,梦境,3.580645,1.310832,31
5119,灭绝,2.741935,1.094463,31
5120,母舰,1.833333,0.874281,30
5121,奶粉,1.129032,0.340777,31
5122,恼火,3.354839,1.050346,31
5123,盘子,1.290323,0.461414,31
5124,泡茶,1.709677,0.901611,31
5125,漂浮,2.483871,1.060533,31
5126,平定,3.064516,1.26321,31
5127,仆役,1.9,0.959526,30
5128,企鹅,1.064516,0.249731,31
5129,强弱,3.586207,0.907006,29
5130,峭壁,1.612903,0.954897,31
5131,青春,3.354839,1.141589,31
5132,轻微,3.633333,0.999425,30
5133,情势,3.677419,0.979357,31
5134,雀斑,1.580645,0.807225,31
5135,日历,1.451613,0.767624,31
5136,如此,3.75,1.236033,28
5137,入夜,2.677419,1.221668,31
5138,赊账,2.483871,1.060533,31
5139,申辩,2.870968,1.258092,31
5140,生殖,2.129032,0.991361,31
5141,省却,3.464286,0.999338,28
5142,失火,2.0,1.032796,31
5143,实施,2.935484,0.89202,31
5144,事故,2.129032,0.957146,31
5145,手感,3.129032,1.284314,31
5146,双子,3.291667,1.122078,24
5147,水母,1.322581,0.791079,31
5148,水塘,1.225806,0.425024,31
5149,司仪,1.677419,0.83215,31
5150,思乡,3.612903,1.115868,31
5151,锁链,1.612903,0.919327,31
5152,他人,2.741935,1.124507,31
5153,踏实,3.419355,1.057487,31
5154,太多,3.172414,1.167077,29
5155,梯形,1.774194,0.956022,31
5156,提升,3.266667,1.080655,30
5157,天色,2.580645,1.204829,31
5158,条理,3.290323,1.070624,31
5159,调整,3.366667,1.217214,30
5160,同义,3.2,1.095445,30
5161,微笑,1.967742,0.795147,31
5162,无力,3.516129,1.15097,31
5163,系统,2.8,1.214851,30
5164,纤维,2.258065,1.063571,31
5165,香烟,1.225806,0.425024,31
5166,镶嵌,2.967742,1.277599,31
5167,向心,3.4,0.894427,30
5168,亚裔,1.83871,0.934408,31
5169,样子,3.193548,1.222548,31
5170,一切,3.740741,1.022538,27
5171,义演,2.655172,1.078221,29
5172,淤积,3.133333,1.195778,30
5173,怨言,3.0,1.183216,31
5174,在乎,3.354839,0.914636,31
5175,糟蹋,2.866667,0.899553,30
5176,张贴,1.967742,0.948116,31
5177,障碍,2.806452,1.046243,31
5178,遮掩,2.935484,1.09348,31
5179,知名,3.133333,0.973204,30
5180,直观,3.677419,1.076634,31
5181,致病,3.137931,0.87522,29
5182,中庭,2.521739,1.16266,23
5183,钟楼,1.448276,0.73612,29
5184,骤雨,1.741935,0.815179,31
5185,资源,3.1,1.124952,30
5186,纵情,3.833333,0.74664,30
5187,安慰,2.791667,1.020621,24
5188,白骨,2.291667,1.122078,24
5189,不对,2.416667,1.411649,24
5190,不再,3.565217,0.992063,23
5191,菜苗,1.958333,0.999094,24
5192,蚕豆,1.375,0.76967,24
5193,茶壶,1.5,0.722315,24
5194,痴心,3.75,0.989071,24
5195,臭氧,2.041667,1.232853,24
5196,窗口,2.166667,1.09014,24
5197,瓷器,1.583333,0.583592,24
5198,从政,2.916667,1.138904,24
5199,村镇,1.833333,0.868115,24
5200,大便,1.416667,0.653863,24
5201,低估,3.434783,1.199473,23
5202,叮当,3.434783,1.199473,23
5203,冬季,1.833333,0.916831,24
5204,动静,3.583333,1.017955,24
5205,惰性,3.291667,1.232853,24
5206,砝码,2.695652,1.145536,23
5207,帆布,1.666667,0.916831,24
5208,钢笔,1.166667,0.380693,24
5209,膈膜,3.304348,1.145536,23
5210,跟踪,3.043478,0.877924,23
5211,勾当,3.666667,1.129319,24
5212,规定,2.652174,1.335144,23
5213,合拍,3.25,1.032094,24
5214,衡量,3.541667,0.977093,24
5215,后来,3.625,1.209114,24
5216,后腿,2.217391,0.998022,23
5217,化验,2.666667,0.963087,24
5218,黄色,2.25,1.224745,24
5219,惠顾,3.086957,0.949308,23
5220,婚礼,1.833333,0.816497,24
5221,积分,2.545455,1.405,22
5222,急促,3.166667,0.963087,24
5223,价钱,2.5,1.251086,24
5224,价值,3.541667,1.318074,24
5225,矫形,2.913043,1.040675,23
5226,教主,2.625,1.244553,24
5227,解决,3.333333,1.274044,24
5228,禁欲,2.869565,1.179536,23
5229,旧事,3.333333,1.307725,24
5230,剧情,3.083333,1.348644,24
5231,爵士,2.416667,1.100066,24
5232,开腔,3.3,0.732695,20
5233,堪称,3.958333,0.999094,24
5234,考官,1.75,0.607919,24
5235,烤肉,1.625,0.76967,24
5236,孔雀,1.208333,0.414851,24
5237,劳苦,3.73913,0.810016,23
5238,老千,3.434783,1.160959,23
5239,雷电,1.583333,0.653863,24
5240,立场,3.583333,1.059806,24
5241,利息,2.458333,1.102533,24
5242,连累,3.304348,0.97397,23
5243,镰刀,1.5,0.780189,24
5244,量子,3.478261,1.343996,23
5245,轮回,4.043478,1.223938,23
5246,马厩,1.541667,0.58823,24
5247,蜜蜂,1.25,0.607919,24
5248,苗条,2.958333,1.041703,24
5249,民俗,3.208333,1.284664,24
5250,明天,2.333333,1.34056,24
5251,念诵,2.391304,0.891328,23
5252,女童,1.583333,0.583592,24
5253,配合,3.083333,1.059806,24
5254,披散,3.545455,1.056827,22
5255,品质,3.333333,1.403928,24
5256,品种,2.75,1.188715,24
5257,平静,3.208333,0.931533,24
5258,祈福,3.25,1.188715,24
5259,潜力,3.708333,0.999094,24
5260,蜻蜓,1.333333,0.868115,24
5261,惹祸,3.333333,1.0495,24
5262,仁兄,2.625,0.824226,24
5263,荣幸,3.625,0.875388,24
5264,撒娇,3.041667,1.082636,24
5265,色彩,2.958333,1.232853,24
5266,神话,3.666667,1.239448,24
5267,声望,3.869565,1.140349,23
5268,史诗,3.25,1.390965,24
5269,使命,3.666667,1.239448,24
5270,适宜,3.833333,1.09014,24
5271,收藏,2.521739,0.790257,23
5272,淑女,2.541667,0.931533,24
5273,水车,1.541667,0.658005,24
5274,睡衣,1.416667,0.717282,24
5275,体察,3.695652,0.822125,23
5276,调停,3.478261,1.122884,23
5277,铁桥,1.833333,0.916831,24
5278,童工,1.708333,0.858673,24
5279,望族,3.681818,1.129111,22
5280,温差,2.833333,1.167184,24
5281,吸热,3.208333,1.141287,24
5282,心计,3.869565,0.967863,23
5283,新潮,3.666667,1.09014,24
5284,新婚,2.041667,0.999094,24
5285,雄蜂,1.291667,0.750604,24
5286,严寒,2.333333,1.129319,24
5287,药材,1.916667,0.775532,24
5288,要人,3.5,0.945905,20
5289,液晶,1.916667,0.717282,24
5290,一样,3.434783,1.199473,23
5291,衣橱,1.375,0.494535,24
5292,医药,2.541667,1.020621,24
5293,遗书,2.083333,0.928611,24
5294,遗物,1.916667,1.017955,24
5295,营火,2.590909,0.796366,22
5296,营养,3.478261,1.201119,23
5297,勇夺,4.0,0.852803,23
5298,援兵,2.291667,0.80645,24
5299,云朵,1.625,0.646899,24
5300,噪音,2.458333,1.102533,24
5301,占据,3.565217,0.787752,23
5302,长笛,1.541667,0.883627,24
5303,照应,3.833333,0.868115,24
5304,窒息,3.041667,1.160179,24
5305,主题,3.782609,1.085295,23
5306,驻军,2.173913,0.834058,23
5307,装卸,2.041667,0.954585,24
5308,桌面,1.875,0.797414,24
5309,茁壮,3.565217,0.945135,23
5310,钻石,1.5,0.780189,24
5311,班级,2.333333,1.0495,24
5312,扮演,3.208333,1.250362,24
5313,绑匪,1.583333,0.50361,24
5314,报告,2.521739,1.081647,23
5315,暴晒,2.625,1.13492,24
5316,悲哀,3.708333,0.999094,24
5317,北面,2.375,1.244553,24
5318,查案,2.541667,0.977093,24
5319,柴油,1.375,0.575779,24
5320,乘法,2.375,1.345282,24
5321,吃饭,1.833333,1.00722,24
5322,吃惊,3.25,0.944089,24
5323,池塘,1.416667,0.653863,24
5324,赤足,2.25,0.989071,24
5325,璀璨,3.958333,0.858673,24
5326,存活,3.347826,1.070628,23
5327,搭车,2.041667,0.750604,24
5328,打工,2.166667,1.00722,24
5329,电话,1.5,0.834058,24
5330,独特,4.041667,0.858673,24
5331,对峙,3.291667,0.999094,24
5332,扉页,2.5,1.224745,22
5333,峰会,2.833333,0.963087,24
5334,蜂蜜,1.291667,0.464306,24
5335,福气,3.833333,1.167184,24
5336,复杂,3.695652,0.97397,23
5337,跟随,2.913043,0.949308,23
5338,公爵,2.0,0.904534,23
5339,官职,2.565217,1.27301,23
5340,锅盖,1.583333,0.775532,24
5341,汉奸,2.25,1.073394,24
5342,核弹,1.5,0.722315,24
5343,后果,3.75,0.896854,24
5344,会员,2.458333,1.250362,24
5345,混蛋,2.791667,1.178767,24
5346,稽查,2.782609,1.126399,23
5347,价格,2.125,1.115601,24
5348,坚决,3.347826,1.027295,23
5349,减价,2.125,0.991814,24
5350,剪彩,2.083333,1.017955,24
5351,简单,3.333333,1.167184,24
5352,简明,3.666667,1.129319,24
5353,酱油,1.625,0.923721,24
5354,叫苦,3.333333,1.167184,24
5355,捷径,3.434783,1.199473,23
5356,近日,3.291667,0.999094,24
5357,决断,3.541667,1.020621,24
5358,科技,3.041667,1.334465,24
5359,蝌蚪,1.333333,0.701964,24
5360,空壳,2.772727,1.109776,22
5361,快活,3.75,0.896854,24
5362,旷野,2.916667,1.248187,24
5363,扩张,3.708333,1.082636,24
5364,乐园,2.625,1.172604,24
5365,雷声,1.875,0.850192,24
5366,聊天,2.375,1.244553,24
5367,菱形,1.833333,1.167184,24
5368,零星,3.521739,0.947224,23
5369,留学,2.0,0.932505,24
5370,陋室,3.0,1.215838,24
5371,卵巢,1.625,0.76967,24
5372,论据,3.043478,1.106931,23
5373,螺旋,2.416667,1.17646,24
5374,蒙混,3.625,1.013496,24
5375,名号,3.0,1.215838,24
5376,男女,1.875,0.946963,24
5377,内力,4.0,1.140175,21
5378,年代,2.521739,0.994053,23
5379,念头,3.833333,0.963087,24
5380,凝结,3.583333,1.316011,24
5381,排外,3.695652,0.97397,23
5382,叛乱,2.75,1.259745,24
5383,皮鞭,1.5,0.932505,24
5384,匹敌,3.5,1.021508,24
5385,前往,2.913043,1.083473,23
5386,勤劳,3.041667,1.301476,24
5387,人祸,3.291667,1.232853,24
5388,丧命,2.458333,1.178767,24
5389,山泉,1.75,0.793999,24
5390,赏赐,2.869565,1.289973,23
5391,社员,2.208333,0.832971,24
5392,省略,3.347826,1.152416,23
5393,事迹,3.0,1.14208,24
5394,守望,3.434783,1.236788,23
5395,寿宴,2.333333,1.129319,24
5396,受孕,2.25,1.151558,24
5397,梳洗,2.166667,0.701964,24
5398,鼠疫,1.791667,1.102533,24
5399,四处,3.652174,1.027295,23
5400,四海,3.625,1.279011,24
5401,松弛,3.347826,0.982052,23
5402,台阶,2.25,1.259745,24
5403,太阳,1.333333,0.761387,24
5404,淘汰,2.826087,1.15413,23
5405,同步,3.333333,0.916831,24
5406,骰子,1.375,0.646899,24
5407,图鉴,2.333333,1.00722,24
5408,土著,2.695652,1.145536,23
5409,蔚蓝,3.291667,1.160179,24
5410,瞎子,2.043478,0.877924,23
5411,享受,3.583333,1.100066,24
5412,哮喘,2.0,0.65938,24
5413,刑警,1.583333,0.974308,24
5414,宣传,3.166667,1.167184,24
5415,掩饰,3.458333,1.178767,24
5416,佯攻,3.434783,1.079818,23
5417,以上,3.55,0.887041,20
5418,翌日,2.791667,1.020621,24
5419,阴凉,2.791667,0.883627,24
5420,英军,1.869565,0.868873,23
5421,影坛,2.416667,1.212854,24
5422,应当,3.818182,0.664499,22
5423,硬币,1.458333,0.658005,24
5424,幼稚,3.833333,1.00722,24
5425,鱼竿,1.25,0.442326,24
5426,雨伞,1.541667,1.062367,24
5427,遇险,3.090909,1.019294,22
5428,御赐,3.333333,1.0495,24
5429,炸鸡,1.458333,0.58823,24
5430,只顾,4.0,0.904534,23
5431,制订,3.166667,1.09014,24
5432,滞销,3.125,1.153916,24
5433,左脚,1.625,1.013496,24
5434,矮小,1.677419,0.701764,31
5435,巴结,2.935484,1.09348,31
5436,把握,3.580645,1.118755,31
5437,斑纹,1.935484,0.997847,31
5438,包抄,2.870968,1.087564,31
5439,背叛,2.645161,1.330373,31
5440,倍增,2.709677,1.370974,31
5441,本土,2.366667,1.159171,30
5442,表扬,1.967742,0.948116,31
5443,冰糖,1.225806,0.560338,31
5444,并且,3.75,1.142609,28
5445,病榻,2.4,1.275769,30
5446,仓促,3.064516,0.997847,31
5447,沉默,2.354839,0.984831,31
5448,赤子,3.035714,1.2013,28
5449,丑事,2.903226,1.075634,31
5450,出色,2.935484,1.12355,31
5451,船票,1.258065,0.444803,31
5452,创刊,2.433333,1.250747,30
5453,地球,1.419355,0.847514,31
5454,地狱,3.612903,1.202149,31
5455,吊灯,1.258065,0.444803,31
5456,定律,3.413793,1.15007,29
5457,洞窟,2.032258,1.110071,31
5458,短暂,3.5,1.042213,30
5459,婀娜,3.83871,1.003221,31
5460,飞吻,1.935484,0.771815,31
5461,风格,3.766667,1.222866,30
5462,夫子,2.928571,1.274495,28
5463,敷衍,3.129032,1.05647,31
5464,俯视,2.322581,1.275071,31
5465,负面,3.193548,1.194972,31
5466,改善,3.172414,1.071346,29
5467,感性,3.935484,1.030711,31
5468,钢筋,1.322581,0.791079,31
5469,股票,1.903226,1.075634,31
5470,呵斥,2.677419,1.076634,31
5471,赫然,4.071429,0.81325,28
5472,欢聚,2.064516,0.813858,31
5473,幻象,3.903226,1.011759,31
5474,换气,2.310345,0.849514,29
5475,荒岛,1.580645,0.922829,31
5476,回声,2.483871,1.15097,31
5477,及时,2.827586,1.197288,29
5478,纪念,3.032258,1.224306,31
5479,艰苦,2.709677,0.972747,31
5480,兼职,1.967742,0.948116,31
5481,交通,2.033333,1.033352,30
5482,巨大,2.548387,1.090526,31
5483,开除,2.032258,1.048296,31
5484,扣押,2.096774,0.789719,31
5485,枯燥,3.129032,1.310011,31
5486,列国,3.25,1.109721,28
5487,临海,2.064516,0.963863,31
5488,令郎,1.827586,0.848064,29
5489,流言,3.129032,1.05647,31
5490,吗啡,1.774194,0.990275,31
5491,门锁,1.16129,0.373878,31
5492,门诊,1.83871,0.77875,31
5493,绵力,3.708333,0.907896,24
5494,渺小,3.225806,1.116831,31
5495,明晚,1.580645,0.847514,31
5496,明月,1.483871,0.724383,31
5497,命苦,3.16129,1.213721,31
5498,漂流,2.451613,1.120676,31
5499,婆婆,1.419355,0.807225,31
5500,前辈,1.903226,0.789719,31
5501,前生,3.233333,1.165106,30
5502,钳制,3.0,1.133893,29
5503,桥头,1.580645,0.672022,31
5504,憔悴,2.612903,1.054433,31
5505,亲人,1.774194,0.844972,31
5506,去处,3.225806,1.146289,31
5507,劝解,2.645161,1.050346,31
5508,群众,2.193548,1.077632,31
5509,认罪,2.612903,1.022331,31
5510,弱智,2.645161,1.141589,31
5511,扫描,2.612903,1.256382,31
5512,善后,3.129032,1.175923,31
5513,声调,2.129032,0.921663,31
5514,失恋,2.032258,0.948116,31
5515,手册,1.677419,1.045214,31
5516,树脂,1.709677,1.070624,31
5517,塑胶,1.516129,0.769024,31
5518,谈天,3.266667,1.014833,30
5519,贴近,2.7,1.055364,30
5520,通过,2.655172,1.142549,29
5521,徒手,2.516129,1.091512,31
5522,拖延,2.967742,1.048296,31
5523,外资,2.290323,0.937854,31
5524,晚装,1.6,0.563242,30
5525,王室,1.9,0.959526,30
5526,王族,2.322581,1.076634,31
5527,位于,3.241379,1.214648,29
5528,温度,2.129032,1.087564,31
5529,无机,3.461538,1.066987,26
5530,县城,1.806452,0.909921,31
5531,象棋,1.225806,0.497305,31
5532,笑声,1.741935,0.815179,31
5533,新人,2.258065,1.031754,31
5534,信任,2.833333,1.176885,30
5535,信箱,1.322581,0.475191,31
5536,宿舍,1.322581,0.475191,31
5537,需要,3.354839,1.112007,31
5538,驯服,3.066667,0.868345,30
5539,衙门,1.774194,0.990275,31
5540,亚军,1.5,0.731083,30
5541,遗容,2.322581,1.045214,31
5542,疑惑,3.3,1.149213,30
5543,应战,3.064516,1.152837,31
5544,佣金,2.129032,0.991361,31
5545,忧愁,3.225806,1.407354,31
5546,鱼塘,1.419355,0.62044,31
5547,再见,2.517241,1.121883,29
5548,在场,2.483871,0.961629,31
5549,执导,3.034483,1.238742,29
5550,止血,1.709677,0.782881,31
5551,指挥,2.064516,0.928636,31
5552,志气,3.451613,1.286823,31
5553,治标,3.142857,0.970463,28
5554,重启,2.290323,1.101319,31
5555,重生,3.133333,1.195778,30
5556,助阵,2.709677,1.006431,31
5557,醉心,4.0,0.981307,28
5558,碍眼,3.290323,0.901611,31
5559,边沿,2.466667,1.136642,30
5560,便秘,1.83871,0.898027,31
5561,别墅,1.387097,0.715422,31
5562,不料,3.689655,0.890564,29
5563,布料,1.774194,1.086575,31
5564,采访,2.032258,0.982645,31
5565,采用,2.741935,1.124507,31
5566,承办,2.870968,0.921663,31
5567,除外,3.482759,1.056297,29
5568,触动,3.193548,1.222548,31
5569,纯粹,3.967742,1.016001,31
5570,祠堂,1.451613,0.505879,31
5571,刺杀,1.967742,1.048296,31
5572,代谢,2.966667,1.129032,30
5573,毒品,1.548387,0.925156,31
5574,恩惠,3.16129,1.067607,31
5575,防卫,2.451613,0.994609,31
5576,仿冒,2.774194,1.023383,31
5577,放荡,3.580645,0.958269,31
5578,枫叶,1.290323,0.782881,31
5579,奉告,3.129032,1.05647,31
5580,佛教,1.83871,0.934408,31
5581,否则,3.466667,0.973204,30
5582,扶助,2.645161,0.914636,31
5583,负担,2.933333,1.080655,30
5584,纲领,2.6,1.037238,30
5585,公尺,1.677419,1.045214,31
5586,公函,1.766667,0.8172,30
5587,惯性,2.806452,1.194972,31
5588,国民,1.935484,0.963863,31
5589,过境,2.428571,0.878912,28
5590,海床,2.516129,1.179575,31
5591,海滩,1.387097,0.495138,31
5592,行人,1.870968,1.087564,31
5593,贺卡,1.580645,1.118755,31
5594,花瓣,1.516129,1.028623,31
5595,花费,2.645161,0.950382,31
5596,回礼,2.16129,0.820438,31
5597,荟萃,3.482759,1.021927,29
5598,晦涩,3.928571,0.81325,28
5599,畸形,2.677419,1.194071,31
5600,激战,2.709677,1.006431,31
5601,极光,2.0,0.930949,31
5602,己见,3.516129,0.961629,31
5603,贱人,2.62069,1.146853,29
5604,交给,2.866667,1.136642,30
5605,焦虑,3.064516,1.340037,31
5606,教宗,2.535714,1.104943,28
5607,结账,1.774194,0.804557,31
5608,解析,2.806452,1.108132,31
5609,戒指,1.258065,0.444803,31
5610,金币,1.354839,0.660726,31
5611,禁闭,2.709677,1.006431,31
5612,开支,2.258065,0.929794,31
5613,苛求,3.258065,0.929794,31
5614,科学,3.193548,1.400461,31
5615,克星,2.935484,1.062559,31
5616,口味,2.806452,1.327136,31
5617,匮乏,3.354839,0.950382,31
5618,老伯,1.483871,0.724383,31
5619,力学,2.83871,1.319009,31
5620,炼钢,1.677419,0.791079,31
5621,料想,3.548387,1.059519,31
5622,烈焰,2.225806,1.116831,31
5623,临终,2.333333,1.028334,30
5624,铃声,1.645161,0.877435,31
5625,裸体,1.483871,0.724383,31
5626,盲点,3.096774,1.220788,31
5627,冒犯,3.354839,0.950382,31
5628,铭记,2.967742,1.110071,31
5629,木屋,1.290323,0.528744,31
5630,拿走,2.483871,1.179575,31
5631,内向,3.16129,1.185939,31
5632,披露,3.322581,1.076634,31
5633,瀑布,1.16129,0.454369,31
5634,气力,2.689655,1.137147,29
5635,弃婴,1.645161,0.914636,31
5636,铅球,1.258065,0.444803,31
5637,巧匠,2.612903,1.229564,31
5638,俏皮,2.967742,1.110071,31
5639,惬意,3.516129,1.207503,31
5640,清醒,2.580645,1.057487,31
5641,任何,3.655172,1.369981,29
5642,日记,1.483871,0.851311,31
5643,熔化,2.064516,0.928636,31
5644,三角,1.677419,0.83215,31
5645,诗人,1.741935,0.929794,31
5646,使用,2.677419,1.045214,31
5647,薯条,1.225806,0.425024,31
5648,他日,3.689655,1.168132,29
5649,特别,3.7,1.149213,30
5650,体贴,2.774194,1.055452,31
5651,天花,2.172414,1.197288,29
5652,调情,3.451613,1.206613,31
5653,退步,2.806452,1.108132,31
5654,蜕变,3.1,0.994814,30
5655,温驯,2.967742,1.048296,31
5656,午睡,1.709677,0.642575,31
5657,务必,3.290323,1.188656,31
5658,溪谷,1.866667,1.224276,30
5659,相对,3.516129,1.060533,31
5660,香气,2.129032,0.884757,31
5661,性格,3.064516,1.364685,31
5662,宿怨,3.466667,1.105888,30
5663,锈迹,2.258065,1.124507,31
5664,酗酒,2.096774,0.789719,31
5665,雪人,1.451613,0.722897,31
5666,窑洞,1.290323,0.461414,31
5667,营造,3.16129,0.898027,31
5668,在位,3.133333,1.195778,30
5669,早上,1.612903,0.803219,31
5670,展品,1.806452,0.833441,31
5671,真空,2.516129,1.15097,31
5672,挣脱,3.129032,1.087564,31
5673,殖民,2.419355,1.118755,31
5674,治安,2.580645,1.118755,31
5675,中叶,3.230769,1.031802,26
5676,准则,3.096774,1.135924,31
5677,灼热,2.7,0.952311,30
5678,咨询,2.645161,1.170424,31
5679,罪人,2.258065,1.124507,31
5680,包括,2.76,1.267544,25
5681,饱尝,2.84,0.986577,25
5682,保险,2.0,1.021508,24
5683,变态,3.304348,1.294561,23
5684,表白,2.346154,1.263085,26
5685,兵力,2.423077,1.064822,26
5686,财神,2.12,1.480991,25
5687,操练,2.192308,0.980581,26
5688,曾祖,1.615385,1.022817,26
5689,厂房,1.5,0.707107,26
5690,承认,2.423077,1.172112,26
5691,澄清,2.653846,1.354764,26
5692,踌躇,3.086957,1.202764,23
5693,出丑,3.076923,1.163549,26
5694,出价,2.24,0.925563,25
5695,出境,1.923077,0.97665,26
5696,处罚,2.72,1.208305,25
5697,传令,2.5,0.989949,26
5698,传说,3.692308,1.289007,26
5699,啜泣,1.88,1.092398,25
5700,次等,3.307692,1.010712,26
5701,搭档,1.923077,0.844894,26
5702,嫡传,1.884615,1.107318,26
5703,典籍,2.038462,0.915675,26
5704,点灯,1.846154,1.120439,26
5705,碘酒,1.230769,0.58704,26
5706,儿女,1.423077,0.643309,26
5707,发狂,3.24,1.128421,25
5708,反弹,3.416667,0.928611,24
5709,反攻,2.769231,1.031802,26
5710,锋利,2.44,1.227464,25
5711,敷药,1.884615,0.993053,26
5712,浮现,3.884615,1.032547,26
5713,妇科,2.307692,1.192283,26
5714,告别,2.576923,1.101747,26
5715,官能,3.652174,0.982052,23
5716,贵姓,1.92,1.15181,25
5717,过客,3.0,1.131371,26
5718,海岸,1.884615,0.951921,26
5719,海峡,1.923077,0.89098,26
5720,寒假,1.846154,0.967153,26
5721,行动,3.192308,1.16685,26
5722,合理,3.6,1.154701,25
5723,回忆,3.653846,1.354764,26
5724,火山,1.230769,0.429669,26
5725,极权,3.791667,1.102533,24
5726,寄生,3.230769,0.908083,26
5727,加冕,2.92,0.909212,25
5728,缰绳,2.2,1.190238,25
5729,接触,3.0,1.095445,26
5730,结合,3.461538,1.066987,26
5731,锦标,3.08,1.187434,25
5732,精华,3.96,1.206924,25
5733,窘境,3.269231,0.961569,26
5734,开恩,3.608696,1.269901,23
5735,课本,1.5,0.860233,26
5736,来信,1.884615,0.951921,26
5737,滥用,3.538462,1.066987,26
5738,历险,3.307692,0.970329,26
5739,伶俐,3.307692,1.225373,26
5740,灵性,4.153846,0.833897,26
5741,幔帐,2.583333,1.411649,24
5742,面相,2.64,1.319091,25
5743,呐喊,2.0,0.866025,25
5744,男人,1.230769,0.514408,26
5745,闹市,2.269231,1.002305,26
5746,宁愿,3.846154,1.084152,26
5747,扭伤,1.961538,0.870897,26
5748,暖气,1.769231,0.992278,26
5749,虐待,2.68,1.249,25
5750,培训,2.346154,0.891843,26
5751,飘泊,3.576923,1.172112,26
5752,屏障,3.038462,1.310901,26
5753,歧途,3.423077,0.902134,26
5754,气量,4.375,0.575779,24
5755,器官,1.884615,0.993053,26
5756,穷人,2.115385,1.17735,26
5757,如果,4.416667,0.880547,24
5758,洒脱,3.576923,1.02657,26
5759,上演,3.36,1.150362,25
5760,生肖,1.807692,0.895287,26
5761,失窃,2.038462,0.915675,26
5762,市镇,1.68,0.748331,25
5763,事务,2.807692,1.132051,26
5764,树林,1.423077,0.577794,26
5765,送货,1.769231,0.764601,26
5766,讨伐,3.08,0.953939,25
5767,污水,1.423077,0.503831,26
5768,无耻,3.730769,1.079173,26
5769,误会,3.269231,1.150919,26
5770,蜥蜴,1.153846,0.464095,26
5771,洗雪,4.285714,1.101946,21
5772,仙人,3.84,1.344123,25
5773,相近,3.375,1.013496,24
5774,香艳,3.615385,1.168826,26
5775,想法,3.730769,1.282426,26
5776,心醉,3.923077,1.163549,26
5777,信奉,3.576923,1.101747,26
5778,性质,3.423077,1.301478,26
5779,许久,3.083333,0.974308,24
5780,选举,2.038462,0.99923,26
5781,延长,3.038462,1.182566,26
5782,演变,3.461538,1.139501,26
5783,仰角,2.8,1.258306,25
5784,腰带,1.269231,0.452344,26
5785,遗照,1.461538,0.706018,26
5786,屹立,3.461538,1.207668,26
5787,抑制,3.346154,1.198075,26
5788,右手,1.153846,0.367946,26
5789,圆滑,3.884615,1.070586,26
5790,栽培,2.961538,0.99923,26
5791,针线,1.461538,0.859338,26
5792,真实,3.346154,1.294366,26
5793,镇定,3.115385,1.17735,26
5794,知音,3.269231,1.150919,26
5795,忠贞,3.5,1.272792,26
5796,周到,3.653846,1.263085,26
5797,专注,3.346154,1.198075,26
5798,追忆,3.846154,1.155588,26
5799,走失,2.230769,1.031802,26
5800,足迹,2.576923,1.301478,26
5801,组队,2.076923,0.688365,26
5802,遵照,2.846154,1.255143,26
5803,安静,2.92,1.22202,25
5804,百姓,2.0,1.080123,25
5805,伴郎,1.653846,0.93562,26
5806,表象,3.807692,1.200641,26
5807,病历,1.615385,0.897861,26
5808,波及,3.8,0.957427,25
5809,才能,3.576923,1.270372,26
5810,谗言,3.423077,1.238485,26
5811,猖狂,3.76,1.051982,25
5812,车箱,1.423077,0.503831,26
5813,撤职,2.461538,1.174079,26
5814,冲锋,2.653846,1.056118,26
5815,出生,2.115385,0.863802,26
5816,出席,2.0,0.848528,26
5817,磁铁,1.692308,1.158248,26
5818,打动,3.461538,1.066987,26
5819,担任,3.076923,1.016782,26
5820,得救,2.5,0.948683,26
5821,的确,3.304348,1.222322,23
5822,敌意,3.307692,1.158248,26
5823,地震,1.384615,0.637302,26
5824,地主,1.807692,0.800961,26
5825,动词,3.307692,1.378963,26
5826,堵塞,2.6,1.118034,25
5827,度过,3.44,1.003328,25
5828,对骂,2.384615,1.134087,26
5829,恶运,3.692308,1.289007,26
5830,仿生,3.391304,1.305204,23
5831,飞弛,3.375,1.095941,24
5832,封条,1.692308,0.928191,26
5833,烽火,2.423077,1.390628,26
5834,夫妻,1.5,0.707107,26
5835,伏法,2.75,1.359348,24
5836,干部,2.192308,1.096147,26
5837,干线,2.92,1.28841,25
5838,革职,2.423077,0.945434,26
5839,阁下,2.16,1.106044,25
5840,根治,2.84,1.143095,25
5841,贡品,2.192308,1.16685,26
5842,规则,2.72,1.369915,25
5843,闺秀,2.32,1.281926,25
5844,后盾,3.12,1.092398,25
5845,后勤,2.307692,1.010712,26
5846,候选,2.576923,1.172112,26
5847,回味,3.730769,0.961569,26
5848,混合,3.269231,1.115623,26
5849,记述,2.769231,1.142198,26
5850,甲子,2.272727,1.162174,22
5851,江山,3.28,1.45831,25
5852,叫喊,2.153846,1.007663,26
5853,阶段,3.384615,1.061204,26
5854,揭露,3.115385,1.107318,26
5855,解脱,3.692308,1.158248,26
5856,锦衣,2.72,1.339154,25
5857,举办,2.653846,1.056118,26
5858,绝对,3.25,1.293798,24
5859,客官,1.846154,0.833897,26
5860,口碑,3.384615,1.235376,26
5861,宽恕,3.615385,1.235376,26
5862,礼节,3.038462,1.248384,26
5863,流行,3.807692,1.059027,26
5864,旅费,1.961538,0.773603,26
5865,满座,2.076923,1.230385,26
5866,门路,3.5,1.240967,26
5867,免疫,3.16,1.280625,25
5868,女孩,1.346154,0.628796,26
5869,爬山,1.653846,0.891843,26
5870,胚胎,2.269231,1.250846,26
5871,批次,2.769231,1.210213,26
5872,劈柴,1.615385,0.982931,26
5873,频繁,3.2,1.190238,25
5874,评定,2.92,0.909212,25
5875,破坏,2.653846,1.056118,26
5876,魄力,3.846154,1.155588,26
5877,切磋,3.269231,1.002305,26
5878,请愿,3.12,1.053565,25
5879,躯壳,2.346154,1.198075,26
5880,仁厚,3.307692,1.158248,26
5881,乳房,1.269231,0.603834,26
5882,撒谎,3.192308,1.357033,26
5883,时差,2.384615,1.267341,26
5884,识别,2.884615,1.142871,26
5885,拾荒,2.6,1.224745,25
5886,食粮,1.84,1.143095,25
5887,室内,1.730769,0.961569,26
5888,受难,3.16,1.213809,25
5889,疏远,3.36,1.18603,25
5890,说谎,3.0,1.232883,26
5891,嘶叫,2.384615,1.202561,26
5892,四周,2.68,1.314027,25
5893,松鼠,1.076923,0.271746,26
5894,素描,2.12,1.092398,25
5895,套房,1.666667,0.963087,24
5896,贴身,2.576923,1.02657,26
5897,托管,2.461538,1.028816,26
5898,拖鞋,1.115385,0.325813,26
5899,网络,2.807692,1.233507,26
5900,位列,3.038462,0.870897,26
5901,虾米,1.576923,0.945434,26
5902,巷子,1.730769,1.115623,26
5903,橡树,1.346154,0.79711,26
5904,宵禁,2.384615,1.202561,26
5905,笑骂,2.76,1.331666,25
5906,新年,1.769231,1.106623,26
5907,修补,2.384615,1.09825,26
5908,阎王,2.64,1.704895,25
5909,药物,1.653846,0.745241,26
5910,依照,3.269231,1.002305,26
5911,银币,1.384615,0.571099,26
5912,用兵,3.04,1.098484,25
5913,诱导,3.538462,1.272188,26
5914,迂腐,3.84,1.027943,25
5915,余波,3.583333,1.138904,24
5916,原始,3.269231,1.34336,26
5917,招租,2.307692,0.970329,26
5918,支出,2.423077,1.172112,26
5919,肢体,1.807692,1.020558,26
5920,制裁,3.307692,1.010712,26
5921,主妇,2.038462,0.915675,26
5922,紫红,2.115385,1.336471,26
5923,总和,2.36,1.113553,25
5924,走散,2.615385,0.982931,26
5925,座位,1.538462,0.508391,26
5926,挨饿,2.0,0.866025,25
5927,爱情,3.4,1.414214,25
5928,安祥,2.958333,1.267629,24
5929,把戏,3.24,1.2,25
5930,包厢,1.44,0.869866,25
5931,报社,1.44,0.711805,25
5932,卑职,3.208333,1.062367,24
5933,北约,1.842105,0.83421,19
5934,背后,2.458333,1.062367,24
5935,背脊,1.76,1.090871,25
5936,便餐,1.92,0.909212,25
5937,遍布,3.416667,1.316011,24
5938,标本,2.0,1.080123,25
5939,波浪,1.76,1.011599,25
5940,脖子,1.16,0.374166,25
5941,不然,4.052632,1.025978,19
5942,不幸,3.36,1.254326,25
5943,草书,2.0,1.080123,25
5944,倡议,3.0,1.14208,24
5945,成本,2.52,1.194432,25
5946,成长,3.541667,1.215092,24
5947,冲动,3.583333,1.017955,24
5948,冲破,3.12,1.092398,25
5949,次要,3.32,1.10755,25
5950,打雷,1.6,0.763763,25
5951,佃农,1.695652,1.105144,23
5952,而今,3.583333,1.212854,24
5953,发愁,3.083333,1.380506,24
5954,发慌,3.12,1.235584,25
5955,发射,2.125,1.190999,24
5956,范畴,3.782609,0.850482,23
5957,俘虏,1.88,1.301281,25
5958,干掉,3.130435,1.391675,23
5959,古板,3.24,1.051982,25
5960,诡计,3.125,1.115601,24
5961,国家,1.72,1.339154,25
5962,含蓄,3.36,1.150362,25
5963,何谓,4.0,0.816497,19
5964,轰动,3.041667,1.082636,24
5965,候鸟,1.68,0.852447,25
5966,画面,2.72,1.30767,25
5967,籍贯,1.68,0.988264,25
5968,继承,2.76,1.422439,25
5969,家事,2.68,1.281926,25
5970,建功,3.083333,1.138904,24
5971,僵硬,2.6,1.154701,25
5972,讲师,1.56,0.711805,25
5973,今昔,3.409091,1.007547,22
5974,卷轴,1.833333,0.916831,24
5975,决斗,2.48,1.194432,25
5976,军人,1.12,0.439697,25
5977,亢奋,3.32,1.215182,25
5978,蓝鲸,1.16,0.374166,25
5979,老早,3.76,1.011599,25
5980,冷清,3.32,1.144552,25
5981,零用,2.619048,1.244033,21
5982,蒙古,1.16,0.374166,25
5983,妙计,3.12,1.268858,25
5984,明朝,1.458333,0.779028,24
5985,默祷,3.5,1.103355,24
5986,某些,4.304348,0.822125,23
5987,叛逆,3.28,1.208305,25
5988,朋友,1.666667,0.868115,24
5989,评论,1.916667,1.017955,24
5990,棋子,1.869565,1.140349,23
5991,气候,2.291667,0.999094,24
5992,墙壁,1.32,0.476095,25
5993,情人,2.36,1.150362,25
5994,区分,2.913043,1.124643,23
5995,去向,3.208333,1.215092,24
5996,犬齿,1.869565,1.140349,23
5997,筛选,2.826087,1.266785,23
5998,山羊,1.04,0.2,25
5999,商榷,3.5,1.103355,24
6000,商议,3.08,1.15181,25
6001,上书,2.782609,1.277658,23
6002,师父,1.72,0.936305,25
6003,蔬菜,1.84,1.213809,25
6004,耍弄,3.52,1.084743,25
6005,水塔,1.541667,0.58823,24
6006,睡意,3.16,1.374773,25
6007,颂赞,3.28,1.30767,25
6008,太空,2.72,1.275408,25
6009,淘金,2.958333,1.267629,24
6010,特辑,2.583333,1.212854,24
6011,庭园,1.48,0.585947,25
6012,顽童,2.208333,1.215092,24
6013,围困,3.25,1.073394,24
6014,味蕾,2.56,1.293574,25
6015,伍长,2.545455,1.335496,22
6016,务农,2.12,0.881287,25
6017,先驱,2.72,1.275408,25
6018,霰弹,1.666667,0.816497,24
6019,新奇,3.75,1.032094,24
6020,熊市,2.590909,1.436235,22
6021,虚名,3.52,1.084743,25
6022,悬崖,1.56,0.869866,25
6023,熏陶,3.8,0.957427,25
6024,烟囱,1.32,0.556776,25
6025,延时,3.16,1.067708,25
6026,研究,3.08,1.22202,25
6027,研习,3.08,1.22202,25
6028,野兽,1.72,0.936305,25
6029,异物,2.88,1.332917,25
6030,有关,3.458333,1.318074,24
6031,愿意,3.333333,1.307725,24
6032,韵律,3.36,1.380821,25
6033,炸药,1.36,0.489898,25
6034,张开,3.043478,1.106931,23
6035,长子,1.4,0.5,25
6036,兆头,3.88,0.971253,25
6037,着陆,2.32,1.069268,25
6038,着手,3.041667,1.301476,24
6039,政见,2.791667,1.178767,24
6040,值钱,3.0,1.443376,25
6041,指南,2.565217,1.121123,23
6042,置业,2.454545,1.184313,22
6043,住院,1.72,0.890693,25
6044,转型,3.44,1.157584,25
6045,准许,2.958333,1.267629,24
6046,奏乐,2.24,0.925563,25
6047,足球,1.12,0.331662,25
6048,作乐,3.16,1.143095,25
6049,做作,3.875,1.034723,24
6050,拜师,2.2,1.040833,25
6051,暴力,2.64,1.350309,25
6052,本身,3.090909,1.150945,22
6053,操纵,3.44,1.193035,25
6054,钞票,1.32,0.476095,25
6055,朝代,2.28,1.061446,25
6056,朝鲜,1.12,0.331662,25
6057,撤退,2.56,1.121011,25
6058,称赞,2.96,1.206924,25
6059,出身,2.92,1.255654,25
6060,床垫,1.2,0.408248,25
6061,吹牛,3.16,1.247664,25
6062,纯正,3.44,1.293574,25
6063,蠢材,2.416667,1.17646,24
6064,答应,2.76,1.128421,25
6065,打火,2.125,1.075922,24
6066,打捞,1.92,1.077033,25
6067,大臣,1.72,0.890693,25
6068,待人,2.96,1.428286,25
6069,道场,2.130435,1.289973,23
6070,定期,2.72,1.137248,25
6071,毒打,2.08,1.037625,25
6072,多种,3.26087,0.915393,23
6073,扼杀,3.24,1.267544,25
6074,发型,1.88,1.013246,25
6075,放羊,1.375,0.494535,24
6076,肺炎,1.52,0.770281,25
6077,分工,2.88,1.16619,25
6078,奋斗,3.52,1.357694,25
6079,伏兵,2.28,1.137248,25
6080,胳膊,1.08,0.276887,25
6081,桂冠,2.291667,1.122078,24
6082,果树,1.72,0.936305,25
6083,过时,3.28,1.208305,25
6084,化痰,2.48,1.045626,25
6085,怀旧,3.36,1.254326,25
6086,荒唐,3.48,1.159023,25
6087,会费,1.666667,0.481543,24
6088,会见,2.6,1.290994,25
6089,或许,3.958333,0.907896,24
6090,冀望,4.12,0.971253,25
6091,假冒,2.958333,0.954585,24
6092,尖刀,1.666667,0.916831,24
6093,坚强,3.16,1.312758,25
6094,教堂,1.52,0.770281,25
6095,景象,2.64,1.350309,25
6096,纠正,2.791667,1.141287,24
6097,考生,1.56,0.768115,25
6098,恐吓,2.84,1.404754,25
6099,枯井,1.75,0.793999,24
6100,兰花,1.12,0.331662,25
6101,篮子,1.28,0.737111,25
6102,雷同,3.208333,1.250362,24
6103,练习,2.64,1.319091,25
6104,卖弄,3.36,1.254326,25
6105,漫画,1.88,0.927362,25
6106,描写,3.08,0.953939,25
6107,藐视,3.44,0.960902,25
6108,名牌,2.0,1.087115,23
6109,那天,3.5,1.021508,24
6110,溺爱,3.0,1.040833,25
6111,年糕,1.32,0.556776,25
6112,娘家,1.72,0.791623,25
6113,喷泉,1.36,0.757188,25
6114,片酬,2.12,1.053565,25
6115,沏茶,1.64,0.757188,25
6116,前景,3.625,1.279011,24
6117,窃笑,2.625,1.13492,24
6118,劝阻,2.64,1.150362,25
6119,缺德,3.0,1.251086,24
6120,容忍,2.875,1.153916,24
6121,入狱,1.76,0.830662,25
6122,撒网,2.0,1.0,23
6123,杀菌,1.88,0.832666,25
6124,上路,3.045455,1.174218,22
6125,蛇蝎,2.875,1.512628,24
6126,设立,3.0,1.279204,23
6127,神学,3.043478,1.397344,23
6128,生涯,3.36,1.18603,25
6129,省悟,3.304348,1.490417,23
6130,失守,3.043478,1.296087,23
6131,首长,1.76,0.969536,25
6132,瘦弱,2.24,1.090871,25
6133,舒适,2.96,1.206924,25
6134,说客,2.16,0.898146,25
6135,四散,3.4,1.273206,20
6136,送客,2.32,0.945163,25
6137,踏入,2.875,1.115601,24
6138,太公,2.043478,1.106931,23
6139,态度,3.32,1.345362,25
6140,贪污,2.12,1.332917,25
6141,搪瓷,2.318182,1.249242,22
6142,体面,3.12,1.092398,25
6143,体坛,2.25,1.113162,24
6144,铜器,1.72,0.936305,25
6145,推卸,3.4,1.040833,25
6146,为期,3.333333,1.110555,21
6147,污秽,3.2,1.258306,25
6148,相片,1.666667,0.916831,24
6149,巷战,2.045455,0.898532,22
6150,心疼,3.08,1.28841,25
6151,凶狠,3.12,1.332917,25
6152,宣誓,2.333333,0.868115,24
6153,一般,3.625,1.13492,24
6154,轶事,2.826087,1.302172,23
6155,意境,3.875,1.361345,24
6156,余韵,3.73913,1.17618,23
6157,早晨,1.8,0.816497,25
6158,早点,1.916667,1.017955,24
6159,章节,2.25,1.224745,24
6160,找到,2.8,1.258306,25
6161,贞操,3.0,1.47196,25
6162,侦探,1.68,0.852447,25
6163,智商,2.88,1.42361,25
6164,稚嫩,3.04,1.240967,25
6165,中庸,3.666667,1.09014,24
6166,忠烈,3.208333,1.318074,24
6167,主观,3.92,1.382027,25
6168,贮存,2.458333,1.062367,24
6169,铸造,2.28,1.24231,25
6170,钻研,3.28,1.429452,25
6171,昨晚,2.0,1.0,25
6172,作主,2.875,1.226962,24
6173,安置,2.538462,0.989172,26
6174,办报,3.153846,1.155588,26
6175,崩溃,3.0,1.296148,26
6176,比较,3.115385,1.17735,26
6177,鄙人,2.076923,1.055389,26
6178,猜测,3.230769,1.242826,26
6179,裁判,2.038462,1.076319,26
6180,仓惶,3.538462,0.989172,26
6181,藏族,1.653846,0.845804,26
6182,颤栗,2.730769,1.115623,26
6183,乘客,1.653846,0.977438,26
6184,程度,3.923077,1.092633,26
6185,逞强,2.961538,1.182566,26
6186,丑化,3.307692,1.158248,26
6187,刺激,3.115385,1.17735,26
6188,从良,3.12,1.452584,25
6189,达观,3.791667,1.102533,24
6190,鞑靼,3.142857,1.276155,21
6191,登山,1.692308,0.788377,26
6192,低调,3.192308,0.938903,26
6193,顶点,2.48,1.194432,25
6194,法定,2.923077,1.197433,26
6195,防盗,2.52,1.194432,25
6196,放牧,2.115385,0.993053,26
6197,佛经,2.384615,1.416388,26
6198,赶路,2.076923,0.844894,26
6199,公路,1.576923,0.757526,26
6200,功德,4.0,1.058301,26
6201,固执,3.192308,1.296741,26
6202,喝酒,1.576923,0.643309,26
6203,河流,1.576923,0.702742,26
6204,洪水,1.769231,1.031802,26
6205,吼叫,2.28,1.1,25
6206,花生,1.346154,0.79711,26
6207,回归,3.384615,0.897861,26
6208,回收,2.625,1.13492,24
6209,混乱,3.346154,1.354764,26
6210,祸害,3.230769,0.992278,26
6211,记者,1.615385,0.852147,26
6212,监禁,2.5,1.104536,26
6213,兼顾,3.307692,1.086986,26
6214,接合,3.461538,1.207668,26
6215,揭幕,2.923077,1.016782,26
6216,戒心,3.5,1.103355,24
6217,句号,1.807692,1.16685,26
6218,空战,2.384615,1.022817,26
6219,叩头,1.615385,0.852147,26
6220,酷刑,2.692308,1.086986,26
6221,宽敞,2.769231,1.106623,26
6222,狂暴,3.230769,1.176697,26
6223,老树,1.923077,1.055389,26
6224,了解,3.5,1.067708,26
6225,雷池,3.88,1.092398,25
6226,亮光,2.076923,0.89098,26
6227,烈士,1.769231,0.862911,26
6228,领带,1.346154,0.561591,26
6229,密探,2.68,1.029563,25
6230,缅怀,3.5,1.104536,26
6231,面孔,2.28,1.137248,25
6232,鸣谢,3.115385,1.107318,26
6233,内奸,2.384615,1.168826,26
6234,尿频,2.192308,1.096147,26
6235,派对,2.346154,1.017539,26
6236,咆哮,2.423077,1.064822,26
6237,片断,3.153846,1.31734,26
6238,婆妈,3.2,1.154701,25
6239,起草,2.846154,1.120439,26
6240,气派,3.230769,1.394495,26
6241,巧合,3.346154,1.16421,26
6242,曲奇,2.16,1.491085,25
6243,痊愈,2.576923,1.172112,26
6244,然后,3.692308,1.225373,26
6245,染色,2.269231,1.185165,26
6246,任命,2.76,1.331666,25
6247,扫地,1.730769,0.77757,26
6248,扫墓,1.807692,0.849434,26
6249,砂锅,1.384615,0.637302,26
6250,生命,3.153846,1.405484,26
6251,实力,3.730769,1.372813,26
6252,事先,3.76,1.128421,25
6253,收容,3.038462,0.958364,26
6254,暑假,1.807692,0.980581,26
6255,衰老,2.807692,1.132051,26
6256,水球,1.833333,0.816497,24
6257,水银,1.461538,0.859338,26
6258,思念,3.769231,1.106623,26
6259,苏联,1.653846,0.891843,26
6260,溯源,3.75,1.151558,24
6261,涕泣,2.423077,1.101747,26
6262,通知,2.576923,1.101747,26
6263,同党,2.692308,1.158248,26
6264,退烧,1.916667,0.829702,24
6265,脱落,2.730769,1.115623,26
6266,文风,4.038462,1.03849,26
6267,蚊虫,1.807692,0.800961,26
6268,系列,3.615385,1.134087,26
6269,仙境,3.846154,1.046606,26
6270,雄厚,3.615385,1.235376,26
6271,熊掌,1.461538,0.811456,26
6272,叙旧,3.0,1.019804,26
6273,烟幕,2.72,1.30767,25
6274,殃及,3.653846,0.891843,26
6275,耀眼,2.692308,1.289007,26
6276,叶酸,2.230769,1.142198,26
6277,已故,2.346154,0.977438,26
6278,因缘,3.615385,1.202561,26
6279,映照,3.64,0.994987,25
6280,慵懒,3.2,1.154701,25
6281,用途,3.04,1.135782,25
6282,鱼雷,1.76,0.879394,25
6283,元首,2.038462,0.823688,26
6284,陨石,1.807692,1.059027,26
6285,运动,2.576923,1.238485,26
6286,蕴含,4.115385,0.951921,26
6287,灾民,2.192308,0.980581,26
6288,载货,2.384615,1.09825,26
6289,正餐,1.807692,0.749359,26
6290,执行,3.307692,1.123182,26
6291,职位,2.576923,1.02657,26
6292,重量,2.24,1.234234,25
6293,桌椅,1.346154,0.561591,26
6294,资历,3.538462,1.103839,26
6295,子宫,1.692308,0.788377,26
6296,子夜,2.782609,1.204406,23
6297,暗示,3.846154,0.784465,26
6298,翱翔,3.16,1.247664,25
6299,备课,2.423077,0.856648,26
6300,本色,3.615385,1.358732,26
6301,彩色,2.384615,0.941357,26
6302,承担,3.538462,1.028816,26
6303,吃亏,3.538462,1.207668,26
6304,冲力,3.36,1.113553,25
6305,丑态,3.307692,1.049542,26
6306,磁场,2.923077,1.521133,26
6307,大雾,1.961538,0.99923,26
6308,大众,2.884615,1.032547,26
6309,道别,2.538462,0.989172,26
6310,敌视,3.346154,1.129329,26
6311,恶毒,3.346154,1.129329,26
6312,发觉,3.576923,0.945434,26
6313,非凡,3.92,0.996661,25
6314,纷扰,3.846154,1.222859,26
6315,腹肌,1.653846,0.745241,26
6316,格子,2.038462,0.870897,26
6317,工头,2.192308,0.895287,26
6318,共识,3.269231,1.313246,26
6319,滚水,2.956522,1.186219,23
6320,过敏,2.615385,1.09825,26
6321,海量,3.5,1.240967,26
6322,罕见,3.423077,1.137474,26
6323,好学,3.230769,1.069867,26
6324,胡闹,3.346154,1.093336,26
6325,荒谬,4.0,1.019804,26
6326,基地,2.576923,1.064822,26
6327,计算,2.961538,1.182566,26
6328,技术,3.5,1.104536,26
6329,寄宿,2.269231,0.961569,26
6330,家访,1.961538,0.823688,26
6331,舰艇,1.576923,0.945434,26
6332,酵素,2.576923,1.36156,26
6333,结石,2.038462,0.99923,26
6334,浸透,3.307692,1.158248,26
6335,卷入,3.5,1.174734,26
6336,军营,1.961538,0.823688,26
6337,刻苦,3.769231,0.710363,26
6338,肯定,3.115385,1.142871,26
6339,苦涩,3.153846,1.189699,26
6340,况且,3.846154,1.255143,26
6341,劳作,2.84,1.143095,25
6342,老鼠,1.269231,0.724303,26
6343,泪水,1.576923,0.702742,26
6344,理解,3.653846,1.056118,26
6345,力气,3.192308,1.16685,26
6346,獠牙,2.615385,1.29852,26
6347,领略,3.68,1.144552,25
6348,流沙,2.230769,0.992278,26
6349,笼罩,3.76,1.234234,25
6350,陋习,3.346154,1.263085,26
6351,喽罗,3.227273,1.377777,22
6352,录影,2.269231,1.002305,26
6353,沦落,3.76,0.879394,25
6354,落日,1.653846,0.745241,26
6355,麻雀,1.153846,0.464095,26
6356,谋反,3.230769,1.142198,26
6357,木门,1.5,0.648074,26
6358,幕后,3.24,1.16476,25
6359,内乱,3.48,1.32665,25
6360,派别,3.375,1.408437,24
6361,判官,2.5,1.067708,26
6362,碰头,2.5,0.989949,26
6363,脾气,3.269231,1.185165,26
6364,偏心,3.384615,1.202561,26
6365,齐名,3.36,1.18603,25
6366,气压,2.769231,1.42289,26
6367,求生,3.307692,1.123182,26
6368,酋长,2.153846,0.92487,26
6369,人质,2.115385,0.863802,26
6370,荣辱,3.961538,0.915675,26
6371,赛马,2.0,0.848528,26
6372,骚扰,3.24,1.011599,25
6373,烧毁,2.36,0.95219,25
6374,哨子,1.884615,1.032547,26
6375,省长,1.692308,0.970329,26
6376,盛放,3.24,1.267544,25
6377,盛世,3.384615,1.358732,26
6378,十足,3.96,1.098484,25
6379,士兵,1.576923,0.643309,26
6380,手心,1.653846,0.891843,26
6381,输家,2.769231,1.305609,26
6382,树龄,2.692308,1.158248,26
6383,丝带,1.730769,0.874423,26
6384,塔楼,1.884615,0.816182,26
6385,踏足,3.423077,1.172112,26
6386,汤匙,1.423077,0.757526,26
6387,提出,3.269231,1.002305,26
6388,调味,2.807692,1.16685,26
6389,听众,2.153846,1.120439,26
6390,妥善,3.807692,1.132051,26
6391,挖苦,3.653846,1.093336,26
6392,万幸,3.961538,1.03849,26
6393,卫兵,1.692308,0.549125,26
6394,味道,3.192308,1.200641,26
6395,温习,3.115385,1.107318,26
6396,西瓜,1.538462,0.947872,26
6397,小人,3.269231,1.150919,26
6398,兴趣,3.538462,0.989172,26
6399,严重,3.923077,0.89098,26
6400,样本,2.692308,1.225373,26
6401,要塞,2.666667,1.09014,24
6402,夜盲,2.6,1.224745,25
6403,疑问,3.5,1.392839,26
6404,姻缘,3.230769,1.335895,26
6405,拥戴,3.4,1.224745,25
6406,邮购,2.346154,0.845804,26
6407,余力,3.72,0.979796,25
6408,宇航,2.423077,1.137474,26
6409,冤仇,3.576923,1.205755,26
6410,元气,4.08,0.862168,25
6411,原因,3.6,1.47196,25
6412,约束,3.64,0.994987,25
6413,战斗,2.576923,0.945434,26
6414,正宗,3.807692,1.132051,26
6415,治病,2.576923,1.064822,26
6416,中秋,1.923077,1.092633,26
6417,衷心,3.461538,1.028816,26
6418,洲际,3.4,1.224745,25
6419,阻碍,3.692308,1.192283,26
6420,奥妙,3.555556,0.974022,27
6421,白痴,2.37037,1.005682,27
6422,班房,1.961538,0.773603,26
6423,搬家,1.518519,0.893152,27
6424,悲愤,2.851852,1.231125,27
6425,毕生,3.269231,1.218448,26
6426,编写,2.259259,0.984206,27
6427,标枪,1.52,0.918332,25
6428,兵役,2.074074,1.035,27
6429,驳船,2.181818,1.220319,22
6430,布施,3.25,0.944089,24
6431,城墙,1.148148,0.362014,27
6432,橙汁,1.074074,0.26688,27
6433,充军,2.740741,1.022538,27
6434,穿越,3.777778,1.154701,27
6435,创伤,3.037037,1.224163,27
6436,吹嘘,3.407407,1.217161,27
6437,炊烟,1.814815,1.001423,27
6438,从业,2.703704,0.953327,27
6439,答案,2.153846,0.967153,26
6440,代价,3.5,1.140175,26
6441,地址,1.814815,1.039121,27
6442,典当,2.461538,1.066987,26
6443,电池,1.222222,0.423659,27
6444,吊唁,2.923077,1.324329,26
6445,对话,2.851852,1.166972,27
6446,对调,3.115385,1.210848,26
6447,恩怨,3.518519,1.122167,27
6448,发愣,2.888889,1.368136,27
6449,发明,3.2,1.040833,25
6450,方圆,3.37037,1.148516,27
6451,分钟,2.407407,1.083416,27
6452,附注,2.185185,0.921414,27
6453,复数,2.703704,1.324759,27
6454,改革,3.461538,1.240347,26
6455,干涸,2.407407,1.047314,27
6456,革命,3.518519,1.122167,27
6457,公敌,3.148148,1.06351,27
6458,股市,2.481481,1.220667,27
6459,国旗,1.222222,0.640513,27
6460,过错,3.185185,1.177907,27
6461,好意,3.148148,1.026709,27
6462,鸿毛,3.16,1.280625,25
6463,呼应,3.5,0.989949,26
6464,幻灭,4.111111,1.050031,27
6465,昏暗,2.555556,1.120897,27
6466,机密,3.037037,1.192331,27
6467,跻身,3.583333,0.974308,24
6468,加油,3.269231,1.041449,26
6469,假日,2.0,0.848528,26
6470,交代,3.148148,1.199478,27
6471,节目,1.888889,0.847319,27
6472,景观,2.222222,1.154701,27
6473,拘留,2.037037,1.055443,27
6474,可能,3.791667,0.883627,24
6475,腊肠,1.518519,0.975483,27
6476,来往,3.259259,0.944319,27
6477,礼貌,2.740741,1.227649,27
6478,林地,1.888889,0.974022,27
6479,凌霄,3.956522,1.106931,23
6480,流畅,3.4,1.040833,25
6481,隆重,3.333333,1.037749,27
6482,马贼,2.125,1.075922,24
6483,免费,2.259259,1.195909,27
6484,面粉,1.148148,0.601518,27
6485,民营,2.461538,1.139501,26
6486,哪怕,4.291667,0.750604,24
6487,纳豆,2.130435,1.358621,23
6488,内容,3.0,1.16619,26
6489,泥泞,2.296296,1.203035,27
6490,啤酒,1.222222,0.800641,27
6491,恰当,3.5,0.860233,26
6492,潜能,3.740741,1.258589,27
6493,强身,2.925926,1.035,27
6494,樵夫,1.444444,0.640513,27
6495,劝说,3.037037,1.01835,27
6496,雀巢,2.36,1.075484,25
6497,柔软,3.0,1.074172,27
6498,肉类,2.259259,1.163304,27
6499,润滑,2.807692,1.020558,26
6500,撒旦,2.666667,1.493949,24
6501,神志,4.074074,0.780824,27
6502,盛情,3.666667,1.0,27
6503,寿命,2.592593,1.185141,27
6504,水泥,1.333333,0.679366,27
6505,抬举,3.538462,0.989172,26
6506,炭火,1.740741,1.095185,27
6507,提倡,3.333333,1.240347,27
6508,头晕,2.296296,1.265361,27
6509,透彻,3.88,0.832666,25
6510,团长,2.111111,1.086042,27
6511,挖掘,2.62963,1.213645,27
6512,外国,2.518519,1.051386,27
6513,晚节,3.72,1.021437,25
6514,王国,2.666667,1.1094,27
6515,文盲,2.37037,1.275453,27
6516,问罪,2.96,1.306395,25
6517,犀牛,1.222222,0.50637,27
6518,锡纸,1.259259,0.525693,27
6519,夏天,1.846154,1.007663,26
6520,罅隙,3.714286,0.956183,21
6521,肖像,2.740741,1.095185,27
6522,消暑,3.037037,1.01835,27
6523,协助,3.074074,1.238048,27
6524,信念,4.296296,0.91209,27
6525,信誉,3.444444,1.281025,27
6526,演化,4.037037,0.939782,27
6527,谣言,3.148148,1.350319,27
6528,逸事,3.6,1.0,25
6529,音讯,3.153846,1.084152,26
6530,迎合,3.555556,1.050031,27
6531,臃肿,2.461538,1.066987,26
6532,渔村,1.814815,0.921414,27
6533,远方,3.814815,1.177907,27
6534,长度,2.407407,1.047314,27
6535,着色,2.875,0.899879,24
6536,志向,3.740741,1.163304,27
6537,制伏,2.703704,1.030863,27
6538,重点,2.740741,1.227649,27
6539,重视,3.192308,1.16685,26
6540,骤变,3.444444,1.086042,27
6541,珠峰,1.962963,1.192331,27
6542,逐出,3.16,0.85049,25
6543,自卑,3.259259,1.318291,27
6544,挨打,2.222222,0.974022,27
6545,暗号,3.037037,1.159625,27
6546,伴侣,1.888889,0.751068,27
6547,报答,3.37037,1.079464,27
6548,本剧,2.961538,1.03849,26
6549,比武,2.333333,1.074172,27
6550,表带,2.0,1.154701,25
6551,病毒,2.692308,1.192283,26
6552,播放,2.518519,1.014145,27
6553,才貌,3.259259,1.288786,27
6554,测验,2.703704,1.102962,27
6555,臣服,3.115385,1.107318,26
6556,呈现,3.346154,1.294366,26
6557,迟钝,3.185185,1.210119,27
6558,持械,2.583333,1.316011,24
6559,辞职,2.111111,1.120897,27
6560,凑数,2.962963,1.091276,27
6561,挡风,2.384615,1.09825,26
6562,倒闭,2.481481,1.311792,27
6563,冬天,1.666667,1.1094,27
6564,躲避,2.703704,1.067521,27
6565,恶劣,3.481481,1.051386,27
6566,房间,1.62963,0.92604,27
6567,飞越,3.444444,0.847319,27
6568,分娩,1.961538,0.823688,26
6569,蜂巢,1.703704,0.724028,27
6570,福分,3.807692,1.233507,26
6571,附加,3.153846,1.222859,26
6572,复兴,3.62963,0.92604,27
6573,丐帮,2.307692,1.049542,26
6574,甘甜,2.777778,1.310705,27
6575,感伤,3.740741,1.022538,27
6576,各种,3.75,1.073394,24
6577,根茎,1.730769,0.666795,26
6578,恭迎,3.269231,1.002305,26
6579,还债,2.037037,0.854017,27
6580,海狮,1.407407,0.693889,27
6581,酣睡,2.518519,1.014145,27
6582,好恶,3.4,1.224745,25
6583,狠心,3.111111,1.2195,27
6584,惠及,3.730769,0.961569,26
6585,火柴,1.481481,0.752962,27
6586,火锅,1.703704,1.137298,27
6587,伙计,2.296296,0.91209,27
6588,击球,2.222222,1.050031,27
6589,计较,3.592593,0.888355,27
6590,季刊,2.0,0.979796,26
6591,寄居,2.518519,1.122167,27
6592,夹击,2.769231,1.242826,26
6593,奸细,2.148148,0.988538,27
6594,检查,2.692308,1.010712,26
6595,狡猾,3.518519,1.282137,27
6596,届时,3.296296,1.170628,27
6597,警醒,3.518519,1.220667,27
6598,久违,3.777778,1.086042,27
6599,口才,3.259259,1.258589,27
6600,苦楚,3.62963,1.043225,27
6601,垃圾,2.259259,1.022538,27
6602,来宾,2.111111,0.891556,27
6603,劳工,1.851852,0.7698,27
6604,离间,3.538462,0.989172,26
6605,立国,2.925926,1.174273,27
6606,良师,2.407407,0.930643,27
6607,两岸,2.407407,0.971092,27
6608,料理,2.653846,1.093336,26
6609,令尊,2.037037,1.01835,27
6610,旅行,2.037037,1.01835,27
6611,麦片,1.222222,0.423659,27
6612,麋鹿,1.333333,0.877058,27
6613,秘鲁,1.481481,0.848998,27
6614,魔王,3.111111,1.050031,27
6615,末日,3.555556,1.187542,27
6616,呢喃,3.375,1.209114,24
6617,农夫,1.555556,0.640513,27
6618,迁怒,3.481481,1.051386,27
6619,遣返,2.777778,1.050031,27
6620,倩影,3.62963,1.114525,27
6621,强制,3.0,1.441153,27
6622,翘首,3.423077,1.101747,26
6623,侵华,2.038462,1.112862,26
6624,青铜,2.076923,1.163549,26
6625,扔掉,2.259259,1.095185,27
6626,赛车,1.692308,0.617688,26
6627,散布,3.230769,1.106623,26
6628,煽动,3.307692,1.010712,26
6629,少爷,2.296296,0.868899,27
6630,舍下,3.12,1.092398,25
6631,生日,2.185185,1.210119,27
6632,史前,3.0,1.240347,27
6633,视频,2.37037,1.148516,27
6634,收缩,2.923077,1.128648,26
6635,他乡,2.851852,1.231125,27
6636,泰然,3.923077,1.092633,26
6637,毯子,1.259259,0.446576,27
6638,停车,1.925926,0.997147,27
6639,同居,2.0,0.877058,27
6640,外泄,3.083333,0.974308,24
6641,委任,2.555556,1.086042,27
6642,握拳,1.814815,1.001423,27
6643,无情,3.555556,1.086042,27
6644,吸吮,2.259259,1.022538,27
6645,嘻笑,2.444444,1.012739,27
6646,细节,3.222222,1.281025,27
6647,响亮,2.925926,1.14105,27
6648,销魂,3.962963,0.897924,27
6649,须知,3.08,1.28841,25
6650,咬噬,3.125,1.2619,24
6651,夜晚,1.703704,0.823446,27
6652,医学,2.259259,1.163304,27
6653,盈利,2.592593,1.152231,27
6654,优势,2.740741,1.318291,27
6655,鱼缸,1.222222,0.423659,27
6656,咋舌,3.2,1.080123,25
6657,灾难,3.111111,1.086042,27
6658,暂停,2.666667,1.176697,27
6659,张望,2.777778,1.050031,27
6660,长大,3.148148,1.199478,27
6661,值得,3.653846,1.093336,26
6662,指尖,1.592593,0.843949,27
6663,中队,2.730769,0.91903,26
6664,中原,2.653846,1.129329,26
6665,钟爱,3.37037,1.114525,27
6666,滋生,3.423077,1.172112,26
6667,凹陷,2.230769,0.992278,26
6668,白酒,1.307692,0.679366,26
6669,鸨母,2.708333,1.267629,24
6670,北方,2.44,0.916515,25
6671,本部,3.12,1.053565,25
6672,绷带,1.346154,0.689481,26
6673,别人,2.96,1.206924,25
6674,采光,2.538462,1.139501,26
6675,参观,2.692308,1.158248,26
6676,侧面,2.96,1.135782,25
6677,拆毁,2.269231,1.002305,26
6678,炒饭,1.269231,0.452344,26
6679,出众,3.44,1.083205,25
6680,初中,1.576923,0.577794,26
6681,除草,1.538462,0.904689,26
6682,处事,3.769231,0.908083,26
6683,唇膏,1.153846,0.367946,26
6684,词语,2.423077,1.101747,26
6685,辞世,2.192308,1.132051,26
6686,从容,3.615385,0.982931,26
6687,大战,3.36,1.150362,25
6688,代用,3.68,0.9,25
6689,淡化,3.8,0.866025,25
6690,灯光,1.769231,0.764601,26
6691,敌人,2.461538,0.989172,26
6692,点将,2.956522,1.260529,23
6693,鼎盛,3.692308,1.257592,26
6694,订价,2.6,1.040833,25
6695,发育,3.192308,1.16685,26
6696,方案,2.576923,1.101747,26
6697,方针,3.153846,1.433661,26
6698,放学,1.846154,0.7317,26
6699,非礼,2.923077,0.934797,26
6700,粪便,1.307692,0.837579,26
6701,奉承,3.576923,1.205755,26
6702,付款,1.730769,0.77757,26
6703,改写,3.192308,1.096147,26
6704,告急,3.6,1.0,25
6705,归去,3.12,1.16619,25
6706,豪放,3.461538,1.240347,26
6707,合适,3.64,0.907377,25
6708,哄骗,2.923077,0.934797,26
6709,户口,1.461538,0.859338,26
6710,划分,3.041667,1.160179,24
6711,灰烬,2.230769,1.142198,26
6712,祭祖,1.884615,0.711445,26
6713,家人,1.653846,0.745241,26
6714,阶梯,2.28,1.24231,25
6715,金属,1.807692,0.895287,26
6716,举重,1.8,0.816497,25
6717,巨匠,3.769231,1.210213,26
6718,君主,2.076923,1.092633,26
6719,可以,3.782609,0.998022,23
6720,苦战,3.461538,1.066987,26
6721,窥探,3.192308,1.16685,26
6722,擂台,2.269231,0.874423,26
6723,炼狱,4.269231,0.91903,26
6724,亮相,2.72,1.021437,25
6725,凌晨,1.653846,0.628796,26
6726,柳树,1.076923,0.271746,26
6727,露宿,2.115385,0.765607,26
6728,马路,1.346154,0.561591,26
6729,矛盾,3.961538,0.870897,26
6730,媒体,2.346154,0.977438,26
6731,蒙福,4.117647,0.781213,17
6732,妙法,4.15,0.812728,20
6733,年幼,2.230769,0.651625,26
6734,牛犊,1.692308,0.735893,26
6735,排列,3.0,1.131371,26
6736,聘礼,2.038462,0.823688,26
6737,其中,3.818182,0.732664,22
6738,前行,2.615385,1.168826,26
6739,前脚,2.173913,0.886883,23
6740,枪决,1.961538,0.870897,26
6741,屈服,3.384615,1.022817,26
6742,雀跃,3.346154,1.23101,26
6743,舢板,1.73913,1.053884,23
6744,上级,2.153846,1.084152,26
6745,施主,2.423077,1.101747,26
6746,时代,3.44,1.121011,25
6747,实验,2.346154,0.977438,26
6748,事变,3.36,1.18603,25
6749,是否,3.5,1.063219,24
6750,树立,3.615385,1.061204,26
6751,天使,3.52,1.32665,25
6752,挑剔,3.461538,1.066987,26
6753,调剂,3.72,0.842615,25
6754,投缘,3.730769,1.250846,26
6755,脱险,3.307692,1.192283,26
6756,妄想,4.08,1.077033,25
6757,物质,2.92,1.382027,25
6758,洗劫,2.692308,1.123182,26
6759,戏曲,1.615385,0.697247,26
6760,限定,3.44,1.157584,25
6761,歇息,2.461538,0.947872,26
6762,压榨,3.230769,1.274604,26
6763,夜市,1.538462,0.581774,26
6764,仪容,2.461538,1.103839,26
6765,倚赖,3.6,1.080123,25
6766,意义,4.08,1.15181,25
6767,隐蔽,3.038462,1.112862,26
6768,隐瞒,3.307692,1.225373,26
6769,影印,2.291667,1.197068,24
6770,邮件,1.5,0.648074,26
6771,预约,2.384615,1.09825,26
6772,缘分,3.961538,1.21592,26
6773,越野,2.461538,1.028816,26
6774,赞同,2.884615,0.90893,26
6775,早期,3.192308,1.132051,26
6776,造谣,3.269231,1.218448,26
6777,战略,3.538462,1.363254,26
6778,招兵,2.6,1.190238,25
6779,照料,2.807692,0.980581,26
6780,正面,3.0,1.290994,25
6781,纸质,1.44,0.506623,25
6782,致电,2.269231,0.961569,26
6783,珠宝,1.346154,0.561591,26
6784,竹竿,1.153846,0.367946,26
6785,主见,3.615385,1.09825,26
6786,转化,3.916667,0.775532,24
6787,转换,3.458333,0.977093,24
6788,滋味,3.384615,1.061204,26
6789,走动,2.230769,0.764601,26
6790,醉汉,1.615385,0.852147,26
6791,把手,2.115385,1.275207,26
6792,半天,2.769231,1.069867,26
6793,报名,2.115385,0.863802,26
6794,必要,3.25,1.293798,24
6795,兵器,1.807692,0.633671,26
6796,采矿,1.730769,0.827415,26
6797,超越,3.846154,0.880559,26
6798,丑话,3.52,0.87178,25
6799,出勤,2.346154,0.79711,26
6800,淳朴,3.5,1.272792,26
6801,慈悲,3.76,1.2,25
6802,刺探,3.52,1.228821,25
6803,促销,2.461538,0.989172,26
6804,搭讪,2.653846,1.16421,26
6805,达成,3.24,1.16476,25
6806,大概,3.92,0.953939,25
6807,胆小,3.192308,0.980581,26
6808,雕像,1.884615,0.863802,26
6809,冻结,3.208333,1.318074,24
6810,蹲伏,2.631579,1.256562,19
6811,发髻,1.769231,0.992278,26
6812,伐木,1.730769,0.91903,26
6813,肥壮,2.192308,1.096147,26
6814,废气,2.4,1.118034,25
6815,蜂拥,3.16,0.986577,25
6816,逢迎,3.72,1.137248,25
6817,腐烂,2.576923,1.137474,26
6818,妇孺,1.884615,0.863802,26
6819,改良,3.384615,0.803837,26
6820,高楼,1.846154,0.967153,26
6821,各式,3.608696,0.988071,23
6822,苟活,4.192308,0.749359,26
6823,乖巧,3.307692,1.086986,26
6824,关闭,2.12,0.927362,25
6825,瑰丽,3.6,1.258306,25
6826,贵人,2.923077,1.197433,26
6827,耗尽,3.307692,1.192283,26
6828,话剧,1.961538,0.773603,26
6829,坏死,2.92,1.22202,25
6830,荒凉,2.884615,1.070586,26
6831,回合,3.041667,0.999094,24
6832,继续,3.44,1.121011,25
6833,加速,2.769231,1.069867,26
6834,奸商,2.5,1.30384,26
6835,经营,3.230769,1.106623,26
6836,净水,2.153846,0.92487,26
6837,聚焦,3.384615,0.982931,26
6838,均匀,3.076923,0.97665,26
6839,开导,3.807692,0.980581,26
6840,靠近,2.72,0.842615,25
6841,扣杀,2.521739,0.994053,23
6842,辣椒,1.153846,0.367946,26
6843,浪花,1.5,0.860233,26
6844,怜悯,3.538462,1.028816,26
6845,联手,2.961538,0.958364,26
6846,灵魂,4.230769,1.210213,26
6847,漏水,1.923077,0.89098,26
6848,绿化,2.2,1.040833,25
6849,漫长,3.72,1.137248,25
6850,忙乱,3.36,1.18603,25
6851,磨坊,2.08,1.411855,25
6852,农场,1.423077,0.503831,26
6853,喷漆,1.692308,0.617688,26
6854,烹饪,1.692308,0.788377,26
6855,皮具,1.56,0.583095,25
6856,脾胃,1.692308,0.788377,26
6857,平稳,3.269231,1.115623,26
6858,铺路,1.923077,0.744208,26
6859,其间,4.1,1.020836,20
6860,丘陵,1.769231,0.951113,26
6861,权利,3.384615,1.267341,26
6862,绕道,2.576923,1.064822,26
6863,日裔,2.217391,1.277658,23
6864,溶化,2.576923,0.902134,26
6865,伞兵,1.56,1.044031,25
6866,上诉,2.384615,1.022817,26
6867,史料,2.6,1.290994,25
6868,始祖,3.038462,1.341067,26
6869,顺眼,3.576923,1.172112,26
6870,说明,2.923077,1.262476,26
6871,死结,3.173913,1.23038,23
6872,算命,2.884615,1.366072,26
6873,调节,3.269231,1.079173,26
6874,突袭,3.16,1.213809,25
6875,徒劳,3.8,1.080123,25
6876,臀部,1.384615,0.637302,26
6877,唾弃,3.12,1.129897,25
6878,往日,3.307692,1.158248,26
6879,往事,3.269231,1.372813,26
6880,违反,2.846154,1.189699,26
6881,味精,1.307692,0.837579,26
6882,温柔,3.576923,1.172112,26
6883,文书,2.307692,1.049542,26
6884,下身,1.913043,0.949308,23
6885,夏日,1.884615,0.90893,26
6886,相处,3.307692,1.123182,26
6887,邪教,2.72,1.30767,25
6888,腥红,3.038462,1.21592,26
6889,修女,1.769231,1.142198,26
6890,眼泪,1.423077,0.757526,26
6891,隐晦,4.115385,0.863802,26
6892,印象,3.846154,1.189699,26
6893,用品,2.666667,1.129319,24
6894,幼童,1.692308,0.617688,26
6895,余生,3.576923,1.02657,26
6896,玉露,3.727273,1.241421,22
6897,育婴,2.12,0.881287,25
6898,园丁,1.846154,1.046606,26
6899,原本,3.666667,1.0495,24
6900,岳父,1.4,0.866025,25
6901,增值,3.04,1.240967,25
6902,站稳,2.52,1.228821,25
6903,长征,2.833333,1.34056,24
6904,蛰伏,3.652174,1.152416,23
6905,诊所,1.5,0.707107,26
6906,只有,3.772727,1.020356,22
6907,周边,2.826087,1.11405,23
6908,注射,1.961538,0.773603,26
6909,注视,2.461538,1.420726,26
6910,子民,2.44,1.193035,25
6911,宗族,2.615385,1.202561,26
6912,阻力,3.347826,1.152416,23
6913,坐垫,1.44,0.711805,25
6914,安全,3.04,1.206924,25
6915,暗算,3.0,1.080123,25
6916,遨游,4.24,0.778888,25
6917,懊恼,3.16,1.247664,25
6918,把脉,2.16,1.213809,25
6919,保镖,1.48,0.585947,25
6920,堡垒,2.24,1.3,25
6921,被褥,1.84,1.312758,25
6922,辈分,3.0,1.190238,25
6923,本能,3.72,1.021437,25
6924,逼真,3.68,1.180395,25
6925,便壶,1.56,1.121011,25
6926,补助,2.84,1.280625,25
6927,不凡,3.88,1.129897,25
6928,不祥,3.875,1.115601,24
6929,残余,3.08,1.037625,25
6930,策动,3.375,0.969648,24
6931,朝拜,2.8,0.957427,25
6932,痴呆,2.48,1.084743,25
6933,船坞,1.8,0.957427,25
6934,催眠,2.88,1.268858,25
6935,打探,2.72,0.979796,25
6936,电费,1.32,0.556776,25
6937,跌倒,1.64,0.81035,25
6938,动乱,3.08,1.255654,25
6939,乏味,3.5,1.14208,24
6940,翻录,3.043478,1.223938,23
6941,反光,2.2,1.040833,25
6942,反思,3.4,1.080123,25
6943,分散,3.28,1.24231,25
6944,疯癫,2.96,1.428286,25
6945,各地,3.0,1.215838,24
6946,宫殿,1.32,0.476095,25
6947,固体,1.68,0.852447,25
6948,关门,1.52,0.714143,25
6949,海藻,1.44,0.711805,25
6950,河道,1.84,1.106044,25
6951,宏大,4.04,0.840635,25
6952,喉咙,1.36,0.568624,25
6953,呼唤,3.2,1.190238,25
6954,画质,3.12,1.201388,25
6955,夹缝,2.76,0.969536,25
6956,甲虫,1.28,0.541603,25
6957,驾驶,2.2,1.190238,25
6958,间谍,2.36,1.380821,25
6959,建交,3.041667,0.858673,24
6960,金色,1.92,1.037625,25
6961,金牙,1.6,1.0,25
6962,尽力,3.68,1.029563,25
6963,精细,3.625,1.13492,24
6964,镜子,1.4,0.5,25
6965,开设,3.52,0.822598,25
6966,考试,1.88,1.053565,25
6967,客机,1.84,1.247664,25
6968,劳驾,3.4,0.912871,25
6969,棱镜,2.08,1.187434,25
6970,理科,2.32,1.069268,25
6971,疗效,3.291667,1.122078,24
6972,路轨,1.76,0.597216,25
6973,蚂蚁,1.08,0.276887,25
6974,名单,2.12,1.053565,25
6975,明显,3.64,1.036018,25
6976,木偶,1.88,1.129897,25
6977,木纹,2.48,1.004988,25
6978,目标,3.304348,1.222322,23
6979,鸟类,2.28,1.275408,25
6980,怒吼,3.0,1.258306,25
6981,派兵,3.04,1.019804,25
6982,疲劳,3.32,1.249,25
6983,寝室,1.4,0.5,25
6984,球迷,2.166667,1.129319,24
6985,区别,3.52,1.084743,25
6986,渠道,3.16,1.106044,25
6987,权威,3.8,1.040833,25
6988,人民,2.72,1.208305,25
6989,善良,3.6,1.080123,25
6990,尚且,3.904762,1.044259,21
6991,舍命,3.52,1.228821,25
6992,审慎,3.56,0.869866,25
6993,盛装,3.08,1.115049,25
6994,刷牙,1.28,0.458258,25
6995,私欲,3.64,1.220656,25
6996,夙怨,4.083333,1.017955,24
6997,素养,3.92,1.15181,25
6998,讨债,2.2,1.040833,25
6999,调控,3.32,0.945163,25
7000,挺直,2.8,1.258306,25
7001,铜钱,1.44,0.820569,25
7002,危急,3.4,1.190238,25
7003,未知,4.0,1.279204,23
7004,文具,1.76,0.925563,25
7005,纹理,2.88,1.092398,25
7006,紊乱,4.12,0.927362,25
7007,稳妥,3.8,0.707107,25
7008,熙攘,3.4,1.080123,25
7009,下凡,3.681818,1.041353,22
7010,相貌,2.4,1.190238,25
7011,销量,2.6,1.118034,25
7012,写照,3.16,1.067708,25
7013,性情,3.72,1.137248,25
7014,虚空,4.28,0.890693,25
7015,绚烂,3.68,1.10755,25
7016,寻觅,3.2,1.154701,25
7017,岩壁,2.0,1.040833,25
7018,盐分,2.44,1.121011,25
7019,衍生,3.84,0.943398,25
7020,眼睛,1.12,0.331662,25
7021,邀请,3.0,1.118034,25
7022,摇篮,2.2,1.190238,25
7023,也许,4.090909,1.150945,22
7024,移植,2.958333,1.267629,24
7025,疫苗,1.68,0.9,25
7026,硬朗,3.24,1.011599,25
7027,幽灵,3.88,1.332917,25
7028,熨斗,1.16,0.374166,25
7029,着急,3.36,1.220656,25
7030,着迷,3.56,1.044031,25
7031,着想,3.541667,0.883627,24
7032,直通,3.16,1.178983,25
7033,忠义,3.44,1.260952,25
7034,专辑,1.92,0.909212,25
7035,装甲,1.92,0.953939,25
7036,字典,1.2,0.408248,25
7037,罪犯,2.08,0.996661,25
7038,按揭,3.12,1.129897,25
7039,败类,3.28,1.061446,25
7040,包场,2.6,1.040833,25
7041,必需,3.75,0.944089,24
7042,毕业,1.92,0.909212,25
7043,剥削,3.6,1.190238,25
7044,车祸,1.76,0.723418,25
7045,承继,3.24,1.051982,25
7046,迟早,3.521739,1.038774,23
7047,传奇,3.88,1.16619,25
7048,次数,2.375,1.209114,24
7049,摧毁,3.0,1.384437,25
7050,呆板,3.4,0.957427,25
7051,倒塌,2.48,1.084743,25
7052,道教,2.458333,1.250362,24
7053,底牌,3.16,1.106044,25
7054,点滴,3.695652,1.184551,23
7055,电讯,2.76,1.011599,25
7056,吊桥,1.76,0.969536,25
7057,俄语,1.8,0.816497,25
7058,分行,3.173913,1.072473,23
7059,坟墓,1.52,0.585947,25
7060,粉末,1.96,1.019804,25
7061,风湿,2.56,1.003328,25
7062,风味,3.625,0.969648,24
7063,浮冰,2.521739,1.274561,23
7064,符咒,3.16,1.404754,25
7065,干净,2.72,1.173314,25
7066,干预,3.44,1.121011,25
7067,格斗,2.4,1.0,25
7068,过奖,3.4,1.040833,25
7069,湖水,1.8,1.190238,25
7070,环岛,2.2,1.322876,25
7071,缓刑,2.72,1.24231,25
7072,毁坏,3.0,1.118034,25
7073,火警,1.92,1.037625,25
7074,极地,2.416667,1.100066,24
7075,监犯,2.08,1.077033,25
7076,介意,3.72,0.791623,25
7077,芥蒂,3.8,1.040833,25
7078,巨星,3.208333,1.062367,24
7079,军队,1.68,0.9,25
7080,口径,3.28,0.890693,25
7081,葵花,1.56,0.960902,25
7082,昆布,2.9375,1.569235,16
7083,喇叭,1.36,0.489898,25
7084,愣住,3.24,1.090871,25
7085,轮流,3.2,1.040833,25
7086,盲人,1.36,0.489898,25
7087,磨损,3.16,1.178983,25
7088,谋生,3.36,0.860233,25
7089,奶油,1.72,1.021437,25
7090,难度,3.88,0.927362,25
7091,内心,3.92,1.077033,25
7092,娘胎,2.68,1.069268,25
7093,排骨,1.36,0.568624,25
7094,彷徨,3.96,0.789515,25
7095,批评,3.16,1.178983,25
7096,片段,3.04,1.206924,25
7097,剽窃,3.16,1.280625,25
7098,拼盘,2.541667,1.178767,24
7099,匍匐,2.52,1.084743,25
7100,齐心,3.76,0.830662,25
7101,乞丐,1.52,0.87178,25
7102,迁徙,3.12,1.16619,25
7103,轻生,3.28,0.890693,25
7104,热血,3.32,1.345362,25
7105,蠕动,2.8,0.912871,25
7106,少妇,1.92,1.22202,25
7107,神韵,4.16,0.8,25
7108,审讯,2.72,1.1,25
7109,升天,3.76,1.011599,25
7110,圣母,3.208333,1.413573,24
7111,圣书,3.28,1.568439,25
7112,失策,3.64,0.757188,25
7113,湿度,2.84,1.143095,25
7114,实行,3.48,1.004988,25
7115,市价,3.12,1.301281,25
7116,手腕,2.125,1.226962,24
7117,首饰,1.92,0.996661,25
7118,树干,1.68,0.9,25
7119,数据,2.6,1.118034,25
7120,苔藓,1.52,1.004988,25
7121,太医,1.76,0.879394,25
7122,陶艺,2.32,1.069268,25
7123,提神,3.6,1.190238,25
7124,提问,2.8,1.224745,25
7125,天井,2.2,1.224745,25
7126,天气,2.76,1.128421,25
7127,田地,1.56,0.916515,25
7128,田鸡,1.625,0.923721,24
7129,眺望,3.32,1.180395,25
7130,通讯,2.84,0.986577,25
7131,头筹,3.625,1.055524,24
7132,头领,2.583333,1.212854,24
7133,完成,3.12,1.201388,25
7134,亡命,3.64,1.150362,25
7135,位置,2.84,1.247664,25
7136,涡轮,2.16,1.143095,25
7137,无故,3.96,1.171893,25
7138,舞步,2.36,0.994987,25
7139,消息,2.84,0.986577,25
7140,小产,2.6,1.258306,25
7141,亵渎,3.48,1.159023,25
7142,辛苦,3.48,1.294862,25
7143,信鸽,1.64,1.113553,25
7144,炫耀,3.6,1.0,25
7145,勋章,2.0,1.118034,25
7146,颜面,3.4,1.190238,25
7147,疑犯,2.44,1.157584,25
7148,印痕,2.8,1.258306,25
7149,有时,3.73913,1.136877,23
7150,孕吐,2.208333,1.062367,24
7151,针孔,1.72,0.979796,25
7152,真挚,3.84,0.986577,25
7153,政党,2.64,0.907377,25
7154,钟意,3.52,0.962635,25
7155,重犯,2.28,1.208305,25
7156,主动,3.16,1.027943,25
7157,驻留,3.16,1.143095,25
7158,专题,2.84,1.213809,25
7159,追兵,2.64,1.150362,25
7160,准备,3.4,1.190238,25
7161,白天,2.064516,0.997847,31
7162,背囊,2.096774,0.978258,31
7163,捕猎,2.193548,0.833441,31
7164,不孕,2.16129,1.240881,31
7165,参与,3.0,1.21106,31
7166,插班,2.483871,0.851311,31
7167,茶花,1.483871,0.625618,31
7168,车站,1.645161,0.914636,31
7169,臣民,2.709677,1.160274,31
7170,崇敬,3.533333,1.105888,30
7171,宠物,1.967742,0.795147,31
7172,出殡,2.0,0.870988,30
7173,搓洗,2.0,0.830455,30
7174,搭配,3.258065,0.998924,31
7175,打坐,2.387097,1.256382,31
7176,大胆,3.666667,1.212957,30
7177,单向,3.107143,1.165532,28
7178,当初,3.733333,1.172481,30
7179,到底,4.076923,0.934797,26
7180,嘟囔,3.0,1.17444,30
7181,放大,2.645161,0.984831,31
7182,氛围,3.580645,1.088552,31
7183,风月,4.0,0.981307,28
7184,父爱,2.870968,1.203936,31
7185,干货,2.857143,1.238706,28
7186,工作,2.366667,0.889918,30
7187,恭贺,3.032258,0.874981,31
7188,瓜葛,3.516129,1.15097,31
7189,行业,3.096774,1.164899,31
7190,环境,3.419355,1.025482,31
7191,会场,2.16129,1.157491,31
7192,会长,2.032258,1.139704,31
7193,即将,3.806452,0.945845,31
7194,嘉宾,2.16129,1.035914,31
7195,间歇,3.7,0.83666,30
7196,健谈,2.9,1.155198,30
7197,教室,1.387097,0.558416,31
7198,接吻,1.709677,0.86385,31
7199,解渴,2.645161,0.838586,31
7200,戒备,3.032258,1.048296,31
7201,界定,3.548387,1.090526,31
7202,矜持,3.266667,1.142693,30
7203,开花,1.741935,0.681554,31
7204,看病,1.935484,0.853834,31
7205,口岸,2.269231,1.150919,26
7206,困乏,3.033333,0.999425,30
7207,来去,3.466667,1.136642,30
7208,老幼,2.258065,0.964978,31
7209,冷酷,3.16129,1.185939,31
7210,离心,3.724138,1.065583,29
7211,理睬,3.0,0.856349,31
7212,帘子,1.451613,0.675214,31
7213,劣质,3.032258,0.948116,31
7214,领教,3.7,0.952311,30
7215,伦理,3.580645,1.285151,31
7216,码头,1.580645,0.62044,31
7217,谋略,3.7,0.915386,30
7218,纳闷,3.774194,0.716923,31
7219,内幕,3.433333,1.104328,30
7220,宁静,3.322581,0.979357,31
7221,扭曲,3.709677,1.070624,31
7222,弄堂,2.064516,0.853834,31
7223,扑空,3.366667,0.889918,30
7224,气枪,1.483871,0.625618,31
7225,前途,3.666667,0.994236,30
7226,桥梁,1.5,0.861034,30
7227,切开,2.258065,0.929794,31
7228,荣光,3.870968,1.231312,31
7229,色盲,1.8,0.664364,30
7230,麝香,1.633333,0.850287,30
7231,伸展,2.806452,1.046243,31
7232,疏忽,3.451613,0.994609,31
7233,曙光,3.387097,1.174093,31
7234,树叶,1.290323,0.528744,31
7235,数量,2.548387,1.312471,31
7236,肆虐,3.866667,0.776079,30
7237,送礼,2.633333,0.964305,30
7238,孙女,1.3,0.466092,30
7239,琐碎,3.806452,0.833441,31
7240,檀香,1.903226,1.10619,31
7241,套装,2.096774,0.943569,31
7242,天台,1.4,0.674665,30
7243,土葬,1.870968,0.67042,31
7244,妥协,3.580645,0.847514,31
7245,外力,3.655172,1.142549,29
7246,王妃,1.677419,0.908739,31
7247,往来,3.354839,0.838586,31
7248,问鼎,3.448276,1.120784,29
7249,无关,3.677419,1.076634,31
7250,武将,1.83871,0.687836,31
7251,洗澡,1.451613,0.567962,31
7252,心术,3.83871,0.969425,31
7253,信号,3.066667,1.142693,30
7254,信心,3.580645,1.204829,31
7255,凶猛,2.870968,1.117794,31
7256,絮叨,3.1,0.959526,30
7257,宣布,2.733333,1.014833,30
7258,湮没,3.566667,0.8172,30
7259,扬名,3.548387,1.027577,31
7260,羊肉,1.16129,0.373878,31
7261,依从,3.516129,0.926318,31
7262,易燃,2.1,0.884736,30
7263,迎娶,2.064516,0.813858,31
7264,拥有,3.064516,1.030711,31
7265,有喜,3.0,1.17444,30
7266,语文,2.16129,1.157491,31
7267,原谅,3.225806,1.023383,31
7268,栽赃,2.83871,1.003221,31
7269,宰相,1.419355,0.564163,31
7270,斋戒,2.580645,1.025482,31
7271,招呼,2.8,0.924755,30
7272,真假,3.5,1.0,28
7273,振奋,3.580645,1.057487,31
7274,争斗,2.967742,1.19677,31
7275,整齐,2.419355,1.148164,31
7276,正统,3.322581,1.194071,31
7277,证明,3.066667,1.25762,30
7278,证物,2.0,0.930949,31
7279,致力,3.741935,1.094463,31
7280,中止,2.966667,0.808717,30
7281,州长,1.677419,0.83215,31
7282,姿色,3.133333,1.224276,30
7283,纵横,3.25,1.040833,28
7284,坐下,1.709677,0.782881,31
7285,败坏,3.533333,0.819307,30
7286,拜访,2.266667,0.868345,30
7287,半夜,2.225806,1.086575,31
7288,伴唱,2.193548,0.833441,31
7289,贝壳,1.387097,0.558416,31
7290,本金,2.0,0.909718,30
7291,比如,3.935484,0.813858,31
7292,必定,3.366667,1.351457,30
7293,边境,1.870968,0.763411,31
7294,沉睡,2.516129,0.99569,31
7295,乘坐,2.266667,0.980265,30
7296,吃力,3.733333,0.73968,30
7297,抽屉,1.387097,0.495138,31
7298,绸缎,1.354839,0.797847,31
7299,出访,2.677419,1.045214,31
7300,措辞,3.322581,1.012821,31
7301,导电,2.566667,1.135124,30
7302,杜撰,3.333333,1.154701,30
7303,躲藏,2.870968,1.087564,31
7304,范围,3.580645,1.118755,31
7305,贩毒,1.83871,1.035914,31
7306,非洲,1.451613,0.722897,31
7307,浮游,3.068966,0.752664,29
7308,雇主,1.709677,0.739078,31
7309,关心,3.387097,1.022331,31
7310,观察,2.806452,1.137815,31
7311,官僚,2.566667,1.222866,30
7312,滚动,2.451613,0.994609,31
7313,海豚,1.290323,0.782881,31
7314,憨笑,2.709677,0.82436,31
7315,韩国,1.451613,0.623897,31
7316,汗腺,1.935484,0.928636,31
7317,号哭,2.931034,0.961065,29
7318,河边,1.903226,0.70023,31
7319,核心,3.193548,1.077632,31
7320,寂寞,3.806452,1.166743,31
7321,甲壳,1.866667,1.074255,30
7322,假设,4.166667,1.116748,30
7323,剪影,2.482759,1.121883,29
7324,将军,1.548387,0.767624,31
7325,焦耳,2.888889,1.42325,27
7326,结怨,3.741935,0.773207,31
7327,疥癣,2.37931,1.2653,29
7328,就此,3.962963,1.055443,27
7329,开船,1.870968,0.499462,31
7330,苦瓜,1.290323,0.642575,31
7331,垮台,3.0,0.816497,31
7332,乐曲,1.677419,0.652538,31
7333,连体,2.677419,1.107161,31
7334,潦倒,3.6,1.069966,30
7335,临别,2.935484,0.963863,31
7336,领袖,2.258065,1.153769,31
7337,炉火,1.967742,0.874981,31
7338,炉灶,1.354839,0.660726,31
7339,陆续,3.806452,0.909921,31
7340,落败,3.225806,1.203043,31
7341,蛮横,3.193548,1.137815,31
7342,慢慢,3.689655,1.137147,29
7343,米饭,1.290323,0.528744,31
7344,密切,3.645161,0.877435,31
7345,腼腆,3.451613,1.178663,31
7346,明朗,3.129032,1.284314,31
7347,耐热,2.666667,1.212957,30
7348,内情,3.8,0.961321,30
7349,钮扣,1.290323,0.642575,31
7350,女色,3.0,1.183216,31
7351,派遣,2.903226,1.044185,31
7352,跑步,1.548387,0.767624,31
7353,赔偿,2.516129,1.060533,31
7354,僻静,3.16129,1.185939,31
7355,栖身,3.133333,1.136642,30
7356,奇妙,4.064516,0.813858,31
7357,乾坤,4.310345,0.929802,29
7358,强奸,1.774194,0.762001,31
7359,琴弦,1.451613,0.809885,31
7360,确诊,2.516129,0.99569,31
7361,熔岩,1.741935,0.893224,31
7362,儒教,3.064516,1.289328,31
7363,省力,3.233333,1.040004,30
7364,石阶,1.516129,0.811212,31
7365,始末,3.580645,1.057487,31
7366,世人,3.193548,1.194972,31
7367,树敌,3.290323,1.006431,31
7368,衰微,3.758621,0.950758,29
7369,税收,2.032258,1.016001,31
7370,饲养,2.225806,0.883541,31
7371,碎片,2.366667,1.0662,30
7372,螳螂,1.225806,0.616964,31
7373,特价,2.774194,1.055452,31
7374,体态,2.645161,0.838586,31
7375,投机,3.709677,0.972747,31
7376,透过,3.466667,1.224276,30
7377,拓展,3.566667,1.006302,30
7378,亡国,2.258065,0.964978,31
7379,污点,2.966667,1.188547,30
7380,西方,2.645161,1.279281,31
7381,吸引,3.83871,1.128325,31
7382,席位,2.366667,0.964305,30
7383,喜好,3.4,1.248447,30
7384,鲜奶,1.548387,0.722897,31
7385,想到,3.6,1.162637,30
7386,选择,3.322581,0.944708,31
7387,压力,3.709677,1.216376,31
7388,押韵,3.034483,1.148998,29
7389,牙刷,1.16129,0.454369,31
7390,摇摆,3.032258,0.912282,31
7391,议定,3.233333,1.040004,30
7392,意思,4.033333,1.098065,30
7393,迎头,3.5,0.83887,28
7394,营地,1.870968,1.05647,31
7395,庸才,2.903226,1.075634,31
7396,优雅,3.548387,1.120676,31
7397,雨天,1.516129,0.569852,31
7398,原罪,3.774194,0.920495,31
7399,跃升,3.428571,1.069045,28
7400,云雾,2.032258,0.836017,31
7401,造就,3.548387,0.994609,31
7402,哲理,3.8,1.323527,30
7403,忠孝,3.066667,1.014833,30
7404,重返,3.137931,0.953345,29
7405,注定,3.733333,0.980265,30
7406,装束,2.333333,1.028334,30
7407,宗旨,3.258065,1.365473,31
7408,白发,1.52,0.585947,25
7409,白蚁,1.44,0.916515,25
7410,本来,3.833333,1.09014,24
7411,宾客,2.0,0.763763,25
7412,殡仪,2.68,1.10755,25
7413,拨款,2.52,1.084743,25
7414,伯乐,2.96,1.306395,25
7415,布鞋,1.36,0.568624,25
7416,步履,2.92,1.037625,25
7417,残存,3.96,0.934523,25
7418,成效,3.6,1.258306,25
7419,城镇,1.88,0.881287,25
7420,出使,3.5,0.834058,24
7421,出世,2.625,1.172604,24
7422,辞令,3.608696,0.940944,23
7423,歹徒,1.92,0.702377,25
7424,道路,1.88,0.971253,25
7425,淀粉,1.28,0.458258,25
7426,顶撞,3.08,1.077033,25
7427,冬眠,2.6,1.080123,25
7428,耳膜,1.36,0.568624,25
7429,发妻,1.84,1.067708,25
7430,法则,3.52,1.084743,25
7431,反省,3.96,1.098484,25
7432,分析,4.0,1.0,25
7433,风云,3.041667,1.160179,24
7434,根据,4.043478,1.021508,23
7435,梗塞,3.48,0.962635,25
7436,更加,4.125,0.850192,24
7437,工匠,1.916667,0.829702,24
7438,孤独,3.8,1.47196,25
7439,光棍,2.208333,1.250362,24
7440,广阔,3.541667,1.141287,24
7441,捍卫,3.8,1.080123,25
7442,黑道,3.166667,1.129319,24
7443,喉舌,2.04,0.978093,25
7444,弧形,2.36,1.18603,25
7445,活跃,3.75,1.032094,24
7446,货舱,1.4,0.5,25
7447,加价,3.041667,0.954585,24
7448,加剧,4.125,0.899879,24
7449,嫁妆,2.08,0.702377,25
7450,芥末,1.4,0.707107,25
7451,进军,3.590909,1.007547,22
7452,居民,2.2,1.118034,25
7453,菊花,1.2,0.408248,25
7454,决心,3.68,1.029563,25
7455,乐观,3.76,0.969536,25
7456,零乱,3.208333,1.178767,24
7457,令堂,1.96,1.098484,25
7458,流水,2.24,1.422439,25
7459,鲁莽,3.92,0.909212,25
7460,旅途,3.28,0.936305,25
7461,忙碌,3.48,1.32665,25
7462,梅毒,2.2,1.290994,25
7463,媒人,1.72,0.678233,25
7464,名士,2.875,0.899879,24
7465,模糊,3.88,0.881287,25
7466,嫩芽,2.0,0.763763,25
7467,年迈,2.76,1.267544,25
7468,佩服,3.72,1.1,25
7469,霹雳,3.25,1.151558,24
7470,漂亮,2.88,1.235584,25
7471,侨民,2.28,0.842615,25
7472,巧手,3.36,1.220656,25
7473,亲密,3.208333,1.062367,24
7474,情歌,2.2,0.912871,25
7475,让步,3.916667,0.717282,24
7476,任用,3.304348,1.019571,23
7477,伤感,3.64,1.150362,25
7478,赏脸,3.92,1.077033,25
7479,稍后,4.086957,0.668312,23
7480,石化,3.136364,1.245772,22
7481,使唤,3.347826,1.191206,23
7482,式样,3.409091,0.908116,22
7483,室友,1.84,0.85049,25
7484,书写,2.291667,0.80645,24
7485,赎金,2.04,0.789515,25
7486,熟睡,2.416667,1.138904,24
7487,提灯,2.25,0.84699,24
7488,田径,2.28,1.173314,25
7489,跳舞,1.84,0.85049,25
7490,通话,2.32,1.069268,25
7491,头昏,2.416667,1.100066,24
7492,投手,2.8,1.118034,25
7493,碗筷,1.24,0.43589,25
7494,威信,3.64,1.150362,25
7495,无缝,3.318182,0.945484,22
7496,无礼,3.36,1.113553,25
7497,无恙,3.52,1.228821,25
7498,无知,3.583333,1.138904,24
7499,喜欢,3.32,1.314027,25
7500,系数,3.208333,1.559798,24
7501,纤弱,3.4,1.080123,25
7502,闲聊,2.791667,0.931533,24
7503,萧瑟,3.84,0.898146,25
7504,谢意,3.347826,1.228772,23
7505,修改,3.125,1.226962,24
7506,血液,1.44,0.869866,25
7507,氧化,3.25,1.224745,24
7508,遗迹,2.4,1.258306,25
7509,阴天,1.8,0.866025,25
7510,应验,4.125,0.946963,24
7511,优先,3.208333,1.062367,24
7512,游离,4.181818,0.852803,22
7513,有意,3.76,0.879394,25
7514,与会,3.65,0.875094,20
7515,玉石,1.84,0.986577,25
7516,约会,2.88,1.16619,25
7517,越南,1.32,0.690411,25
7518,造型,2.8,1.258306,25
7519,账户,2.12,1.201388,25
7520,拯救,3.52,0.918332,25
7521,职业,2.32,1.180395,25
7522,重伤,2.416667,1.059806,24
7523,周薪,2.25,0.989071,24
7524,蛛网,1.68,0.9,25
7525,主将,2.16,0.986577,25
7526,转车,3.04,1.098484,25
7527,资讯,2.68,1.375984,25
7528,滋养,3.52,1.084743,25
7529,自豪,3.75,1.326978,24
7530,总部,2.12,0.832666,25
7531,钻戒,1.2,0.408248,25
7532,白吃,3.375,0.923721,24
7533,帮凶,2.48,0.822598,25
7534,保留,3.44,1.157584,25
7535,闭塞,3.625,0.824226,24
7536,冰箱,1.24,0.43589,25
7537,布告,2.541667,1.215092,24
7538,参战,2.88,1.092398,25
7539,苍穹,3.32,1.40594,25
7540,场地,2.2,1.080123,25
7541,畜生,3.0,1.103355,24
7542,打开,2.681818,1.210524,22
7543,大同,3.391304,1.339577,23
7544,待续,3.75,1.113162,24
7545,电影,1.64,0.637704,25
7546,定居,2.72,1.061446,25
7547,发球,2.454545,0.857864,22
7548,帆船,1.36,0.860233,25
7549,肥皂,1.24,0.663325,25
7550,复印,2.083333,1.017955,24
7551,甘泉,2.166667,1.239448,24
7552,割裂,3.333333,1.00722,24
7553,革新,3.958333,0.858673,24
7554,格局,3.92,0.996661,25
7555,格调,4.16,0.85049,25
7556,更新,3.52,1.32665,25
7557,工场,2.083333,0.974308,24
7558,公堂,2.36,1.220656,25
7559,公主,1.64,0.860233,25
7560,古诗,1.84,0.898146,25
7561,国王,1.56,0.820569,25
7562,和局,3.956522,0.76742,23
7563,后事,3.64,0.95219,25
7564,滑梯,1.64,0.994987,25
7565,欢笑,3.16,1.106044,25
7566,货车,1.24,0.43589,25
7567,激励,3.96,1.019804,25
7568,急切,4.0,0.866025,25
7569,疾走,2.72,0.890693,25
7570,家电,1.96,0.934523,25
7571,家业,3.25,1.151558,24
7572,简介,2.84,1.106044,25
7573,建材,2.0,0.763763,25
7574,焦距,3.130435,0.919701,23
7575,街道,1.68,0.627163,25
7576,截断,3.041667,0.999094,24
7577,旧时,4.086957,0.596432,23
7578,沮丧,3.72,1.1,25
7579,举报,3.04,1.098484,25
7580,据点,2.68,1.215182,25
7581,捐赠,2.72,1.1,25
7582,刻薄,3.76,0.879394,25
7583,枯萎,3.0,1.290994,25
7584,喇嘛,1.75,1.032094,24
7585,蜡像,1.6,0.866025,25
7586,拦截,3.304348,0.97397,23
7587,篱笆,1.458333,0.58823,24
7588,利己,4.125,0.679674,24
7589,涟漪,3.666667,1.203859,24
7590,量化,3.8,0.957427,25
7591,磷光,2.904762,1.300183,21
7592,六月,1.8,1.0,25
7593,轮船,1.36,0.860233,25
7594,盲目,3.958333,0.858673,24
7595,美德,3.8,0.957427,25
7596,敏捷,3.52,1.159023,25
7597,名誉,3.583333,1.138904,24
7598,抹黑,4.041667,0.907896,24
7599,默契,4.125,0.850192,24
7600,母乳,1.68,0.945163,25
7601,难关,3.48,0.87178,25
7602,难民,2.0,1.0,25
7603,牌坊,1.92,0.759386,25
7604,屁股,1.24,0.830662,25
7605,其次,4.0,0.894427,21
7606,钱包,1.24,0.522813,25
7607,欠缺,4.16,0.898146,25
7608,巧妇,2.88,1.013246,25
7609,巧妙,3.833333,0.963087,24
7610,怯懦,3.92,0.909212,25
7611,钦差,2.28,1.021437,25
7612,清凉,3.24,1.234234,25
7613,秋波,4.0,0.834058,24
7614,深闺,3.48,1.159023,25
7615,石头,1.24,0.830662,25
7616,实践,3.583333,1.100066,24
7617,水壶,1.28,0.458258,25
7618,死心,3.956522,0.877924,23
7619,摊贩,2.24,1.011599,25
7620,谈判,3.333333,1.00722,24
7621,探访,3.333333,1.0495,24
7622,糖果,1.44,0.768115,25
7623,特工,1.96,1.135782,25
7624,提名,3.16,1.106044,25
7625,提醒,3.458333,1.062367,24
7626,通告,2.56,1.083205,25
7627,推敲,4.04,0.934523,25
7628,袜子,1.2,0.408248,25
7629,蚊帐,1.24,0.43589,25
7630,问世,3.916667,0.717282,24
7631,息怒,4.0,0.834058,24
7632,稀少,3.6,1.154701,25
7633,显眼,3.666667,0.761387,24
7634,陷阱,2.64,0.95219,25
7635,向前,2.84,1.027943,25
7636,校订,3.25,0.896854,24
7637,协定,3.08,0.953939,25
7638,星空,1.92,1.187434,25
7639,嘘声,2.791667,0.883627,24
7640,熏鱼,1.72,1.061446,25
7641,训练,2.88,1.201388,25
7642,已往,4.142857,0.910259,21
7643,隐形,3.318182,0.893701,22
7644,语法,3.25,1.151558,24
7645,炸伤,2.48,1.122497,25
7646,整天,2.956522,1.14726,23
7647,之前,3.5,1.011835,22
7648,肢解,2.8,0.912871,25
7649,纸币,1.28,0.458258,25
7650,重地,2.96,1.135782,25
7651,重温,3.75,0.675664,24
7652,咒骂,3.28,1.061446,25
7653,主修,3.44,1.227464,25
7654,子弹,1.2,0.408248,25
7655,岸边,1.826087,0.777652,23
7656,摆脱,3.173913,1.23038,23
7657,半生,3.7,1.031095,20
7658,本年,2.095238,1.044259,21
7659,变异,3.434783,1.308229,23
7660,波长,2.913043,1.311247,23
7661,补救,3.0,1.0,23
7662,禅师,2.173913,1.029217,23
7663,缠绵,3.347826,1.070628,23
7664,蝉联,2.652174,1.112274,23
7665,潮流,3.521739,1.238385,23
7666,翅膀,1.5,0.740013,22
7667,仇视,3.304348,0.926125,23
7668,出力,2.913043,0.900154,23
7669,纯洁,3.608696,1.033051,23
7670,戳穿,2.869565,1.01374,23
7671,赐福,3.318182,1.129111,22
7672,促进,3.304348,1.184551,23
7673,达到,3.391304,1.305204,23
7674,打包,2.0,0.738549,23
7675,打消,3.130435,0.967863,23
7676,打造,2.73913,1.214211,23
7677,当权,2.956522,1.186219,23
7678,导读,2.590909,1.140555,22
7679,得知,2.73913,1.136877,23
7680,底线,3.478261,1.377401,23
7681,地带,2.73913,1.136877,23
7682,电光,2.681818,1.086119,22
7683,电毯,1.695652,1.184551,23
7684,定罪,3.043478,0.877924,23
7685,冬泳,1.391304,0.722315,23
7686,斗争,3.391304,0.891328,23
7687,豆芽,1.391304,0.782718,23
7688,鳄鱼,1.086957,0.288104,23
7689,发报,2.761905,0.830949,21
7690,方舟,2.952381,1.283596,21
7691,放任,3.565217,0.843482,23
7692,分红,2.347826,0.775107,23
7693,服务,3.565217,1.199473,23
7694,腐朽,3.565217,1.03687,23
7695,副业,2.652174,0.884652,23
7696,橄榄,1.565217,0.843482,23
7697,高手,3.045455,1.090097,22
7698,羔羊,1.681818,1.129111,22
7699,工价,2.913043,1.040675,23
7700,行李,1.636364,0.789542,22
7701,黑云,2.714286,1.189237,21
7702,红茶,1.434783,0.589768,23
7703,洪流,2.782609,1.346933,23
7704,后悔,3.521739,1.081647,23
7705,灰尘,1.913043,0.99604,23
7706,火坑,2.863636,1.355604,22
7707,祭坛,2.227273,0.81251,22
7708,坚持,3.869565,0.757049,23
7709,见闻,3.304348,0.76484,23
7710,结交,2.913043,0.900154,23
7711,结识,3.0,0.953463,23
7712,结扎,1.956522,0.824525,23
7713,进行,3.565217,0.843482,23
7714,近来,3.363636,0.726731,22
7715,竞选,2.565217,1.079818,23
7716,拒绝,2.173913,1.11405,23
7717,剧变,3.695652,0.97397,23
7718,绝技,3.0,0.953463,23
7719,快感,3.590909,1.05375,22
7720,快攻,3.368421,1.011628,19
7721,累赘,3.391304,0.988071,23
7722,棱角,2.608696,1.117592,23
7723,礼仪,2.913043,1.040675,23
7724,路人,2.26087,1.053884,23
7725,貌似,3.826087,0.716822,23
7726,萌芽,3.217391,0.951388,23
7727,谜语,2.347826,1.300654,23
7728,民房,1.695652,1.063219,23
7729,民女,2.347826,0.884652,23
7730,鸟笼,1.727273,0.882735,22
7731,排挤,3.608696,0.838783,23
7732,派系,3.521739,1.122884,23
7733,频道,2.818182,1.435481,22
7734,屏幕,1.913043,1.164359,23
7735,扑面,3.409091,0.959121,22
7736,期待,3.695652,1.019571,23
7737,侵犯,3.217391,1.126399,23
7738,顷刻,3.434783,1.03687,23
7739,屈膝,2.5,1.185227,22
7740,认命,3.652174,1.027295,23
7741,容许,3.391304,1.076152,23
7742,弱点,2.869565,1.289973,23
7743,善忘,3.304348,0.822125,23
7744,涉嫌,3.565217,1.160959,23
7745,生动,3.826087,0.936734,23
7746,使女,2.736842,1.284182,19
7747,首次,2.136364,1.166821,22
7748,搜查,2.782609,1.241572,23
7749,随时,3.434783,1.03687,23
7750,吞咽,1.909091,0.75018,22
7751,外伤,2.043478,1.065076,23
7752,万恶,3.909091,0.867898,22
7753,侮辱,3.434783,1.121123,23
7754,虾酱,1.608696,0.583027,23
7755,现在,2.347826,0.982052,23
7756,消防,2.0,0.797724,23
7757,心寒,4.0,0.904534,23
7758,削弱,3.304348,0.97397,23
7759,咽喉,1.521739,0.593109,23
7760,眼球,1.347826,0.775107,23
7761,养子,1.727273,0.827032,22
7762,义肢,1.863636,1.125271,22
7763,忆起,3.772727,0.869144,22
7764,抑止,3.727273,0.984732,22
7765,粘液,2.136364,1.037187,22
7766,张力,3.695652,1.105144,23
7767,昭雪,3.227273,0.81251,22
7768,哲学,3.869565,1.455533,23
7769,真理,3.869565,1.324742,23
7770,旨意,3.565217,1.160959,23
7771,质感,3.521739,0.897956,23
7772,中肯,3.434783,0.727767,23
7773,重新,3.181818,1.006473,22
7774,重要,3.26087,1.136877,23
7775,主力,3.0,0.904534,23
7776,砖墙,1.73913,1.17618,23
7777,壮大,3.217391,0.951388,23
7778,嘴唇,1.304348,0.702902,23
7779,安分,3.26087,1.009833,23
7780,暗淡,3.363636,0.953463,22
7781,疤痕,1.913043,1.040675,23
7782,班机,1.727273,0.984732,22
7783,半路,3.363636,0.657952,22
7784,暴躁,3.454545,0.9625,22
7785,标准,3.318182,1.249242,22
7786,表示,3.434783,0.843482,23
7787,别针,1.454545,0.670982,22
7788,捕食,2.304348,0.926125,23
7789,残疾,2.086957,0.668312,23
7790,超级,3.956522,0.877924,23
7791,撤兵,2.521739,1.038774,23
7792,创口,2.045455,0.843873,22
7793,创世,4.157895,0.83421,19
7794,锤子,1.347826,0.647281,23
7795,粗鄙,3.636364,0.902138,22
7796,粗略,3.521739,0.947224,23
7797,翠绿,2.217391,0.671262,23
7798,担心,3.521739,0.790257,23
7799,蛋卷,1.434783,0.50687,23
7800,当时,3.26087,1.009833,23
7801,德行,3.695652,1.019571,23
7802,登记,2.181818,0.852803,22
7803,电视,1.217391,0.518435,23
7804,短期,3.304348,0.87567,23
7805,峨眉,2.3,1.128576,20
7806,乏力,3.391304,0.891328,23
7807,阀门,1.608696,0.656376,23
7808,反常,3.565217,0.992063,23
7809,肺腑,3.090909,1.064988,22
7810,费心,3.608696,0.940944,23
7811,丰盈,3.428571,1.028175,21
7812,俯卧,2.521739,0.947224,23
7813,复诊,1.956522,0.562322,23
7814,割舍,3.333333,0.856349,21
7815,工蜂,1.619048,0.804748,21
7816,顾客,1.608696,0.940944,23
7817,瓜分,3.086957,0.900154,23
7818,光洁,3.409091,0.908116,22
7819,国债,1.695652,0.63495,23
7820,寒风,2.478261,0.897956,23
7821,行劫,3.5,1.098127,18
7822,合约,2.130435,0.967863,23
7823,猴子,1.173913,0.491026,23
7824,胡同,1.565217,0.662371,23
7825,护送,2.73913,1.096167,23
7826,化解,3.478261,0.947224,23
7827,化妆,2.043478,0.638055,23
7828,霍乱,2.590909,1.05375,22
7829,鸡汤,2.047619,0.973457,21
7830,基石,2.909091,1.477098,22
7831,监视,2.652174,1.070628,23
7832,建树,3.55,0.887041,20
7833,界限,3.363636,1.135801,22
7834,酒壶,1.434783,0.727767,23
7835,开办,3.086957,0.792754,23
7836,课程,2.0,0.852803,23
7837,枯干,2.772727,1.269864,22
7838,哭闹,2.173913,0.936734,23
7839,亏欠,3.347826,1.027295,23
7840,例会,1.956522,0.76742,23
7841,亮点,3.26087,1.009833,23
7842,轮胎,1.304348,0.702902,23
7843,卖国,3.0,1.154701,22
7844,密谋,3.26087,1.096167,23
7845,名将,2.272727,1.162174,22
7846,懦夫,2.863636,1.125271,22
7847,排除,3.434783,0.945135,23
7848,披肩,1.909091,0.75018,22
7849,疲乏,3.391304,0.838783,23
7850,偏食,2.904762,1.044259,21
7851,漂白,2.913043,0.900154,23
7852,拼命,3.380952,0.920662,21
7853,朴实,3.347826,0.982052,23
7854,曝光,3.173913,0.886883,23
7855,奇特,3.913043,0.792754,23
7856,气味,2.869565,1.254242,23
7857,牵扯,3.478261,0.845822,23
7858,去世,1.913043,1.083473,23
7859,全员,2.043478,0.975997,23
7860,忍心,3.652174,0.831685,23
7861,任职,2.571429,0.978337,21
7862,荣誉,3.272727,1.420323,22
7863,锐意,3.952381,1.023533,21
7864,散文,2.565217,1.160959,23
7865,扫黄,2.304348,1.019571,23
7866,擅长,3.478261,0.897956,23
7867,射箭,1.521739,0.510754,23
7868,身份,2.695652,1.222322,23
7869,盛大,3.695652,1.019571,23
7870,仕女,1.952381,0.920662,21
7871,手术,1.782609,0.795243,23
7872,硕果,3.043478,1.186219,23
7873,素色,3.0,1.167748,23
7874,胎记,1.565217,0.727767,23
7875,套餐,2.619048,1.07127,21
7876,团队,2.043478,0.76742,23
7877,脱身,3.26087,1.009833,23
7878,陀螺,1.727273,1.162174,22
7879,危难,3.478261,0.897956,23
7880,畏惧,3.652174,0.884652,23
7881,温室,2.478261,1.081647,23
7882,卧病,2.304348,0.87567,23
7883,小巷,1.695652,0.76484,23
7884,小学,1.478261,0.665348,23
7885,幸免,3.521739,0.845822,23
7886,性能,3.545455,1.056827,22
7887,淫荡,3.652174,1.112274,23
7888,影评,2.652174,1.112274,23
7889,油漆,1.434783,0.50687,23
7890,鱿鱼,1.521739,0.730477,23
7891,愚昧,3.652174,0.831685,23
7892,育儿,2.869565,1.057628,23
7893,月初,2.478261,0.730477,23
7894,赞美,3.521739,1.16266,23
7895,账单,1.782609,0.902347,23
7896,争吵,2.826087,1.11405,23
7897,支行,2.2,0.833509,20
7898,致谢,2.869565,1.01374,23
7899,竹林,1.478261,0.665348,23
7900,主使,3.272727,0.984732,22
7901,作乱,3.347826,1.070628,23
7902,盎司,2.62963,1.497386,27
7903,白干,3.346154,1.056118,26
7904,白兔,1.407407,1.009922,27
7905,白云,1.384615,0.852147,26
7906,柏油,2.037037,0.807726,27
7907,班长,2.0,0.83205,27
7908,本乡,2.925926,1.14105,27
7909,蓖麻,1.888889,1.250641,27
7910,便宜,3.296296,1.203035,27
7911,标点,2.37037,0.883531,27
7912,别扭,3.518519,1.122167,27
7913,裁员,2.592593,1.366052,27
7914,曾经,3.0,1.143544,27
7915,查访,2.888889,1.187542,27
7916,朝圣,3.148148,1.231125,27
7917,车程,2.666667,1.1094,27
7918,陈皮,1.703704,1.030863,27
7919,成立,3.185185,1.177907,27
7920,承诺,3.481481,1.282137,27
7921,处境,3.666667,1.1094,27
7922,粗野,3.153846,1.120439,26
7923,大夫,2.307692,1.123182,26
7924,大脑,1.592593,0.693889,27
7925,耽误,3.296296,1.137298,27
7926,当兵,2.222222,1.050031,27
7927,党派,2.62963,1.114525,27
7928,等待,3.296296,1.030863,27
7929,蝶泳,2.074074,1.238048,27
7930,跺脚,1.962963,1.125969,27
7931,法力,4.2,1.118034,25
7932,烦忧,3.592593,1.152231,27
7933,肤浅,3.68,0.945163,25
7934,伏击,2.962963,1.091276,27
7935,幅度,3.407407,1.047314,27
7936,鸽子,1.37037,0.687702,27
7937,公告,2.259259,0.944319,27
7938,攻击,3.185185,1.177907,27
7939,观战,3.0,1.1094,27
7940,罐头,1.666667,0.784465,27
7941,果园,1.555556,0.57735,27
7942,蛤蟆,1.333333,0.679366,27
7943,汉堡,1.481481,0.70002,27
7944,黑钱,3.4,0.866025,25
7945,厚礼,3.230769,1.106623,26
7946,花盆,1.481481,0.752962,27
7947,会聚,3.48,0.87178,25
7948,混账,3.518519,1.051386,27
7949,计时,2.814815,1.001423,27
7950,架空,3.692308,0.928191,26
7951,饯别,3.038462,1.148243,26
7952,结巴,2.111111,1.120897,27
7953,浸染,3.259259,1.095185,27
7954,橘子,1.444444,0.800641,27
7955,开张,3.111111,1.250641,27
7956,可怕,3.692308,1.086986,26
7957,口臭,2.0,0.894427,26
7958,口吻,3.423077,1.101747,26
7959,拉扯,2.740741,1.163304,27
7960,勒索,2.884615,1.142871,26
7961,冷箭,3.407407,1.009922,27
7962,凌乱,3.592593,1.047314,27
7963,陵墓,1.740741,1.059484,27
7964,领养,2.592593,1.009922,27
7965,龙虾,1.222222,0.640513,27
7966,脉象,3.615385,1.168826,26
7967,木鱼,1.925926,0.997147,27
7968,那些,4.304348,0.822125,23
7969,爬虫,2.296296,1.030863,27
7970,盘旋,3.037037,1.091276,27
7971,配方,3.0,1.208941,27
7972,皮肤,1.461538,0.706018,26
7973,飘渺,4.230769,0.710363,26
7974,骑兵,1.888889,0.751068,27
7975,虔诚,4.074074,0.997147,27
7976,请求,3.259259,1.022538,27
7977,去除,2.88,1.092398,25
7978,全力,3.37037,1.244933,27
7979,缺点,3.259259,1.163304,27
7980,上班,2.423077,1.064822,26
7981,圣像,2.814815,1.210119,27
7982,圣旨,2.307692,1.123182,26
7983,湿疹,1.962963,0.979854,27
7984,使馆,2.0,0.877058,27
7985,市长,1.518519,0.752962,27
7986,适当,3.807692,1.020558,26
7987,死守,3.407407,1.083416,27
7988,苏醒,2.925926,1.106829,27
7989,素颜,2.346154,0.845804,26
7990,随军,2.92,1.037625,25
7991,统率,3.6,1.0,25
7992,偷生,3.875,1.034723,24
7993,头饰,2.185185,1.144789,27
7994,完美,3.6,1.258306,25
7995,晚上,1.962963,0.758616,27
7996,无理,3.481481,1.087353,27
7997,妩媚,3.555556,1.187542,27
7998,武术,2.111111,0.847319,27
7999,吸力,3.32,1.249,25
8000,习作,3.130435,1.179536,23
8001,遐想,4.307692,0.884047,26
8002,弦乐,2.769231,1.210213,26
8003,萧条,3.962963,0.758616,27
8004,小声,2.923077,1.055389,26
8005,协会,2.407407,1.083416,27
8006,辛劳,3.24,1.011599,25
8007,形势,3.740741,1.129758,27
8008,序言,2.148148,0.988538,27
8009,学界,3.222222,1.154701,27
8010,压缩,2.961538,0.99923,26
8011,掩护,3.185185,1.144789,27
8012,央求,3.076923,0.97665,26
8013,扬言,3.185185,1.110684,27
8014,洋酒,1.851852,0.948833,27
8015,药房,1.666667,0.733799,27
8016,迎接,2.769231,0.992278,26
8017,友人,2.037037,0.807726,27
8018,愚弄,3.703704,0.953327,27
8019,运营,3.44,1.121011,25
8020,赞叹,2.807692,1.16685,26
8021,长假,2.481481,1.014145,27
8022,中风,2.407407,1.278799,27
8023,重赏,3.037037,1.159625,27
8024,猪肉,1.222222,0.50637,27
8025,准时,2.814815,0.96225,27
8026,拜托,3.444444,1.187542,27
8027,包车,2.185185,0.735738,27
8028,孢子,2.222222,1.012739,27
8029,备战,3.185185,1.144789,27
8030,财产,2.615385,1.168826,26
8031,测量,2.961538,1.03849,26
8032,仇人,2.740741,1.227649,27
8033,传染,3.074074,1.206582,27
8034,丛书,2.538462,1.103839,26
8035,弹弓,1.481481,0.893152,27
8036,当地,2.592593,0.843949,27
8037,等价,3.32,1.069268,25
8038,电台,1.777778,0.751068,27
8039,店铺,1.851852,0.863967,27
8040,貂皮,1.407407,0.843949,27
8041,碉堡,1.740741,0.984206,27
8042,动工,3.2,1.118034,25
8043,发生,3.961538,0.773603,26
8044,发声,2.925926,1.268734,27
8045,仿佛,4.56,0.583095,25
8046,费神,4.037037,0.649348,27
8047,府上,2.333333,0.960769,27
8048,负责,3.851852,0.988538,27
8049,复苏,3.259259,1.022538,27
8050,肝火,3.666667,1.037749,27
8051,高傲,3.925926,0.997147,27
8052,高考,1.846154,0.92487,26
8053,根源,3.72,0.936305,25
8054,官方,2.62963,1.043225,27
8055,轨迹,2.962963,1.125969,27
8056,韩文,1.703704,1.030863,27
8057,和平,3.333333,1.037749,27
8058,欢呼,2.888889,1.154701,27
8059,寰宇,3.217391,1.166055,23
8060,换取,3.24,0.778888,25
8061,积极,3.846154,1.007663,26
8062,技艺,3.111111,1.250641,27
8063,坚硬,3.076923,1.412036,26
8064,俭朴,3.518519,0.893152,27
8065,将士,2.222222,1.012739,27
8066,讲座,2.222222,0.891556,27
8067,降落,2.615385,0.941357,26
8068,借助,3.615385,1.022817,26
8069,金发,2.037037,1.159625,27
8070,进士,2.0,1.037749,27
8071,科幻,4.0,0.938083,26
8072,裤子,1.37037,0.687702,27
8073,拉锯,2.96,1.059874,25
8074,拦阻,3.481481,0.848998,27
8075,良心,4.111111,1.050031,27
8076,鳞片,2.074074,1.14105,27
8077,乱动,3.083333,1.282547,24
8078,美食,2.518519,1.087353,27
8079,模范,3.038462,1.076319,26
8080,能够,3.68,1.10755,25
8081,怕事,3.740741,0.944319,27
8082,培养,3.6,0.866025,25
8083,贫血,2.444444,1.187542,27
8084,泼妇,2.62963,1.334401,27
8085,普遍,3.56,1.227464,25
8086,起锚,2.576923,1.064822,26
8087,签收,2.074074,0.780824,27
8088,浅显,4.0,0.69282,26
8089,倾诉,3.111111,1.154701,27
8090,清洁,2.666667,1.143544,27
8091,秋收,2.296296,0.91209,27
8092,求婚,2.0,0.919866,27
8093,饶恕,3.740741,1.095185,27
8094,杀害,2.5,0.860233,26
8095,沙哑,2.555556,1.120897,27
8096,上报,2.703704,1.137298,27
8097,涉案,2.851852,1.292097,27
8098,升学,2.333333,1.270978,27
8099,圣餐,3.363636,0.953463,22
8100,胜券,3.5,0.905539,26
8101,失败,3.444444,1.086042,27
8102,师徒,2.0,0.960769,27
8103,石碑,1.407407,0.572394,27
8104,示威,3.259259,1.059484,27
8105,售卖,2.740741,1.163304,27
8106,水泵,1.407407,0.843949,27
8107,塑造,4.037037,0.897924,27
8108,随意,4.076923,1.016782,26
8109,瘫痪,2.615385,1.168826,26
8110,炭笔,1.925926,1.206582,27
8111,探病,2.703704,1.265361,27
8112,桃树,1.333333,0.733799,27
8113,题目,2.346154,1.263085,26
8114,体统,4.0,0.894427,26
8115,天明,2.846154,1.120439,26
8116,跳远,1.703704,0.992852,27
8117,退学,2.074074,0.997147,27
8118,褪色,2.740741,1.163304,27
8119,歪曲,3.653846,1.16421,26
8120,外币,2.111111,0.9337,27
8121,网友,2.423077,0.902134,26
8122,武断,3.777778,1.050031,27
8123,武林,3.407407,1.30853,27
8124,物业,2.259259,1.163304,27
8125,小城,2.703704,0.953327,27
8126,校服,1.538462,0.904689,26
8127,姓名,1.730769,1.115623,26
8128,胸怀,4.0,0.919866,27
8129,血管,1.851852,1.09908,27
8130,讯息,3.037037,1.055443,27
8131,验血,2.153846,1.120439,26
8132,英文,1.592593,0.930643,27
8133,幼苗,2.074074,0.873804,27
8134,余地,3.769231,1.069867,26
8135,援助,3.185185,0.735738,27
8136,札记,2.6,1.080123,25
8137,正确,3.44,1.356466,25
8138,重建,3.0,1.0,27
8139,轴心,2.6,1.224745,25
8140,昼间,2.56,1.003328,25
8141,主菜,2.416667,1.212854,24
8142,专线,2.925926,1.14105,27
8143,壮丁,2.222222,1.086042,27
8144,拙劣,3.961538,0.958364,26
8145,桌子,1.296296,0.724028,27
8146,资料,2.518519,1.087353,27
8147,自嘲,3.62963,1.30526,27
8148,尊敬,3.666667,0.919866,27
8149,爱心,2.913043,1.202764,23
8150,安睡,2.826087,0.984063,23
8151,报道,2.217391,1.126399,23
8152,鄙视,3.173913,1.11405,23
8153,币值,2.565217,1.308229,23
8154,才干,3.347826,1.191206,23
8155,仓库,1.434783,0.662371,23
8156,草案,2.5,1.185227,22
8157,查核,3.043478,1.460954,23
8158,刹那,3.318182,1.393398,22
8159,搀杂,3.454545,1.184313,22
8160,成熟,2.956522,1.223938,23
8161,程式,3.15,1.460894,20
8162,出兵,2.173913,1.072473,23
8163,出处,2.73913,1.17618,23
8164,处分,2.086957,1.276111,23
8165,春天,1.782609,0.902347,23
8166,打劫,2.045455,0.950051,22
8167,带兵,2.434783,1.236788,23
8168,丹田,3.434783,1.471736,23
8169,倒戈,3.173913,1.23038,23
8170,道德,3.565217,1.121123,23
8171,独有,2.782609,1.380267,23
8172,对比,2.954545,1.214095,22
8173,赋税,2.695652,1.32921,23
8174,赋予,3.454545,1.223861,22
8175,甘草,1.818182,1.097025,22
8176,肛门,1.434783,0.843482,23
8177,高度,2.217391,1.277658,23
8178,公愤,3.478261,0.790257,23
8179,共同,2.681818,1.249242,22
8180,姑爷,1.434783,0.787752,23
8181,海绵,1.695652,1.019571,23
8182,行家,3.043478,1.260529,23
8183,花钱,2.090909,1.150945,22
8184,环节,2.956522,1.021508,23
8185,集结,2.826087,1.23038,23
8186,家属,1.73913,0.810016,23
8187,简陋,2.869565,0.919701,23
8188,交叉,3.304348,1.145536,23
8189,杰出,3.086957,1.202764,23
8190,结论,2.608696,1.405804,23
8191,解雇,2.086957,1.202764,23
8192,近况,2.913043,1.040675,23
8193,景仰,3.727273,1.162174,22
8194,竞逐,3.608696,1.033051,23
8195,聚变,3.75,1.019546,20
8196,苦恼,3.0,1.309307,22
8197,苦役,2.818182,1.258736,22
8198,磊落,3.454545,1.184313,22
8199,里面,2.826087,1.402989,23
8200,连环,3.173913,1.192864,23
8201,怜恤,3.454545,1.335496,22
8202,联系,2.869565,0.967863,23
8203,两旁,2.681818,1.358794,22
8204,裂痕,2.521739,1.410015,23
8205,留神,3.318182,1.170525,22
8206,轮班,2.409091,1.140555,22
8207,民兵,1.73913,0.963771,23
8208,摸索,3.304348,1.395929,23
8209,抹杀,3.434783,1.27301,23
8210,牧师,1.909091,1.019294,22
8211,耐力,3.217391,1.085295,23
8212,泥沙,2.043478,1.223938,23
8213,怒骂,2.521739,1.16266,23
8214,疟疾,2.347826,1.368765,23
8215,葡萄,1.565217,0.945135,23
8216,凄美,4.047619,1.283596,21
8217,奇异,3.571429,1.164965,21
8218,枪战,1.772727,0.751622,22
8219,蔷薇,2.0,1.309307,22
8220,情形,3.782609,1.241572,23
8221,裙子,1.681818,1.210524,22
8222,肉身,2.045455,1.174218,22
8223,善于,3.565217,1.160959,23
8224,伸长,2.818182,1.332251,22
8225,升空,2.5,1.101946,22
8226,胜任,3.0,1.167748,23
8227,时间,3.181818,1.500361,22
8228,双方,1.954545,0.843873,22
8229,死人,1.434783,0.787752,23
8230,死亡,2.227273,1.231794,22
8231,太子,1.73913,0.915393,23
8232,堂兄,1.782609,1.042572,23
8233,藤蔓,1.954545,1.132939,22
8234,天梯,2.956522,1.460954,23
8235,跳伞,1.521739,0.730477,23
8236,退避,2.826087,1.336623,23
8237,文学,3.095238,1.338087,21
8238,稳固,2.826087,1.266785,23
8239,巫术,3.428571,1.567528,21
8240,诬告,2.956522,1.14726,23
8241,午后,1.956522,0.824525,23
8242,物流,2.130435,1.254242,23
8243,西药,2.304348,1.32921,23
8244,洗衣,1.826087,1.15413,23
8245,下颚,1.391304,0.722315,23
8246,箱子,1.608696,0.988071,23
8247,校园,1.826087,1.072473,23
8248,形成,3.909091,1.1088,22
8249,宿主,3.363636,1.216766,22
8250,喧哗,2.782609,1.204406,23
8251,旋风,2.727273,1.162174,22
8252,选拔,2.652174,1.027295,23
8253,烟花,2.0,1.128152,23
8254,言谈,2.772727,1.151885,22
8255,吆喝,2.956522,1.14726,23
8256,业绩,2.565217,1.079818,23
8257,蚁穴,2.043478,1.106931,23
8258,殷勤,3.608696,0.988071,23
8259,英雄,2.304348,1.184551,23
8260,羽绒,1.818182,0.906924,22
8261,狱卒,2.142857,1.38873,21
8262,原价,2.478261,1.274561,23
8263,窄小,2.608696,1.15755,23
8264,沼气,2.347826,1.300654,23
8265,阵痛,3.086957,1.202764,23
8266,直线,1.913043,1.164359,23
8267,止痛,2.304348,1.145536,23
8268,治疗,2.521739,1.201119,23
8269,周末,1.772727,0.922307,22
8270,自传,2.0,1.112697,22
8271,恣意,3.818182,0.957992,22
8272,宗教,2.8,1.399248,20
8273,按钮,1.608696,0.891328,23
8274,芭蕾,2.043478,1.296087,23
8275,白费,3.304348,0.87567,23
8276,傍晚,2.521739,1.16266,23
8277,笔直,2.173913,1.11405,23
8278,必须,3.043478,1.106931,23
8279,闭幕,2.26087,1.251086,23
8280,标语,2.043478,1.065076,23
8281,别名,2.478261,1.309739,23
8282,敞开,3.130435,1.01374,23
8283,超模,2.363636,1.255292,22
8284,持有,2.913043,1.164359,23
8285,赤裸,2.695652,1.184551,23
8286,宠儿,3.043478,1.223938,23
8287,出让,3.047619,1.07127,21
8288,穿过,3.043478,1.330696,23
8289,春节,1.73913,1.053884,23
8290,蛋黄,1.652174,0.982052,23
8291,癫狂,3.772727,1.020356,22
8292,点心,2.173913,1.302172,23
8293,赌场,2.0,1.128152,23
8294,缎带,2.521739,1.473079,23
8295,丰满,3.409091,1.181568,22
8296,风暴,2.909091,1.376991,22
8297,该死,3.45,1.145931,20
8298,钙化,2.869565,1.179536,23
8299,歌声,2.217391,0.998022,23
8300,灌木,1.782609,0.902347,23
8301,寒微,4.136364,0.560226,22
8302,豪爽,3.521739,1.038774,23
8303,号码,1.913043,0.848155,23
8304,合照,2.086957,1.23998,23
8305,火海,3.26087,1.053884,23
8306,季度,2.434783,1.27301,23
8307,家族,2.086957,0.949308,23
8308,坚定,3.347826,1.265224,23
8309,鉴赏,3.26087,1.251086,23
8310,角度,3.521739,1.081647,23
8311,介怀,3.75,0.850696,20
8312,进口,2.782609,1.085295,23
8313,经书,2.333333,1.42595,21
8314,鲸鱼,1.545455,0.9625,22
8315,静候,3.130435,1.179536,23
8316,救命,2.565217,1.03687,23
8317,凯旋,2.826087,1.435022,23
8318,可耻,3.454545,0.857864,22
8319,狂欢,3.130435,1.358621,23
8320,离题,3.52381,1.209093,21
8321,理想,4.434783,0.843482,23
8322,连队,2.478261,1.122884,23
8323,淋巴,2.142857,0.963624,21
8324,零度,2.272727,1.315903,22
8325,落难,3.318182,0.838727,22
8326,买入,2.304348,1.019571,23
8327,慢性,3.608696,1.033051,23
8328,毛虫,1.956522,1.260529,23
8329,煤矿,1.304348,0.470472,23
8330,美丽,3.608696,1.076152,23
8331,末梢,3.304348,1.294561,23
8332,年薪,1.909091,1.019294,22
8333,酿制,2.652174,0.982052,23
8334,暖炉,1.956522,1.223938,23
8335,欧盟,1.826087,1.072473,23
8336,欧洲,1.73913,1.009833,23
8337,磐石,2.818182,1.258736,22
8338,盼望,3.782609,0.850482,23
8339,批判,3.434783,1.121123,23
8340,偏僻,2.818182,1.006473,22
8341,拼音,2.130435,1.179536,23
8342,千禧,3.136364,1.206942,22
8343,铅笔,1.608696,0.940944,23
8344,强迫,3.478261,0.897956,23
8345,倾吐,3.5,1.263027,22
8346,球员,1.73913,1.096167,23
8347,取缔,3.086957,0.949308,23
8348,肉丸,2.045455,1.290156,22
8349,桑树,1.782609,1.277658,23
8350,骚动,3.565217,0.992063,23
8351,深夜,2.521739,1.122884,23
8352,审判,2.695652,1.294561,23
8353,生锈,2.217391,1.204406,23
8354,盛况,3.130435,0.967863,23
8355,世仇,3.272727,1.077113,22
8356,视窗,2.956522,1.223938,23
8357,数字,1.695652,0.822125,23
8358,双数,2.227273,1.34277,22
8359,素质,3.826087,0.834058,23
8360,虽然,4.142857,0.910259,21
8361,同化,3.782609,1.241572,23
8362,头发,1.608696,1.076152,23
8363,投奔,3.478261,0.897956,23
8364,透支,3.136364,1.037187,22
8365,秃鹰,1.73913,1.17618,23
8366,图谋,3.608696,0.940944,23
8367,晚饭,1.826087,0.984063,23
8368,惟独,3.363636,1.17698,22
8369,维持,3.304348,0.97397,23
8370,我军,2.130435,1.140349,23
8371,乌龟,1.521739,0.994053,23
8372,无罪,2.909091,1.305997,22
8373,消毒,2.521739,1.309739,23
8374,小巧,3.347826,1.300654,23
8375,校规,2.173913,1.072473,23
8376,心思,4.043478,0.76742,23
8377,心态,3.695652,1.145536,23
8378,宣称,2.954545,1.090097,22
8379,摇晃,3.045455,1.045502,22
8380,疑心,3.652174,0.934622,23
8381,淫威,3.73913,1.009833,23
8382,拥挤,2.695652,1.145536,23
8383,油灯,1.652174,0.884652,23
8384,有劳,3.695652,0.470472,23
8385,韵母,2.521739,1.647852,23
8386,造福,3.478261,0.790257,23
8387,造价,2.695652,1.294561,23
8388,长辈,1.869565,1.140349,23
8389,中毒,2.086957,0.99604,23
8390,中断,2.913043,1.040675,23
8391,中暑,2.086957,0.900154,23
8392,肘弯,2.478261,1.377401,23
8393,注重,3.391304,1.033051,23
8394,祖宗,1.956522,1.106931,23
8395,嘴巴,1.434783,1.03687,23
8396,挨着,2.384615,0.982931,26
8397,庇佑,3.615385,0.982931,26
8398,陛下,2.076923,1.293772,26
8399,冰镇,2.0,1.040833,25
8400,博弈,3.0,1.356466,26
8401,不朽,4.0,0.8,26
8402,猜忌,3.16,1.280625,25
8403,彩绘,1.807692,0.895287,26
8404,残忍,3.0,1.385641,26
8405,仓鼠,1.346154,0.561591,26
8406,产品,2.72,1.1,25
8407,抄写,2.192308,0.800961,26
8408,朝夕,2.96,1.337909,25
8409,车辆,1.269231,0.452344,26
8410,充气,2.36,0.757188,25
8411,储君,2.416667,1.17646,24
8412,次货,2.72,1.061446,25
8413,聪明,3.038462,1.182566,26
8414,地铁,1.076923,0.271746,26
8415,凋零,3.230769,1.305609,26
8416,夺目,3.461538,1.066987,26
8417,发烧,1.846154,0.833897,26
8418,繁衍,2.653846,1.093336,26
8419,犯罪,2.384615,0.982931,26
8420,方块,1.961538,0.99923,26
8421,方丈,2.0,0.894427,26
8422,飞碟,2.115385,1.17735,26
8423,分批,3.4,0.957427,25
8424,奉陪,3.576923,0.902134,26
8425,刚才,2.961538,1.341067,26
8426,功劳,2.52,1.194432,25
8427,功用,3.192308,1.132051,26
8428,孤寂,3.5,1.272792,26
8429,辜负,3.48,0.918332,25
8430,跪下,1.769231,0.951113,26
8431,海鲜,1.692308,0.617688,26
8432,涵盖,3.625,1.408437,24
8433,汉子,2.04,0.789515,25
8434,胡言,3.391304,0.988071,23
8435,户籍,1.692308,0.788377,26
8436,哗然,3.76,1.234234,25
8437,机师,2.269231,1.185165,26
8438,基本,3.48,1.194432,25
8439,记号,2.538462,1.028816,26
8440,兼具,3.24,0.925563,25
8441,剪接,3.076923,1.230385,26
8442,舰长,1.44,0.506623,25
8443,接力,2.96,1.135782,25
8444,剧团,1.923077,0.844894,26
8445,据说,4.0,0.978019,24
8446,可乐,1.346154,0.628796,26
8447,克制,3.192308,1.059027,26
8448,领土,1.807692,0.895287,26
8449,龙眼,1.608696,0.891328,23
8450,龙舟,1.384615,0.571099,26
8451,埋伏,3.269231,1.041449,26
8452,美术,2.6,1.354006,25
8453,糜烂,3.423077,1.205755,26
8454,魔鬼,3.423077,1.36156,26
8455,墨汁,1.461538,0.508391,26
8456,排斥,3.576923,1.101747,26
8457,盘点,2.826087,1.15413,23
8458,偏激,3.48,0.962635,25
8459,枪毙,1.653846,0.745241,26
8460,巧遇,2.846154,1.084152,26
8461,榕树,1.461538,0.811456,26
8462,孺子,3.041667,1.232853,24
8463,嗓子,1.961538,1.076319,26
8464,色狼,1.961538,0.823688,26
8465,涉及,3.6,1.040833,25
8466,深奥,4.038462,0.773603,26
8467,圣经,2.0,1.058301,26
8468,狮子,1.192308,0.491466,26
8469,实物,2.807692,1.096147,26
8470,手动,2.6,1.0,25
8471,守门,2.076923,0.97665,26
8472,输血,1.846154,0.92487,26
8473,水晶,1.692308,0.788377,26
8474,松绑,2.5,1.104536,26
8475,损失,3.115385,1.070586,26
8476,特点,3.769231,0.908083,26
8477,挑战,3.192308,1.059027,26
8478,跳级,2.92,1.115049,25
8479,挺胸,1.692308,0.735893,26
8480,通常,3.166667,1.09014,24
8481,头版,2.458333,1.284664,24
8482,头条,2.115385,0.993053,26
8483,危言,3.36,1.113553,25
8484,微小,3.269231,1.115623,26
8485,纬度,2.538462,1.363254,26
8486,舞蹈,1.923077,1.055389,26
8487,细菌,2.038462,1.112862,26
8488,匣子,1.6,0.57735,25
8489,下等,3.48,1.004988,25
8490,先生,1.923077,0.89098,26
8491,乡愁,3.961538,1.341067,26
8492,香味,2.692308,1.123182,26
8493,效劳,3.5,1.104536,26
8494,邪恶,3.653846,1.23101,26
8495,卸货,1.884615,0.765607,26
8496,蟹黄,1.461538,0.646886,26
8497,熊猫,1.115385,0.325813,26
8498,旋转,2.576923,0.986836,26
8499,牙科,1.653846,0.891843,26
8500,言论,3.269231,1.150919,26
8501,岩石,1.346154,0.628796,26
8502,要命,3.541667,1.020621,24
8503,吟诗,2.653846,1.056118,26
8504,黝黑,2.153846,0.833897,26
8505,予以,4.083333,0.928611,24
8506,玉女,3.038462,0.958364,26
8507,原则,3.384615,1.168826,26
8508,月刊,1.846154,0.543493,26
8509,越战,2.636364,1.328997,22
8510,争夺,3.076923,1.163549,26
8511,之后,3.730769,1.002305,26
8512,知会,3.458333,1.102533,24
8513,主犯,1.884615,0.711445,26
8514,助理,1.692308,0.549125,26
8515,著书,2.44,1.121011,25
8516,子嗣,2.0,0.866025,25
8517,纵向,3.038462,1.341067,26
8518,租户,1.692308,0.735893,26
8519,阻挠,3.192308,1.200641,26
8520,拜见,2.884615,1.107318,26
8521,避免,3.083333,1.212854,24
8522,变脸,2.72,1.24231,25
8523,财主,2.115385,0.951921,26
8524,草鞋,1.384615,0.752432,26
8525,查询,2.884615,1.210848,26
8526,唱歌,1.730769,1.041449,26
8527,打算,3.461538,1.475961,26
8528,大树,1.692308,1.086986,26
8529,担保,3.423077,1.137474,26
8530,刀伤,1.769231,0.992278,26
8531,底薪,2.230769,1.031802,26
8532,法律,3.192308,1.386196,26
8533,翻身,2.541667,1.141287,24
8534,奉命,3.4,1.154701,25
8535,告假,2.52,1.159023,25
8536,隔间,3.038462,1.280024,26
8537,隔音,2.846154,1.222859,26
8538,公义,3.541667,1.382473,24
8539,构图,3.04,1.274101,25
8540,孤立,3.192308,1.233507,26
8541,古寺,1.6,0.763763,25
8542,拐杖,1.4,0.816497,25
8543,广大,3.653846,1.23101,26
8544,含意,4.038462,1.076319,26
8545,毫无,3.478261,1.274561,23
8546,好人,2.76,1.16476,25
8547,烘托,3.615385,1.235376,26
8548,胡扯,3.4,1.224745,25
8549,虎口,2.521739,1.122884,23
8550,茴香,1.576923,0.808608,26
8551,极限,3.48,1.262273,25
8552,加码,3.28,1.208305,25
8553,架构,3.384615,1.267341,26
8554,建议,3.269231,1.041449,26
8555,僵持,3.615385,0.982931,26
8556,交织,3.68,1.215182,25
8557,觉悟,3.538462,1.272188,26
8558,结盟,3.230769,1.106623,26
8559,解毒,2.730769,1.313246,26
8560,借出,2.84,1.027943,25
8561,酒鬼,1.884615,0.765607,26
8562,就寝,2.269231,1.079173,26
8563,卷曲,2.923077,1.293772,26
8564,军火,1.846154,0.7317,26
8565,开动,2.961538,1.21592,26
8566,可惜,3.4,1.290994,25
8567,溃疡,2.48,1.294862,25
8568,蜡笔,1.269231,0.603834,26
8569,来客,2.307692,0.970329,26
8570,立志,3.653846,1.23101,26
8571,例如,3.56,1.003328,25
8572,莲藕,1.423077,0.702742,26
8573,凉快,2.692308,1.257592,26
8574,两极,3.2,1.118034,25
8575,列席,2.923077,1.055389,26
8576,领巾,1.769231,0.908083,26
8577,陆地,1.653846,1.017539,26
8578,录音,1.961538,0.823688,26
8579,矛头,3.076923,1.324329,26
8580,模仿,3.423077,1.172112,26
8581,木匠,1.576923,0.808608,26
8582,能干,3.461538,1.207668,26
8583,酿酒,2.269231,1.079173,26
8584,盘踞,3.346154,0.977438,26
8585,碰面,2.423077,1.137474,26
8586,譬如,3.72,0.936305,25
8587,签名,1.692308,0.735893,26
8588,切忌,3.384615,1.168826,26
8589,琴谱,1.807692,0.938903,26
8590,清早,1.923077,0.89098,26
8591,穷苦,2.807692,1.16685,26
8592,求情,3.12,1.201388,25
8593,驱使,3.615385,1.202561,26
8594,去路,3.346154,1.129329,26
8595,热狗,1.807692,1.132051,26
8596,人情,3.461538,1.207668,26
8597,身手,2.884615,1.275207,26
8598,升压,3.384615,1.29852,26
8599,尸体,1.576923,0.757526,26
8600,守护,3.5,1.104536,26
8601,首都,1.692308,0.928191,26
8602,四季,2.115385,0.993053,26
8603,汤碗,1.461538,0.646886,26
8604,体会,3.56,1.121011,25
8605,填补,3.2,1.190238,25
8606,停电,1.576923,0.643309,26
8607,透明,2.769231,1.142198,26
8608,屠杀,2.076923,0.934797,26
8609,歪理,3.423077,1.101747,26
8610,万岁,3.869565,1.140349,23
8611,网球,1.153846,0.464095,26
8612,违规,2.923077,1.128648,26
8613,窝心,3.88,0.971253,25
8614,稀释,2.884615,1.107318,26
8615,膝盖,1.384615,0.752432,26
8616,嬉笑,2.538462,1.066987,26
8617,席卷,3.76,0.879394,25
8618,心窝,3.153846,1.120439,26
8619,刑法,2.461538,1.240347,26
8620,幸亏,3.769231,1.031802,26
8621,牙痛,1.692308,0.679366,26
8622,炎热,2.269231,1.250846,26
8623,沿途,2.692308,1.158248,26
8624,依靠,3.653846,0.891843,26
8625,议席,2.961538,1.076319,26
8626,英镑,1.692308,0.884047,26
8627,营救,2.692308,1.158248,26
8628,有效,3.269231,1.250846,26
8629,预感,3.653846,1.23101,26
8630,月底,2.0,0.979796,26
8631,增强,2.88,1.235584,25
8632,占星,3.791667,1.382473,24
8633,长久,3.16,1.143095,25
8634,致歉,2.5,1.104536,26
8635,重罚,2.692308,1.123182,26
8636,住户,1.769231,0.815239,26
8637,专横,3.423077,0.986836,26
8638,庄稼,1.576923,0.702742,26
8639,资格,3.192308,1.296741,26
8640,自从,3.791667,1.020621,24
8641,总管,2.307692,1.049542,26
8642,最后,2.961538,1.248384,26
8643,靶场,1.73913,0.963771,23
8644,褒奖,2.863636,1.125271,22
8645,保密,2.652174,1.368765,23
8646,被捕,1.956522,0.877924,23
8647,逼供,2.333333,1.01653,21
8648,逼迫,3.347826,1.191206,23
8649,比试,2.652174,1.191206,23
8650,镖客,2.086957,1.124643,23
8651,财经,3.304348,1.294561,23
8652,尝试,3.217391,0.998022,23
8653,出产,3.130435,0.967863,23
8654,出轨,2.619048,1.116969,21
8655,出家,2.304348,1.019571,23
8656,处世,4.086957,0.900154,23
8657,脆弱,3.0,1.069045,22
8658,搭建,2.521739,0.994053,23
8659,大麻,1.590909,0.959121,22
8660,代表,3.086957,0.949308,23
8661,殆尽,3.818182,1.052723,22
8662,但愿,4.0,0.872872,22
8663,弹匣,1.478261,0.897956,23
8664,底价,2.565217,1.160959,23
8665,地步,3.9,1.252366,20
8666,电压,2.304348,1.294561,23
8667,殿宇,2.217391,0.998022,23
8668,顶尖,2.73913,1.321755,23
8669,冬至,1.73913,1.136877,23
8670,斗气,3.142857,1.062342,21
8671,短促,3.652174,1.070628,23
8672,短见,3.434783,1.03687,23
8673,堕落,3.695652,1.25896,23
8674,番茄,1.086957,0.288104,23
8675,范例,2.65,1.089423,20
8676,风骚,3.772727,1.066004,22
8677,风水,3.608696,1.37309,23
8678,讽刺,3.409091,1.221205,22
8679,服药,1.695652,0.558796,23
8680,各方,3.2,1.196486,20
8681,工会,1.863636,0.990212,22
8682,公德,3.272727,1.241421,22
8683,公开,2.409091,0.854071,22
8684,古董,1.73913,1.136877,23
8685,股东,2.045455,0.898532,22
8686,观光,2.565217,1.160959,23
8687,规章,2.173913,1.072473,23
8688,和善,2.913043,1.23998,23
8689,虎穴,2.761905,1.261141,21
8690,户主,1.565217,0.727767,23
8691,挥手,1.521739,0.790257,23
8692,回暖,3.0,1.140175,21
8693,击败,2.454545,1.010765,22
8694,脊椎,1.173913,0.387553,23
8695,记载,2.043478,0.975997,23
8696,监狱,1.347826,0.934622,23
8697,见谅,3.391304,1.076152,23
8698,剑道,2.73913,1.452815,23
8699,胶囊,1.5,0.740013,22
8700,觉醒,3.809524,1.030488,21
8701,竭力,3.545455,1.056827,22
8702,解散,2.304348,1.184551,23
8703,警觉,3.636364,0.902138,22
8704,就要,3.944444,1.161754,18
8705,捐躯,2.454545,0.911685,22
8706,倔强,3.173913,1.15413,23
8707,扩建,2.434783,1.160959,23
8708,牢记,3.181818,1.006473,22
8709,乐趣,3.652174,0.934622,23
8710,冷气,2.173913,0.886883,23
8711,理念,4.26087,0.864312,23
8712,吝啬,3.347826,1.191206,23
8713,迷你,3.47619,1.077917,21
8714,觅食,2.454545,0.911685,22
8715,蔑视,3.5,1.185227,22
8716,民怨,3.318182,1.210524,22
8717,明理,3.478261,0.994053,23
8718,墓碑,1.347826,0.71406,23
8719,柠檬,1.130435,0.457697,23
8720,配音,2.130435,0.919701,23
8721,盆地,2.181818,1.097025,22
8722,皮带,1.304348,0.470472,23
8723,皮鞋,1.130435,0.34435,23
8724,漂泊,3.272727,0.882735,22
8725,妻子,1.434783,0.589768,23
8726,气节,3.619048,1.465476,21
8727,趣事,3.173913,1.029217,23
8728,忍让,3.454545,0.9625,22
8729,容量,2.761905,0.995227,21
8730,赏月,2.086957,0.792754,23
8731,慎重,3.454545,1.29935,22
8732,世界,3.428571,1.434274,21
8733,事主,2.473684,1.073334,19
8734,水力,2.714286,1.101946,21
8735,司机,1.521739,0.790257,23
8736,素食,2.304348,0.822125,23
8737,缩小,2.913043,1.164359,23
8738,逃避,3.434783,0.992063,23
8739,透露,3.130435,1.01374,23
8740,托运,2.043478,0.474654,23
8741,违约,2.391304,0.891328,23
8742,武士,2.0,0.953463,23
8743,夏令,2.909091,1.269011,22
8744,先进,3.318182,1.249242,22
8745,消遣,3.391304,1.15755,23
8746,心志,3.954545,1.090097,22
8747,形容,4.043478,0.76742,23
8748,眩晕,2.695652,1.063219,23
8749,阳台,1.26087,0.6887,23
8750,依恋,3.695652,1.063219,23
8751,移居,2.652174,0.982052,23
8752,抑扬,3.772727,1.269864,22
8753,易地,3.0,1.105542,19
8754,音波,3.0,1.234427,22
8755,引发,3.782609,0.998022,23
8756,永恒,4.333333,1.064581,21
8757,怨恨,3.565217,1.079818,23
8758,杂志,1.434783,0.589768,23
8759,站岗,1.727273,0.631085,22
8760,鹧鸪,1.347826,0.647281,23
8761,知道,2.909091,1.150945,22
8762,致辞,2.391304,1.196173,23
8763,众人,2.608696,1.233588,23
8764,煮饭,1.782609,1.042572,23
8765,住持,2.272727,0.882735,22
8766,作用,3.636364,1.048602,22
8767,绊倒,2.043478,0.638055,23
8768,鼻孔,1.130435,0.34435,23
8769,编辑,2.956522,1.065076,23
8770,贬低,3.521739,0.947224,23
8771,冰凉,2.217391,1.166055,23
8772,捕捉,2.363636,1.002162,22
8773,惭愧,3.565217,1.121123,23
8774,潮水,1.565217,0.589768,23
8775,车速,1.869565,0.919701,23
8776,成员,2.652174,0.884652,23
8777,诚意,3.5,1.144344,22
8778,驰名,3.842105,0.95819,19
8779,丑陋,3.043478,1.223938,23
8780,储存,2.347826,0.982052,23
8781,猝死,2.086957,1.083473,23
8782,大计,3.578947,1.017393,19
8783,大戏,3.142857,1.152637,21
8784,带动,3.478261,0.947224,23
8785,档案,1.695652,0.558796,23
8786,殿下,2.454545,1.503243,22
8787,东部,2.454545,1.405,22
8788,毒气,1.695652,0.702902,23
8789,夺取,2.913043,1.311247,23
8790,发根,2.105263,0.875261,19
8791,方寸,3.608696,1.233588,23
8792,放弃,3.086957,0.99604,23
8793,封印,3.318182,1.427164,22
8794,扶手,1.347826,0.486985,23
8795,讣闻,2.277778,1.406102,18
8796,覆盖,3.173913,1.15413,23
8797,改动,2.73913,1.136877,23
8798,赶到,2.772727,1.066004,22
8799,高调,3.727273,1.031957,22
8800,根基,3.26087,1.214211,23
8801,工商,2.695652,1.222322,23
8802,故人,2.434783,1.121123,23
8803,挂彩,2.913043,1.124643,23
8804,过去,3.521739,1.238385,23
8805,函数,2.904762,1.546116,21
8806,悍匪,2.173913,0.984063,23
8807,行踪,3.043478,1.330696,23
8808,好客,3.478261,1.038774,23
8809,浩瀚,4.0,0.92582,22
8810,滑稽,3.391304,0.838783,23
8811,环顾,3.047619,0.973457,21
8812,激情,3.434783,1.079818,23
8813,羁绊,3.954545,1.045502,22
8814,集资,2.608696,1.076152,23
8815,驾车,1.782609,0.850482,23
8816,讲话,1.826087,1.029217,23
8817,奖券,1.782609,0.951388,23
8818,降温,2.173913,1.11405,23
8819,轿车,1.347826,0.884652,23
8820,解剖,2.347826,0.982052,23
8821,戒律,3.136364,1.166821,22
8822,金融,3.391304,1.269901,23
8823,经济,3.434783,1.308229,23
8824,旧闻,2.695652,1.105144,23
8825,决赛,1.956522,1.186219,23
8826,苦笑,2.391304,0.988071,23
8827,篮球,1.217391,0.518435,23
8828,类比,3.727273,0.767297,22
8829,俚语,3.0,1.374369,19
8830,沥青,1.434783,0.50687,23
8831,掠夺,2.869565,1.254242,23
8832,茅厕,1.565217,0.843482,23
8833,盟国,2.173913,1.15413,23
8834,渺茫,4.26087,1.009833,23
8835,明星,2.043478,0.877924,23
8836,鸣叫,2.26087,0.915393,23
8837,品评,3.454545,0.9625,22
8838,婆媳,1.782609,1.042572,23
8839,普通,3.363636,1.093071,22
8840,棋盘,1.434783,0.50687,23
8841,麒麟,2.045455,1.361976,22
8842,牵制,3.521739,0.947224,23
8843,敲诈,2.956522,1.14726,23
8844,驱逐,2.681818,1.086119,22
8845,热闹,3.0,1.314257,23
8846,撒种,2.181818,1.097025,22
8847,散步,1.826087,1.029217,23
8848,上进,3.409091,1.140555,22
8849,深海,2.434783,1.27301,23
8850,胜败,2.695652,1.25896,23
8851,失陪,3.0,1.183216,21
8852,石榴,1.272727,0.7025,22
8853,视点,3.318182,0.893701,22
8854,熟食,1.782609,0.850482,23
8855,酸雨,2.090909,1.150945,22
8856,堂皇,3.857143,1.014185,21
8857,讨论,2.956522,1.021508,23
8858,调子,3.272727,1.077113,22
8859,听觉,2.521739,1.441892,23
8860,突出,3.304348,1.184551,23
8861,团体,2.565217,1.079818,23
8862,外地,2.347826,1.191206,23
8863,外围,3.090909,1.019294,22
8864,呜呼,4.210526,0.854982,19
8865,无悔,3.714286,1.007118,21
8866,物资,2.347826,1.152416,23
8867,香水,1.608696,1.076152,23
8868,小心,3.272727,0.882735,22
8869,信件,1.565217,0.662371,23
8870,信息,3.217391,1.126399,23
8871,杏林,2.391304,1.117592,23
8872,虚拟,3.869565,1.254242,23
8873,悬挂,2.521739,1.201119,23
8874,伊朗,1.478261,0.790257,23
8875,英俊,3.434783,1.121123,23
8876,悠久,3.304348,1.105144,23
8877,邮轮,1.608696,0.838783,23
8878,犹如,4.181818,0.906924,22
8879,元年,3.136364,1.166821,22
8880,跃动,3.409091,1.098011,22
8881,云层,2.434783,1.308229,23
8882,责备,3.086957,1.083473,23
8883,珍贵,3.347826,1.152416,23
8884,支配,3.304348,1.294561,23
8885,只求,3.611111,1.036901,18
8886,中年,2.714286,1.270545,21
8887,捉拿,2.681818,0.994574,22
8888,宗师,3.0,1.309307,22
8889,做东,3.26087,1.096167,23
8890,败军,2.529412,0.960912,34
8891,薄饼,1.470588,0.825183,34
8892,豹子,1.333333,0.595119,33
8893,爆竹,1.485714,0.701739,35
8894,杯子,1.314286,0.529785,35
8895,北岸,2.647059,1.069759,34
8896,本周,2.142857,1.088519,35
8897,禀告,2.942857,1.235334,35
8898,病态,3.228571,1.214755,35
8899,布丁,1.828571,0.954424,35
8900,常识,3.4,1.217519,35
8901,嫦娥,2.314286,1.278129,35
8902,沉醉,3.727273,0.910794,33
8903,成败,3.485714,1.010865,35
8904,成语,2.8,1.106133,35
8905,筹备,3.0,1.212678,35
8906,处女,1.885714,0.963188,35
8907,慈善,2.647059,1.276414,34
8908,存货,2.4,1.034692,35
8909,导弹,1.457143,0.560612,35
8910,冬装,1.8,0.677365,35
8911,逗留,3.0,1.16316,35
8912,独裁,3.0,1.283378,35
8913,俄国,1.558824,0.990598,34
8914,恶果,3.571429,1.118973,35
8915,发病,2.735294,1.109431,34
8916,反差,3.545455,1.175024,33
8917,分裂,3.257143,1.196634,35
8918,付账,1.714286,0.667367,35
8919,赴约,2.029412,0.904041,34
8920,告白,2.742857,1.120474,35
8921,工具,2.5,1.080123,34
8922,工人,1.828571,0.923093,35
8923,工艺,3.428571,1.144956,35
8924,供应,3.242424,1.031695,33
8925,焊接,1.911765,0.933149,34
8926,好色,2.771429,1.113704,35
8927,糊口,3.558824,1.106213,34
8928,互通,3.121212,1.08275,33
8929,华人,1.828571,0.890661,35
8930,汇合,3.088235,1.111037,34
8931,继母,1.6,0.811679,35
8932,家务,2.314286,0.758149,35
8933,监考,1.882353,0.807717,34
8934,搅扰,3.441176,0.990598,34
8935,接济,2.885714,1.207122,35
8936,竭尽,3.484848,1.253027,33
8937,界线,2.685714,1.131668,35
8938,京剧,1.714286,0.92582,35
8939,就算,4.25,0.944089,24
8940,看法,3.5,1.107823,34
8941,咳嗽,1.828571,1.070616,35
8942,口角,2.470588,1.079711,34
8943,框架,3.0,1.325736,34
8944,离婚,1.6,0.735647,35
8945,礼服,1.628571,0.68966,35
8946,荔枝,1.314286,0.758149,35
8947,刘海,1.828571,1.042782,35
8948,流感,2.0,0.829156,33
8949,漏网,2.969697,1.015038,33
8950,迈进,3.606061,0.966288,33
8951,毛笔,1.314286,0.676123,35
8952,名片,1.714286,0.893487,35
8953,慕名,3.371429,1.086974,35
8954,能力,3.647059,1.276414,34
8955,拍戏,2.085714,0.701739,35
8956,排练,2.457143,0.980482,35
8957,拚命,3.142857,1.191708,35
8958,平庸,3.657143,1.161714,35
8959,启发,3.735294,1.024217,34
8960,强大,3.411765,1.131308,34
8961,抢修,2.285714,0.987314,35
8962,清楚,3.342857,1.161714,35
8963,认证,3.0,1.084652,35
8964,日程,2.685714,1.131668,35
8965,设定,3.657143,0.937546,35
8966,申请,2.8125,0.965117,32
8967,失眠,2.257143,1.196634,35
8968,施肥,2.085714,1.010865,35
8969,时兴,3.823529,0.968303,34
8970,释然,4.176471,0.936486,34
8971,收费,2.171429,1.20014,35
8972,守夜,2.0,0.984732,34
8973,死神,3.142857,1.517406,35
8974,蓑衣,1.823529,1.028992,34
8975,锁头,1.84375,1.080901,32
8976,坦承,3.428571,1.118973,35
8977,讨厌,3.371429,1.285341,35
8978,土法,3.730769,0.91903,26
8979,外衣,1.657143,0.764771,35
8980,忘我,4.0,1.057188,35
8981,胃口,3.147059,1.184044,34
8982,卧床,2.228571,0.972738,35
8983,希望,4.171429,0.954424,35
8984,习惯,3.441176,1.210839,34
8985,喜庆,2.794118,1.20049,34
8986,下届,2.848485,1.17583,33
8987,显现,3.628571,0.972738,35
8988,线性,3.96875,1.062085,32
8989,象形,3.647059,1.203086,34
8990,潇洒,3.558824,1.133276,34
8991,校长,1.4,0.553066,35
8992,心灵,3.942857,1.186762,35
8993,羞愧,3.4,1.116718,35
8994,寻找,3.090909,1.259058,33
8995,训话,2.8,1.231928,35
8996,鸭蛋,1.181818,0.583874,33
8997,腌制,2.235294,0.923065,34
8998,羊奶,1.342857,0.481594,35
8999,洋人,2.147059,0.783634,34
9000,养病,2.542857,1.066684,35
9001,摇曳,3.575758,1.118881,33
9002,引诱,3.382353,1.128547,34
9003,油轮,1.428571,0.654654,35
9004,幼儿,1.742857,0.780002,35
9005,孕妇,1.428571,0.698137,35
9006,运河,1.857143,0.912103,35
9007,长矛,1.628571,1.002518,35
9008,蜘蛛,1.352941,0.691172,34
9009,挚友,2.542857,1.120474,35
9010,中心,2.969697,1.158794,33
9011,主婚,2.636364,1.19421,33
9012,嘱咐,3.085714,1.094678,35
9013,作风,3.714286,1.177521,35
9014,跋涉,3.30303,1.158794,33
9015,半死,3.647059,1.041047,34
9016,保持,3.428571,1.118973,35
9017,奔驰,2.030303,1.237054,33
9018,婢女,2.257143,1.335992,35
9019,鞭打,2.088235,0.995981,34
9020,博爱,3.529412,1.186676,34
9021,布景,2.878788,1.218544,33
9022,超市,1.514286,0.742469,35
9023,陈述,3.028571,1.097744,35
9024,趁机,3.514286,1.147156,35
9025,出租,2.272727,1.068665,33
9026,除恶,2.941176,1.179141,34
9027,传授,3.142857,1.309307,35
9028,醇厚,3.771429,1.05957,35
9029,粗俗,3.257143,1.335992,35
9030,存折,1.885714,1.278129,35
9031,盗窃,2.4,1.217519,35
9032,悼念,3.058824,1.153156,34
9033,抵制,3.228571,1.002518,35
9034,奠定,3.885714,1.182506,35
9035,洞穴,1.828571,1.124218,35
9036,独处,2.714286,1.405272,35
9037,发现,2.885714,1.300937,35
9038,法网,3.457143,1.146423,35
9039,愤怒,2.885714,1.300937,35
9040,概况,3.428571,1.118973,35
9041,果仁,1.742857,1.066684,35
9042,过节,2.323529,1.173459,34
9043,海底,2.2,1.079215,35
9044,寒冷,2.628571,1.262251,35
9045,嚎哭,2.6,1.168206,35
9046,好奇,3.484848,1.202113,33
9047,浩大,3.914286,1.245496,35
9048,哄动,3.580645,1.088552,31
9049,忽略,3.514286,1.197336,35
9050,嘉奖,2.914286,1.245496,35
9051,剪刀,1.457143,1.066684,35
9052,矫健,3.314286,1.131668,35
9053,锦囊,2.676471,1.342106,34
9054,景物,2.542857,1.010034,35
9055,迥异,3.848485,1.064225,33
9056,鞠躬,2.257143,1.268228,35
9057,开发,3.714286,1.100038,35
9058,客观,4.0,1.057188,35
9059,老虎,1.285714,0.75035,35
9060,老实,3.6,0.976187,35
9061,理论,3.676471,1.006662,34
9062,连接,3.114286,1.105373,35
9063,凉亭,1.676471,0.944541,34
9064,猎人,1.485714,0.781079,35
9065,留级,2.428571,1.170362,35
9066,楼房,1.514286,0.612201,35
9067,麻疹,1.727273,0.839372,33
9068,马夫,1.735294,0.99419,34
9069,卖艺,2.735294,1.109431,34
9070,毛巾,1.314286,0.676123,35
9071,懵懂,4.0,0.887625,34
9072,名义,3.911765,1.239933,34
9073,拟定,3.828571,1.224402,35
9074,牛郎,2.272727,1.329303,33
9075,牛乳,1.485714,0.817868,35
9076,拍手,1.6,0.811679,35
9077,袍子,1.914286,1.094678,35
9078,赔罪,3.171429,1.248192,35
9079,盆栽,1.742857,0.91853,35
9080,批发,2.742857,1.291211,35
9081,批准,3.114286,1.300937,35
9082,票价,2.285714,1.072968,35
9083,平反,3.411765,1.183668,34
9084,期刊,2.228571,1.113704,35
9085,旗帜,1.705882,0.759961,34
9086,起伏,3.6,1.034692,35
9087,怯场,3.4,1.034692,35
9088,拳法,2.393939,1.058873,33
9089,人像,2.057143,1.027357,35
9090,丧假,2.69697,1.31065,33
9091,森林,1.6,0.811679,35
9092,沙发,1.4,0.650791,35
9093,释义,3.714286,1.072968,35
9094,受制,3.742857,1.09391,35
9095,水产,2.228571,1.086974,35
9096,水缸,1.4,0.603909,35
9097,死党,2.657143,1.186762,35
9098,随便,3.885714,0.963188,35
9099,胎儿,1.8,1.106133,35
9100,题材,3.142857,1.353489,35
9101,天窗,1.84375,0.954087,32
9102,同学,1.885714,1.022437,35
9103,头目,2.285714,1.100038,35
9104,投胎,3.5,1.522558,34
9105,团圆,3.114286,1.207122,35
9106,推崇,3.735294,1.262725,34
9107,推荐,2.971429,1.294461,35
9108,完整,2.914286,1.482673,35
9109,顽强,3.685714,1.207122,35
9110,宛如,3.942857,1.235334,35
9111,威胁,3.457143,1.196634,35
9112,唯一,3.088235,1.378793,34
9113,猥琐,3.558824,1.049998,34
9114,唏嘘,3.6875,0.997982,32
9115,奚落,3.676471,1.065167,34
9116,瞎说,3.428571,1.35659,35
9117,心脏,1.657143,1.083102,35
9118,兴旺,3.470588,0.991946,34
9119,幸福,3.457143,1.313792,35
9120,遗失,2.885714,1.131668,35
9121,印堂,2.4,1.241441,35
9122,庸俗,3.735294,1.136417,34
9123,鱼鳞,1.628571,1.214755,35
9124,逾期,3.085714,1.40108,35
9125,杂食,2.514286,1.121224,35
9126,债主,2.0,1.028992,35
9127,毡帽,1.606061,0.998104,33
9128,蒸发,3.285714,1.296407,35
9129,正派,3.257143,1.010034,35
9130,证人,1.942857,1.109925,35
9131,朱红,2.424242,1.275498,33
9132,主管,2.142857,1.033067,35
9133,住口,2.823529,1.381053,34
9134,自主,3.176471,1.402824,34
9135,奏效,3.371429,1.330319,35
9136,祖传,3.057143,1.282068,35
9137,安顿,2.633333,0.964305,30
9138,报失,3.0,1.069045,29
9139,必败,2.3,1.118805,30
9140,标题,1.566667,0.678911,30
9141,表弟,1.233333,0.430183,30
9142,并肩,2.533333,0.973204,30
9143,病人,1.5,0.682288,30
9144,菜谱,1.533333,0.819307,30
9145,禅修,3.448276,1.212618,29
9146,厂长,1.466667,0.681445,30
9147,抄袭,2.241379,1.12298,29
9148,带病,2.448276,0.869573,29
9149,待定,3.3,1.149213,30
9150,弹簧,1.448276,0.685889,29
9151,倒叙,2.833333,1.019917,30
9152,灯笼,1.333333,0.802296,30
9153,钓竿,1.4,0.563242,30
9154,动情,3.533333,1.136642,30
9155,度假,2.0,1.017095,30
9156,对白,2.1,0.711967,30
9157,干果,1.633333,0.927857,30
9158,供求,2.689655,1.003688,29
9159,构造,2.8,1.030567,30
9160,估算,3.3,0.952311,30
9161,故障,2.3,0.952311,30
9162,瓜果,1.533333,0.571346,30
9163,关于,3.464286,1.035737,28
9164,规划,3.033333,1.188547,30
9165,鬼魂,3.571429,1.525792,28
9166,黑手,3.482759,1.153278,29
9167,浑身,2.666667,0.884087,30
9168,基因,2.533333,1.306043,30
9169,既然,3.62069,0.941647,29
9170,礁石,1.633333,0.927857,30
9171,解释,2.866667,1.008014,30
9172,经过,3.206897,0.861034,29
9173,君子,2.821429,1.123934,28
9174,开始,2.433333,1.072648,30
9175,慷慨,2.833333,1.019917,30
9176,烤鸭,1.3,0.466092,30
9177,瞌睡,2.133333,0.973204,30
9178,苦海,3.9,1.061879,30
9179,阔别,3.366667,0.927857,30
9180,累及,3.826087,0.936734,23
9181,利刃,2.62069,1.082781,29
9182,撩乱,3.52,0.918332,25
9183,燎原,3.633333,0.964305,30
9184,领导,1.793103,0.861034,29
9185,骡子,1.5,0.776819,30
9186,麦芽,1.466667,0.507416,30
9187,脉冲,3.103448,1.046928,29
9188,美军,1.766667,0.626062,30
9189,迷路,2.033333,0.999425,30
9190,魔术,2.3,1.207734,30
9191,泥浆,1.566667,0.678911,30
9192,年假,1.724138,0.751026,29
9193,宁可,3.666667,1.028334,30
9194,奴役,2.833333,1.147211,30
9195,讴歌,3.233333,1.278019,30
9196,攀登,1.933333,0.639684,30
9197,配给,3.413793,0.907006,29
9198,癖好,2.733333,0.907187,30
9199,旗袍,1.3,0.466092,30
9200,汽水,1.333333,0.546672,30
9201,亲情,2.733333,1.311312,30
9202,亲热,2.9,1.241523,30
9203,仁慈,3.166667,1.176885,30
9204,砂糖,1.433333,0.504007,30
9205,商人,1.766667,0.85836,30
9206,盛事,3.0,1.114172,30
9207,饰物,1.966667,0.808717,30
9208,释放,3.366667,1.159171,30
9209,首脑,2.103448,0.900192,29
9210,顺从,3.1,1.09387,30
9211,司令,1.433333,0.568321,30
9212,袒护,3.0,1.114172,30
9213,提前,2.586207,0.945563,29
9214,体魄,2.666667,1.184187,30
9215,田螺,1.333333,0.479463,30
9216,通宵,1.866667,0.899553,30
9217,同伴,1.862069,0.580895,29
9218,偷窃,1.833333,0.833908,30
9219,投入,3.033333,1.098065,30
9220,蛙人,2.461538,1.272188,26
9221,外传,3.357143,1.223664,28
9222,蟋蟀,1.3,0.534983,30
9223,洗尘,3.266667,1.229896,30
9224,洗礼,3.551724,1.1828,29
9225,险阻,3.206897,1.176536,29
9226,现役,2.5,1.074789,30
9227,向往,3.3,1.149213,30
9228,蝎子,1.266667,0.52083,30
9229,信赖,3.1,1.268994,30
9230,悬殊,3.633333,1.0662,30
9231,旋律,3.0,1.253566,29
9232,哑巴,1.466667,0.571346,30
9233,颜色,1.793103,0.818505,29
9234,遥望,3.233333,1.194335,30
9235,咬牙,1.896552,0.939028,29
9236,倚重,3.310345,1.072495,29
9237,阴沉,3.4,0.932183,30
9238,泳池,1.433333,0.568321,30
9239,用处,2.793103,1.206509,29
9240,用功,2.931034,1.131719,29
9241,用刑,2.366667,1.033352,30
9242,邮差,1.5,0.682288,30
9243,圆梦,3.068966,1.099709,29
9244,月食,1.566667,0.8172,30
9245,运转,3.034483,1.017095,29
9246,葬礼,1.733333,0.691492,30
9247,粘膜,2.5,0.900192,30
9248,占卜,2.827586,1.338148,29
9249,榛子,1.566667,0.773854,30
9250,阵风,2.62069,1.014671,29
9251,正常,2.862069,1.156477,29
9252,证件,1.466667,0.507416,30
9253,症状,2.4,0.813676,30
9254,止咳,2.0,0.982607,30
9255,纸袋,1.533333,0.776079,30
9256,重逢,2.966667,1.299425,30
9257,周围,2.866667,1.074255,30
9258,紫色,1.333333,0.546672,30
9259,左侧,1.7,0.749713,30
9260,作息,2.366667,1.0662,30
9261,版权,2.666667,1.212957,30
9262,半空,3.1,1.184672,30
9263,包办,3.034483,1.179672,29
9264,参拜,2.655172,1.110851,29
9265,沧海,3.333333,1.347625,30
9266,草药,1.866667,0.681445,30
9267,草纸,1.733333,0.827682,30
9268,嘲笑,2.933333,1.33735,30
9269,成分,2.766667,1.278019,30
9270,承受,3.241379,1.243703,29
9271,出现,2.896552,1.205488,29
9272,厨师,1.3,0.466092,30
9273,打赌,2.766667,1.194335,30
9274,捣乱,2.866667,1.195778,30
9275,到期,2.6,1.191927,30
9276,抵押,2.533333,1.279368,30
9277,地利,3.392857,1.196887,28
9278,帝王,1.633333,0.889918,30
9279,典范,3.1,1.241523,30
9280,丢脸,3.1,1.155198,30
9281,反叛,3.133333,1.136642,30
9282,犯法,2.066667,1.014833,30
9283,服役,2.3,1.149213,30
9284,妇女,1.433333,0.568321,30
9285,高中,1.5,0.572351,30
9286,耿直,3.233333,1.135124,30
9287,勾引,3.035714,1.2013,28
9288,古语,2.733333,1.080655,30
9289,顾念,3.607143,1.100144,28
9290,拐卖,2.2,1.063501,30
9291,观众,1.6,0.968468,30
9292,光年,2.333333,1.321789,30
9293,果酱,1.6,0.621455,30
9294,海啸,1.666667,0.711159,30
9295,合力,3.3,1.149213,30
9296,虹吸,3.04,1.206924,25
9297,后裔,2.266667,0.907187,30
9298,悔改,2.9,1.061879,30
9299,火箭,1.466667,0.62881,30
9300,激流,2.866667,1.195778,30
9301,急躁,2.933333,1.142693,30
9302,假说,3.533333,1.105888,30
9303,奸夫,1.9,0.758856,30
9304,借贷,2.4,1.220514,30
9305,筋斗,2.866667,1.306043,30
9306,筋骨,1.966667,0.850287,30
9307,井水,1.366667,0.556053,30
9308,眷顾,3.172414,1.197288,29
9309,决意,3.6,1.132589,30
9310,勘探,2.6,1.101723,30
9311,可贵,3.366667,1.217214,30
9312,累积,3.033333,1.159171,30
9313,理性,3.333333,1.295439,30
9314,连长,1.533333,0.730297,30
9315,莲花,1.333333,0.844182,30
9316,量刑,2.62069,1.115277,29
9317,踉跄,3.366667,1.376736,30
9318,凌辱,3.133333,1.332183,30
9319,领地,2.1,0.922889,30
9320,留堂,2.692308,1.086986,26
9321,留心,3.0,1.144703,30
9322,论文,1.566667,0.678911,30
9323,盲肠,1.6,0.855006,30
9324,盟军,2.166667,0.698932,30
9325,猛烈,3.266667,1.112107,30
9326,秘密,2.827586,1.364576,29
9327,排泄,1.857143,0.803432,28
9328,批斗,2.433333,0.897634,30
9329,拼图,1.862069,0.87522,29
9330,凭空,3.766667,0.971431,30
9331,歧视,3.2,1.297212,30
9332,启事,2.724138,0.959782,29
9333,起诉,2.5,1.106408,30
9334,器材,1.533333,0.681445,30
9335,擒拿,2.4,1.069966,30
9336,青松,1.689655,0.712313,29
9337,求职,1.966667,0.964305,30
9338,圈套,2.766667,1.250747,30
9339,全盛,3.482759,0.98636,29
9340,全新,2.592593,1.248361,27
9341,群岛,1.933333,0.980265,30
9342,韧带,1.8,0.761124,30
9343,少林,1.740741,0.813,27
9344,声浪,2.758621,1.057462,29
9345,诗歌,1.833333,0.985527,30
9346,手指,1.4,0.563242,30
9347,熟悉,3.137931,1.125171,29
9348,搜集,2.966667,1.159171,30
9349,太平,3.321429,1.188013,28
9350,糖水,1.5,0.731083,30
9351,天空,1.433333,0.727932,30
9352,透视,2.724138,1.192133,29
9353,挽救,2.9,1.295882,30
9354,闻名,3.344828,1.261401,29
9355,诬蔑,3.166667,1.315251,30
9356,无害,2.9,1.213431,30
9357,细则,2.8,1.242911,30
9358,限额,2.551724,1.241721,29
9359,骁勇,3.6,1.132589,30
9360,笑话,2.275862,1.098588,29
9361,鞋带,1.3,0.466092,30
9362,星期,2.233333,1.006302,30
9363,腥臭,2.4,1.003442,30
9364,雄狮,1.533333,0.860366,30
9365,修正,3.137931,1.186957,29
9366,宣泄,3.25,1.174576,28
9367,亚洲,1.6,0.770132,30
9368,艳阳,2.333333,1.184187,30
9369,样板,2.333333,0.844182,30
9370,窈窕,3.7,0.987857,30
9371,医生,1.366667,0.556053,30
9372,佚名,2.931034,1.131719,29
9373,引擎,2.034483,0.981353,29
9374,召集,2.733333,1.112107,30
9375,召募,2.896552,1.175489,29
9376,真相,2.827586,1.136064,29
9377,镇静,3.133333,1.195778,30
9378,芝士,1.633333,0.76489,30
9379,痔疮,1.466667,0.507416,30
9380,中午,1.966667,1.0662,30
9381,重压,3.133333,1.074255,30
9382,子孙,1.9,0.844863,30
9383,租约,2.482759,1.056297,29
9384,摆设,2.84,1.178983,25
9385,比例,2.423077,1.205755,26
9386,贬值,2.84,1.143095,25
9387,步兵,1.44,0.650641,25
9388,部门,2.307692,1.086986,26
9389,嘈杂,2.84,0.898146,25
9390,草木,2.076923,1.262476,26
9391,差别,3.538462,1.207668,26
9392,畅快,3.307692,1.123182,26
9393,畅谈,2.961538,1.248384,26
9394,朝廷,2.24,0.879394,25
9395,称职,3.076923,1.230385,26
9396,丞相,1.6,0.57735,25
9397,筹码,2.769231,1.242826,26
9398,储物,2.346154,1.16421,26
9399,触手,2.84,1.374773,25
9400,雌性,1.615385,0.852147,26
9401,窜改,3.230769,1.069867,26
9402,担架,1.346154,0.561591,26
9403,法文,2.115385,1.107318,26
9404,翻版,2.846154,1.007663,26
9405,反胃,2.346154,1.129329,26
9406,飞禽,2.076923,1.197433,26
9407,分期,2.307692,1.010712,26
9408,奋战,3.423077,0.902134,26
9409,糕点,1.384615,0.637302,26
9410,共振,3.44,1.193035,25
9411,雇员,1.692308,0.735893,26
9412,皈依,3.782609,0.998022,23
9413,海报,1.692308,0.679366,26
9414,汗水,1.576923,0.808608,26
9415,豪门,3.038462,1.112862,26
9416,花招,3.730769,1.150919,26
9417,划船,1.461538,0.760567,26
9418,环抱,2.346154,1.017539,26
9419,浣熊,1.538462,1.207668,26
9420,慌忙,3.115385,1.210848,26
9421,会谈,2.692308,1.158248,26
9422,火鸡,1.576923,0.757526,26
9423,鸡蛋,1.038462,0.196116,26
9424,集团,2.692308,1.192283,26
9425,剂量,3.115385,1.336471,26
9426,检点,3.64,1.150362,25
9427,降级,2.307692,1.049542,26
9428,觉得,4.041667,1.082636,24
9429,街灯,1.538462,0.811456,26
9430,街坊,1.961538,0.823688,26
9431,节哀,3.08,1.411855,25
9432,解放,3.230769,1.106623,26
9433,精力,3.384615,1.267341,26
9434,警察,1.192308,0.401918,26
9435,考虑,3.48,1.194432,25
9436,口音,2.576923,1.101747,26
9437,懒虫,3.076923,1.324329,26
9438,劳动,2.423077,1.101747,26
9439,历史,2.807692,1.32723,26
9440,笼络,3.64,0.95219,25
9441,楼价,2.576923,1.137474,26
9442,旅馆,1.5,0.860233,26
9443,毛发,1.461538,0.760567,26
9444,梦游,3.038462,1.341067,26
9445,绵延,3.76,1.090871,25
9446,霓虹,2.846154,1.189699,26
9447,炮制,3.583333,0.974308,24
9448,旗舰,2.875,1.115601,24
9449,亲属,1.615385,0.571099,26
9450,清理,2.653846,1.056118,26
9451,琼浆,3.173913,1.23038,23
9452,润饰,3.789474,1.272746,19
9453,杀价,3.423077,1.064822,26
9454,傻瓜,2.807692,1.386196,26
9455,神童,2.807692,1.296741,26
9456,渗透,3.461538,1.103839,26
9457,手艺,3.0,1.131371,26
9458,守信,2.653846,0.891843,26
9459,属于,3.521739,1.274561,23
9460,署名,2.192308,1.132051,26
9461,怂恿,3.692308,1.257592,26
9462,俗语,2.88,1.16619,25
9463,损害,2.961538,1.182566,26
9464,损伤,2.5,1.067708,26
9465,所属,3.625,1.095941,24
9466,铜牌,1.384615,0.496139,26
9467,统一,3.0,1.296148,26
9468,图腾,3.08,1.28841,25
9469,兔子,1.038462,0.196116,26
9470,王子,2.192308,1.265519,26
9471,威势,3.692308,1.010712,26
9472,维和,3.346154,1.056118,26
9473,畏缩,3.538462,1.066987,26
9474,污染,2.538462,1.174079,26
9475,仙鹤,2.307692,1.490483,26
9476,娴熟,3.423077,1.205755,26
9477,厢房,1.84,0.986577,25
9478,笑容,2.0,1.232883,26
9479,效力,3.269231,1.185165,26
9480,薪火,3.521739,0.947224,23
9481,幸运,3.923077,1.262476,26
9482,宣判,2.461538,0.859338,26
9483,压抑,3.538462,1.139501,26
9484,阉割,2.4,0.957427,25
9485,眼光,3.423077,1.205755,26
9486,谚语,2.68,1.069268,25
9487,议论,2.884615,0.90893,26
9488,银杏,1.192308,0.401918,26
9489,拥抱,1.730769,0.724303,26
9490,诱因,3.730769,1.115623,26
9491,冤情,3.115385,1.107318,26
9492,允诺,3.346154,1.056118,26
9493,诈骗,2.884615,0.816182,26
9494,照顾,2.923077,1.163549,26
9495,照耀,3.16,1.178983,25
9496,着数,3.6,1.095445,20
9497,贞洁,3.32,1.345362,25
9498,政治,3.038462,1.341067,26
9499,质询,3.12,0.881287,25
9500,逐渐,3.461538,0.947872,26
9501,主持,2.269231,1.041449,26
9502,撞倒,1.807692,0.567044,26
9503,资金,1.653846,0.745241,26
9504,字数,1.384615,0.752432,26
9505,踪迹,2.769231,1.106623,26
9506,尊崇,3.730769,0.91903,26
9507,座垫,1.24,0.43589,25
9508,按照,3.307692,1.378963,26
9509,版画,2.038462,0.823688,26
9510,别致,3.653846,1.056118,26
9511,部署,2.846154,1.155588,26
9512,参照,3.192308,1.233507,26
9513,惨剧,2.884615,1.107318,26
9514,草图,2.230769,0.992278,26
9515,车身,1.5,0.648074,26
9516,赤贫,3.409091,0.959121,22
9517,冲击,3.384615,1.168826,26
9518,存亡,3.0,1.264911,26
9519,打闹,2.5,1.208305,26
9520,当家,2.730769,1.218448,26
9521,得失,3.115385,1.243444,26
9522,登场,2.36,0.95219,25
9523,等于,2.269231,1.457606,26
9524,缔结,3.272727,1.202451,22
9525,电动,2.384615,1.134087,26
9526,电子,2.230769,1.142198,26
9527,动听,3.615385,0.982931,26
9528,独立,3.192308,1.16685,26
9529,珐琅,2.368421,1.211543,19
9530,凡事,3.44,1.325393,25
9531,方可,3.454545,1.184313,22
9532,风流,3.730769,1.115623,26
9533,伏笔,3.423077,1.238485,26
9534,负数,2.0,0.8,26
9535,富豪,2.615385,1.168826,26
9536,攻陷,3.038462,1.21592,26
9537,共鸣,3.52,1.194432,25
9538,沟渠,2.28,1.30767,25
9539,观念,3.769231,1.210213,26
9540,管工,2.48,1.228821,25
9541,管状,2.384615,0.941357,26
9542,贯彻,3.4,1.080123,25
9543,汉字,1.384615,0.852147,26
9544,行程,2.346154,0.891843,26
9545,豪华,3.08,1.037625,25
9546,浩荡,3.346154,1.129329,26
9547,合谋,3.307692,1.123182,26
9548,恒久,3.72,1.021437,25
9549,横财,2.666667,1.239448,24
9550,轰炸,2.115385,0.863802,26
9551,呼吸,1.961538,1.148243,26
9552,黄金,1.2,0.408248,25
9553,绘图,1.769231,0.862911,26
9554,集会,2.307692,1.010712,26
9555,挟持,2.84,1.247664,25
9556,坚毅,3.576923,1.064822,26
9557,缄默,3.26087,0.915393,23
9558,简直,3.625,1.172604,24
9559,骄傲,3.153846,1.222859,26
9560,皎洁,3.269231,1.115623,26
9561,脚跟,1.653846,0.891843,26
9562,较量,3.423077,1.02657,26
9563,今生,3.0,1.414214,26
9564,谨慎,3.038462,1.182566,26
9565,酒吧,1.28,0.458258,25
9566,考究,3.230769,1.069867,26
9567,夸口,3.5,0.989949,26
9568,冷汗,2.307692,1.289007,26
9569,例外,2.84,1.280625,25
9570,聆听,2.807692,1.132051,26
9571,笼子,1.384615,0.752432,26
9572,录取,1.807692,0.800961,26
9573,路障,2.038462,1.248384,26
9574,马甲,2.038462,1.03849,26
9575,面善,3.307692,1.257592,26
9576,摸黑,2.961538,1.148243,26
9577,牟利,3.041667,1.160179,24
9578,跑腿,2.653846,1.263085,26
9579,撇下,2.96,1.059874,25
9580,平价,3.0,1.232883,26
9581,仆人,1.461538,0.646886,26
9582,蒲扇,1.384615,0.752432,26
9583,其实,3.625,1.172604,24
9584,其他,3.772727,1.231794,22
9585,弃权,2.615385,1.267341,26
9586,千万,3.6,1.322876,25
9587,前奏,2.52,1.084743,25
9588,墙纸,1.5,0.583095,26
9589,腮腺,2.16,1.545962,25
9590,山谷,1.576923,0.986836,26
9591,蛇头,2.153846,1.189699,26
9592,胜利,2.807692,1.386196,26
9593,盛怒,3.16,1.143095,25
9594,世代,3.423077,0.902134,26
9595,市郊,2.115385,1.107318,26
9596,收市,2.636364,1.17698,22
9597,受苦,3.346154,1.129329,26
9598,数学,2.076923,1.163549,26
9599,衰弱,3.461538,1.103839,26
9600,寺庙,1.230769,0.429669,26
9601,滩头,2.12,1.201388,25
9602,探索,3.576923,1.270372,26
9603,通商,2.791667,1.102533,24
9604,投靠,2.961538,1.148243,26
9605,喜剧,2.230769,0.951113,26
9606,喜帖,1.576923,0.808608,26
9607,细心,3.4,1.154701,25
9608,享乐,3.423077,1.238485,26
9609,象牙,1.269231,0.533494,26
9610,续借,3.12,1.201388,25
9611,选手,1.68,0.748331,25
9612,学问,3.461538,1.139501,26
9613,移民,1.884615,0.765607,26
9614,应用,3.0,1.058301,26
9615,用力,2.769231,1.242826,26
9616,由衷,3.615385,1.134087,26
9617,渔民,1.461538,0.706018,26
9618,语言,2.192308,1.32723,26
9619,缘起,3.68,1.029563,25
9620,源头,2.884615,0.951921,26
9621,粤语,1.730769,0.91903,26
9622,遭受,3.384615,1.134087,26
9623,展望,3.615385,1.29852,26
9624,照着,3.4,1.080123,25
9625,枕头,1.269231,0.666795,26
9626,只好,3.625,1.209114,24
9627,直视,2.576923,1.02657,26
9628,制衡,3.36,1.18603,25
9629,制作,2.461538,1.066987,26
9630,坐镇,3.115385,1.17735,26
9631,报刊,1.821429,0.862965,28
9632,鲍鱼,1.321429,0.818923,28
9633,辩护,3.407407,0.747265,27
9634,病症,3.035714,1.2013,28
9635,博物,3.692308,1.192283,26
9636,布局,3.464286,1.170063,28
9637,茶点,2.0,0.902671,28
9638,常理,3.607143,0.785955,28
9639,车牌,1.464286,0.744468,28
9640,车胎,1.107143,0.41627,28
9641,成就,3.642857,0.989361,28
9642,处理,3.392857,0.875142,28
9643,垂钓,1.928571,0.716399,28
9644,搭救,2.642857,0.731021,28
9645,捣碎,2.321429,0.944911,28
9646,道士,1.642857,0.911421,28
9647,德文,2.142857,1.380131,28
9648,低迷,3.357143,0.82616,28
9649,电力,2.333333,0.83205,27
9650,刁民,2.5,1.071517,28
9651,冬瓜,1.107143,0.41627,28
9652,动向,3.807692,0.69393,26
9653,豆浆,1.25,0.645497,28
9654,对联,1.892857,0.956045,28
9655,扼要,3.592593,0.930643,27
9656,凡间,3.36,1.150362,25
9657,非议,3.62963,0.791695,27
9658,分享,3.142857,0.931518,28
9659,辅导,3.071429,0.978607,28
9660,复古,3.678571,1.123934,28
9661,复习,2.821429,1.020297,28
9662,感想,4.107143,0.685257,28
9663,干脆,3.111111,1.120897,27
9664,格式,3.0,1.074172,27
9665,个人,2.518519,1.122167,27
9666,根部,2.407407,1.152231,27
9667,公牛,1.703704,1.067521,27
9668,购物,2.035714,0.792658,28
9669,顾主,2.407407,1.217161,27
9670,冠军,1.785714,0.917208,28
9671,孩童,1.678571,0.818923,28
9672,和尚,1.392857,0.497347,28
9673,画风,4.214286,0.786796,28
9674,画家,1.892857,0.831745,28
9675,怀疑,3.428571,1.069045,28
9676,皇宫,1.857143,0.848279,28
9677,积怨,3.5,1.0,28
9678,基调,4.142857,0.890871,28
9679,煎熬,3.464286,0.881167,28
9680,见鬼,3.8,1.224745,25
9681,焦急,3.178571,1.123934,28
9682,叫骂,2.407407,1.009922,27
9683,叫声,2.25,1.142609,28
9684,酒杯,1.428571,0.835711,28
9685,旧式,3.37037,0.966681,27
9686,救济,3.107143,1.030616,28
9687,竣工,2.37037,1.043225,27
9688,开端,2.925926,0.997147,27
9689,刊登,2.642857,0.678467,28
9690,可是,3.666667,0.966092,21
9691,可喜,3.148148,1.09908,27
9692,库房,1.678571,0.772374,28
9693,魁梧,2.777778,1.250641,27
9694,褴褛,3.185185,1.075498,27
9695,乐意,3.142857,1.007905,28
9696,劣等,3.5,0.860233,26
9697,毛毯,1.428571,0.790151,28
9698,美元,1.571429,0.997351,28
9699,魅力,3.814815,1.075498,27
9700,名额,2.535714,1.104943,28
9701,明君,2.846154,1.155588,26
9702,冥想,3.928571,0.939999,28
9703,摹仿,2.892857,0.99403,28
9704,母婴,2.0,0.902671,28
9705,怒火,3.285714,1.049061,28
9706,配角,2.75,0.96705,28
9707,翩翩,4.166667,1.00722,24
9708,气温,2.428571,1.317365,28
9709,契约,2.571429,0.997351,28
9710,前瞻,3.692308,0.928191,26
9711,抢先,3.178571,0.944911,28
9712,窃贼,1.642857,0.780042,28
9713,缺口,2.892857,1.227442,28
9714,日用,2.777778,1.120897,27
9715,沙包,1.888889,0.9337,27
9716,山峰,1.678571,0.772374,28
9717,伤疤,1.75,0.844371,28
9718,上网,2.25,0.96705,28
9719,上周,1.928571,0.857584,28
9720,舌战,2.962963,0.939782,27
9721,身材,2.321429,1.188013,28
9722,实际,3.043478,0.877924,23
9723,世纪,2.777778,1.395965,27
9724,手记,2.5,1.105542,28
9725,肃穆,3.740741,0.902671,27
9726,贪婪,3.222222,1.086042,27
9727,坦诚,3.666667,0.919866,27
9728,坦率,3.222222,1.012739,27
9729,提议,2.925926,0.957799,27
9730,统治,3.111111,0.9337,27
9731,推广,2.740741,0.944319,27
9732,脱发,1.571429,0.634126,28
9733,舞伴,1.75,0.96705,28
9734,雾气,2.392857,1.257254,28
9735,喜爱,3.0,1.247219,28
9736,限界,3.592593,1.009922,27
9737,穴居,2.407407,0.843949,27
9738,盐矿,1.592593,1.009922,27
9739,要紧,3.518519,1.014145,27
9740,异端,3.56,0.916515,25
9741,易经,2.259259,1.318291,27
9742,音叉,2.75,1.390965,24
9743,影片,2.178571,1.055973,28
9744,有福,3.821429,1.020297,28
9745,元音,2.68,1.345362,25
9746,院长,1.678571,0.818923,28
9747,震荡,2.962963,1.091276,27
9748,正数,2.444444,1.154701,27
9749,指甲,1.5,0.745356,28
9750,侏儒,2.214286,0.875897,28
9751,主导,3.535714,1.035737,28
9752,转让,2.892857,0.956045,28
9753,自古,3.518519,1.087353,27
9754,祖父,1.357143,0.558721,28
9755,巴士,1.357143,0.678467,28
9756,保释,2.928571,0.978607,28
9757,报恩,3.214286,1.133893,28
9758,奔走,2.785714,0.875897,28
9759,臂膀,1.769231,0.908083,26
9760,不过,3.956522,1.106931,23
9761,部落,2.178571,0.772374,28
9762,财富,3.111111,1.154701,27
9763,豺狼,2.074074,0.957799,27
9764,衬衫,1.357143,0.558721,28
9765,城堡,1.678571,0.772374,28
9766,创造,3.75,0.927961,28
9767,匆忙,3.464286,0.922241,28
9768,篡改,3.148148,1.06351,27
9769,大忌,3.851852,0.818239,27
9770,带领,3.071429,1.152407,28
9771,抵偿,3.222222,0.800641,27
9772,店员,1.703704,0.91209,27
9773,独占,2.923077,1.163549,26
9774,翻越,3.148148,0.907393,27
9775,泛滥,3.481481,0.893152,27
9776,翡翠,1.642857,1.161553,28
9777,分隔,2.888889,0.9337,27
9778,负心,3.653846,0.79711,26
9779,负重,2.857143,0.890871,28
9780,高升,3.037037,1.091276,27
9781,搁浅,3.25,1.004619,28
9782,古怪,3.821429,1.020297,28
9783,骨骼,1.592593,0.500712,27
9784,海鸥,1.392857,0.956045,28
9785,旱季,2.75,1.205696,28
9786,行骗,3.0,1.186342,28
9787,护理,2.75,1.075829,28
9788,滑雪,1.857143,0.848279,28
9789,化学,2.607143,1.227442,28
9790,昏庸,3.333333,0.960769,27
9791,见状,3.727273,1.120451,22
9792,降临,3.321429,1.156418,28
9793,交际,3.074074,0.916764,27
9794,胶水,1.714286,1.049061,28
9795,接见,2.857143,1.044005,28
9796,姐弟,1.5,0.83887,28
9797,进入,2.88,1.013246,25
9798,浸水,2.678571,1.055973,28
9799,惊讶,3.214286,1.1661,28
9800,精美,3.535714,0.999338,28
9801,敬爱,3.357143,1.061595,28
9802,纠结,3.714286,1.212806,28
9803,劳损,3.518519,1.087353,27
9804,联欢,2.76,1.234234,25
9805,灵柩,2.185185,1.210119,27
9806,美容,2.75,1.040833,28
9807,迷信,3.5,1.170628,28
9808,偶像,2.62963,1.181529,27
9809,缥缈,3.925926,0.957799,27
9810,破碎,2.964286,1.104943,28
9811,洽谈,3.142857,0.931518,28
9812,切合,3.76,0.925563,25
9813,请教,3.0,1.088662,28
9814,曲谱,1.928571,1.152407,28
9815,日报,1.740741,0.813,27
9816,柔和,3.357143,1.061595,28
9817,塞车,1.928571,0.899735,28
9818,煞车,2.52381,1.327368,21
9819,闪电,1.535714,0.637248,28
9820,上天,3.52,1.122497,25
9821,设施,2.5,1.105542,28
9822,师团,2.32,1.180395,25
9823,蚀刻,3.25,1.073394,24
9824,使徒,2.869565,1.140349,23
9825,士气,3.714286,1.117442,28
9826,嗜好,3.25,1.075829,28
9827,授课,2.214286,0.917208,28
9828,梳妆,2.5,0.922958,28
9829,舒服,3.535714,0.999338,28
9830,疏通,3.153846,1.007663,26
9831,双人,1.964286,0.744468,28
9832,税金,1.964286,1.035737,28
9833,堂会,2.481481,1.282137,27
9834,天边,3.296296,1.436203,27
9835,田园,2.214286,0.875897,28
9836,铁汉,2.703704,1.234592,27
9837,童年,2.392857,1.13331,28
9838,统领,2.703704,1.030863,27
9839,瓦片,1.392857,0.685257,28
9840,外号,2.666667,1.074172,27
9841,顽固,3.607143,0.785955,28
9842,万民,3.2,0.951453,20
9843,旺季,3.321429,1.123934,28
9844,萎缩,3.115385,0.816182,26
9845,温馨,3.642857,0.989361,28
9846,稳定,3.25,0.96705,28
9847,无常,3.583333,1.059806,24
9848,舞弊,3.148148,1.09908,27
9849,夕阳,2.222222,1.187542,27
9850,闲谈,2.785714,0.994695,28
9851,消费,2.785714,1.066567,28
9852,消失,3.142857,1.078898,28
9853,晓得,3.37037,1.005682,27
9854,效忠,3.259259,1.022538,27
9855,撷取,3.148148,0.907393,27
9856,欣赏,3.222222,0.974022,27
9857,凶手,1.821429,0.818923,28
9858,兄弟,1.571429,0.741798,28
9859,燕子,1.37037,0.883531,27
9860,业主,1.964286,1.035737,28
9861,姨妈,1.692308,1.010712,26
9862,引入,3.384615,1.022817,26
9863,硬盘,1.535714,0.792658,28
9864,浴室,1.321429,0.547964,28
9865,预计,3.5,0.881917,28
9866,院校,1.928571,0.939999,28
9867,宅门,1.851852,0.988538,27
9868,珍珠,1.321429,0.722832,28
9869,争取,3.25,0.96705,28
9870,制度,2.714286,1.212806,28
9871,智慧,3.892857,0.875142,28
9872,朱砂,1.740741,0.902671,27
9873,状告,2.928571,1.05158,28
9874,准将,2.714286,1.383577,21
9875,自此,3.44,0.869866,25
9876,粽子,1.464286,1.035737,28
9877,嘴脸,2.518519,1.311792,27
